topic,term1,term2,score,relatedness_level,predicted_similarity,model_name
blasphemy should be criminalized,anders fogh rasmussen,blasphemy,0.1,low,0.07852139323949814,minilm
blasphemy should be criminalized,blasphemous libel,blasphemy,1.0,high,0.5725021362304688,minilm
blasphemy should be criminalized,blasphemous libel,combating defamation,0.8,high,0.4952503740787506,minilm
blasphemy should be criminalized,blasphemous libel,islamic conference,0.2,low,0.19017396867275238,minilm
blasphemy should be criminalized,blasphemous libel,islamic lawyers,0.3,low,0.23153004050254822,minilm
blasphemy should be criminalized,blasphemous libel,religious,0.9,high,0.25614747405052185,minilm
blasphemy should be criminalized,blasphemous libel,theo van gogh,0.2,low,0.17640262842178345,minilm
blasphemy should be criminalized,blasphemy,blasphemy,1.0,high,0.9999999403953552,minilm
blasphemy should be criminalized,blasphemy law,blasphemy,1.0,high,0.758979082107544,minilm
blasphemy should be criminalized,blasphemy law,incitement to hatred,0.7,high,0.3453911244869232,minilm
blasphemy should be criminalized,blasphemy law,muhammad cartoons,0.7,high,0.2238103598356247,minilm
blasphemy should be criminalized,blasphemy law,prophet mohammed,0.8,high,0.2022615373134613,minilm
blasphemy should be criminalized,blasphemy laws,blasphemy,1.0,high,0.7298426032066345,minilm
blasphemy should be criminalized,blasphemy laws,law offences,0.7,high,0.42964738607406616,minilm
blasphemy should be criminalized,blasphemy laws,theo van gogh,0.6,medium,0.11013494431972504,minilm
blasphemy should be criminalized,cartoonist,blasphemy,0.5,medium,0.08314329385757446,minilm
blasphemy should be criminalized,cartoonists,blasphemy,0.6,medium,0.08128105849027634,minilm
blasphemy should be criminalized,cartoons,blasphemy,0.3,low,0.18076848983764648,minilm
blasphemy should be criminalized,cartoons,insult the prophet,0.5,medium,0.21098993718624115,minilm
blasphemy should be criminalized,combating defamation,blasphemy,0.8,high,0.15112921595573425,minilm
blasphemy should be criminalized,common law offence,blasphemy,0.6,medium,0.14342588186264038,minilm
blasphemy should be criminalized,common law offence,freedom,0.1,low,0.22458672523498535,minilm
blasphemy should be criminalized,common law offence,racial and religious,0.4,medium,0.16804637014865875,minilm
blasphemy should be criminalized,common law offence,thomas aikenhead,0.2,low,0.009778790175914764,minilm
blasphemy should be criminalized,danish,blasphemy,0.1,low,0.2060646265745163,minilm
blasphemy should be criminalized,danish,cartoonist,0.6,medium,0.31930458545684814,minilm
blasphemy should be criminalized,danish,insult the prophet,0.4,medium,0.1377650648355484,minilm
blasphemy should be criminalized,death threats,blasphemy,0.2,low,0.1911698579788208,minilm
blasphemy should be criminalized,defamation of religion,blasphemy,1.0,high,0.2698521912097931,minilm
blasphemy should be criminalized,defamation of religion,incitement to hatred,0.8,high,0.42365705966949463,minilm
blasphemy should be criminalized,defamation of religion,insult the prophet,1.0,high,0.4522336721420288,minilm
blasphemy should be criminalized,defamation of religions,blasphemy,1.0,high,0.2573736906051636,minilm
blasphemy should be criminalized,defamation of religions,combating defamation,0.9,high,0.7658995389938354,minilm
blasphemy should be criminalized,defamation of religions,oic,0.3,low,0.07052136957645416,minilm
blasphemy should be criminalized,draw mohammed day,blasphemy,0.7,high,0.06215812265872955,minilm
blasphemy should be criminalized,dutch government,blasphemy,0.1,low,0.032399699091911316,minilm
blasphemy should be criminalized,editor,blasphemy,0.1,low,0.04291466251015663,minilm
blasphemy should be criminalized,facebook,blasphemy,0.1,low,0.15290844440460205,minilm
blasphemy should be criminalized,facebook,government of pakistan,0.0,low,0.21111705899238586,minilm
blasphemy should be criminalized,facebook,offence,0.0,low,0.1534658819437027,minilm
blasphemy should be criminalized,february,blasphemy,0.0,low,0.1370442658662796,minilm
blasphemy should be criminalized,film,anders fogh rasmussen,0.2,low,0.1590857356786728,minilm
blasphemy should be criminalized,film,blasphemy,0.2,low,0.1765700727701187,minilm
blasphemy should be criminalized,film,islamic lawyers,0.1,low,0.22344376146793365,minilm
blasphemy should be criminalized,film,muhammad cartoons,0.1,low,0.2843494713306427,minilm
blasphemy should be criminalized,film,thomas aikenhead,0.0,low,0.1902191936969757,minilm
blasphemy should be criminalized,free speech,blasphemy,1.0,high,0.1901388317346573,minilm
blasphemy should be criminalized,free speech,february,0.0,low,0.21707038581371307,minilm
blasphemy should be criminalized,freedom,blasphemy,0.5,medium,0.1593341827392578,minilm
blasphemy should be criminalized,freedom of expression,blasphemy,0.9,high,0.1104285940527916,minilm
blasphemy should be criminalized,freedom of expression,death threats,0.4,medium,0.25576189160346985,minilm
blasphemy should be criminalized,freedom of expression,incitement to hatred,0.9,high,0.3638189435005188,minilm
blasphemy should be criminalized,freedom of expression,law offences,0.3,low,0.3104720711708069,minilm
blasphemy should be criminalized,freedom of speech,blasphemy,0.9,high,0.1812523603439331,minilm
blasphemy should be criminalized,geert wilders,blasphemy,0.3,low,0.19326871633529663,minilm
blasphemy should be criminalized,geert wilders,law offences,0.2,low,0.22559617459774017,minilm
blasphemy should be criminalized,government of pakistan,blasphemy,0.2,low,0.07448212057352066,minilm
blasphemy should be criminalized,incitement to hatred,blasphemy,0.8,high,0.24968348443508148,minilm
blasphemy should be criminalized,insult the prophet,blasphemy,1.0,high,0.2068498581647873,minilm
blasphemy should be criminalized,insulting,blasphemy,0.9,high,0.259904682636261,minilm
blasphemy should be criminalized,islam,blasphemy,0.9,high,0.24084016680717468,minilm
blasphemy should be criminalized,islam,islamic conference,1.0,high,0.6670786738395691,minilm
blasphemy should be criminalized,islam,racial and religious,0.5,medium,0.5181238055229187,minilm
blasphemy should be criminalized,islamic conference,blasphemy,0.4,medium,0.12802442908287048,minilm
blasphemy should be criminalized,islamic lawyers,blasphemy,0.3,low,0.138169065117836,minilm
blasphemy should be criminalized,jyllands posten,anders fogh rasmussen,0.7,high,0.17924851179122925,minilm
blasphemy should be criminalized,jyllands posten,blasphemy,0.7,high,0.18362422287464142,minilm
blasphemy should be criminalized,jyllands posten,cartoonists,0.8,high,0.1779850870370865,minilm
blasphemy should be criminalized,jyllands posten,combating defamation,0.4,medium,0.0762019082903862,minilm
blasphemy should be criminalized,lahore high court,blasphemy,0.3,low,0.10120922327041626,minilm
blasphemy should be criminalized,law against blasphemy,blasphemy,1.0,high,0.7170294523239136,minilm
blasphemy should be criminalized,law offences,blasphemy,0.5,medium,0.196674644947052,minilm
blasphemy should be criminalized,mohammed,blasphemy,0.6,medium,0.20369113981723785,minilm
blasphemy should be criminalized,mohammed,freedom,0.0,low,0.2957055866718292,minilm
blasphemy should be criminalized,mohammed,government of pakistan,0.1,low,0.395082026720047,minilm
blasphemy should be criminalized,mohammed,insulting,0.2,low,0.2544657588005066,minilm
blasphemy should be criminalized,mohammed,prophet mohammed,1.0,high,0.9136319160461426,minilm
blasphemy should be criminalized,mohammed,theo van gogh,0.2,low,0.27520787715911865,minilm
blasphemy should be criminalized,molly norris,blasphemy,0.6,medium,0.20747476816177368,minilm
blasphemy should be criminalized,muhammad,blasphemy,0.6,medium,0.1668567806482315,minilm
blasphemy should be criminalized,muhammad,death threats,0.1,low,0.2136726826429367,minilm
blasphemy should be criminalized,muhammad,insulting,0.3,low,0.19793960452079773,minilm
blasphemy should be criminalized,muhammad,website,0.0,low,0.20204973220825195,minilm
blasphemy should be criminalized,muhammad cartoons,blasphemy,1.0,high,0.1827739030122757,minilm
blasphemy should be criminalized,muslim,blasphemy,0.7,high,0.26674994826316833,minilm
blasphemy should be criminalized,muslim,muhammad cartoons,1.0,high,0.5155476331710815,minilm
blasphemy should be criminalized,muslims,blasphemy,0.7,high,0.24699410796165466,minilm
blasphemy should be criminalized,muslims,religious,1.0,high,0.6565500497817993,minilm
blasphemy should be criminalized,newspaper jyllands posten,blasphemy,0.7,high,0.08746328204870224,minilm
blasphemy should be criminalized,offence,blasphemy,0.7,high,0.29690706729888916,minilm
blasphemy should be criminalized,oic,blasphemy,0.4,medium,0.051548298448324203,minilm
blasphemy should be criminalized,prophet mohammed,blasphemy,0.7,high,0.1600344032049179,minilm
blasphemy should be criminalized,prophet muhammad,blasphemy,0.8,high,0.1404498815536499,minilm
blasphemy should be criminalized,prophet muhammad,islamic conference,0.5,medium,0.5077431797981262,minilm
blasphemy should be criminalized,prophet muhammad,thomas aikenhead,0.3,low,0.23099520802497864,minilm
blasphemy should be criminalized,prosecution for blasphemy,blasphemy,1.0,high,0.6969431042671204,minilm
blasphemy should be criminalized,prosecution for blasphemy,dutch government,0.3,low,0.048368193209171295,minilm
blasphemy should be criminalized,prosecution for blasphemy,editor,0.0,low,0.005957986693829298,minilm
blasphemy should be criminalized,prosecution for blasphemy,insult the prophet,0.9,high,0.28532683849334717,minilm
blasphemy should be criminalized,prosecution for blasphemy,theo van gogh,0.5,medium,0.10103438049554825,minilm
blasphemy should be criminalized,prosecution for blasphemy,website,0.0,low,0.0571124330163002,minilm
blasphemy should be criminalized,protest movement,blasphemy,0.1,low,-0.0022897697053849697,minilm
blasphemy should be criminalized,protest movement,cartoonists,0.3,low,0.26623889803886414,minilm
blasphemy should be criminalized,protest movement,death threats,0.3,low,0.3233507573604584,minilm
blasphemy should be criminalized,protest movement,islamic conference,0.2,low,0.2782192826271057,minilm
blasphemy should be criminalized,racial and religious,blasphemy,0.7,high,0.32367634773254395,minilm
blasphemy should be criminalized,religious,blasphemy,1.0,high,0.3662923574447632,minilm
blasphemy should be criminalized,religious insult,blasphemy,1.0,high,0.3562455177307129,minilm
blasphemy should be criminalized,religious insult,freedom,0.3,low,0.19468888640403748,minilm
blasphemy should be criminalized,south park,blasphemy,0.4,medium,0.16838859021663666,minilm
blasphemy should be criminalized,south park,religious,0.0,low,0.2732885479927063,minilm
blasphemy should be criminalized,south park episode,blasphemy,0.5,medium,0.13378377258777618,minilm
blasphemy should be criminalized,south park episode,combating defamation,0.1,low,0.05089255049824715,minilm
blasphemy should be criminalized,south park episode,death threats,0.1,low,0.14653435349464417,minilm
blasphemy should be criminalized,theo van gogh,blasphemy,0.4,medium,0.13907553255558014,minilm
blasphemy should be criminalized,thomas aikenhead,blasphemy,0.7,high,0.13860535621643066,minilm
blasphemy should be criminalized,website,blasphemy,0.0,low,0.10713084787130356,minilm
multiculturalism should be embraced,acculturation,ethnic enclaves,0.8,high,0.26787859201431274,minilm
multiculturalism should be embraced,acculturation,minority,0.8,high,0.25047558546066284,minilm
multiculturalism should be embraced,acculturation,multiculturalism,1.0,high,0.3294238746166229,minilm
multiculturalism should be embraced,acculturation strategies,multiculturalism,1.0,high,0.28562483191490173,minilm
multiculturalism should be embraced,alliance of civilizations,level of immigration,0.3,low,0.16655012965202332,minilm
multiculturalism should be embraced,alliance of civilizations,multiculturalism,0.6,medium,0.3654673099517822,minilm
multiculturalism should be embraced,alliance of civilizations,values,0.2,low,0.07538455724716187,minilm
multiculturalism should be embraced,americans,multiculturalism,0.4,medium,0.32765012979507446,minilm
multiculturalism should be embraced,assimilation of immigrants,multiculturalism,1.0,high,0.5122132301330566,minilm
multiculturalism should be embraced,canadian identity,acculturation strategies,0.6,medium,0.13380973041057587,minilm
multiculturalism should be embraced,canadian identity,ethnic group,0.6,medium,0.27680423855781555,minilm
multiculturalism should be embraced,canadian identity,groups,0.3,low,0.17171986401081085,minilm
multiculturalism should be embraced,canadian identity,multiculturalism,0.7,high,0.24608652293682098,minilm
multiculturalism should be embraced,canadians,multiculturalism,0.5,medium,0.3160160779953003,minilm
multiculturalism should be embraced,charter of rights,multiculturalism,0.4,medium,0.22496575117111206,minilm
multiculturalism should be embraced,cosmopolitanism,multiculturalism,0.8,high,0.6717196702957153,minilm
multiculturalism should be embraced,critic of multiculturalism,assimilation of immigrants,0.7,high,0.4632667303085327,minilm
multiculturalism should be embraced,critic of multiculturalism,declaration,0.0,low,0.13752266764640808,minilm
multiculturalism should be embraced,critic of multiculturalism,multiculturalism,1.0,high,0.8337216377258301,minilm
multiculturalism should be embraced,critic of multiculturalism,society,0.2,low,0.28907182812690735,minilm
multiculturalism should be embraced,critics of multiculturalism,multiculturalism,1.0,high,0.7771794199943542,minilm
multiculturalism should be embraced,critics of multiculturalism,race and ethnicity,0.7,high,0.4811173677444458,minilm
multiculturalism should be embraced,cultural,group or groups,0.4,medium,0.3113657832145691,minilm
multiculturalism should be embraced,cultural,groups,0.5,medium,0.39245250821113586,minilm
multiculturalism should be embraced,cultural,multiculturalism,0.8,high,0.6666728854179382,minilm
multiculturalism should be embraced,cultural,protection and promotion,0.2,low,0.19627726078033447,minilm
multiculturalism should be embraced,cultural,race and ethnicity,0.9,high,0.5382481813430786,minilm
multiculturalism should be embraced,cultural communities,multiculturalism,1.0,high,0.586829662322998,minilm
multiculturalism should be embraced,cultural competence,ethnic and cultural,0.6,medium,0.637519121170044,minilm
multiculturalism should be embraced,cultural competence,multiculturalism,0.8,high,0.5648093223571777,minilm
multiculturalism should be embraced,cultural diversity,cultural communities,0.9,high,0.6852798461914062,minilm
multiculturalism should be embraced,cultural diversity,international students,0.8,high,0.3420230746269226,minilm
multiculturalism should be embraced,cultural diversity,multiculturalism,1.0,high,0.7166926264762878,minilm
multiculturalism should be embraced,cultural diversity,values,0.3,low,0.1568027138710022,minilm
multiculturalism should be embraced,cultural imperialism,multiculturalism,0.8,high,0.5737430453300476,minilm
multiculturalism should be embraced,cultural imperialism,multiculturalism act,0.8,high,0.4520174562931061,minilm
multiculturalism should be embraced,cultural imperialism,protection and promotion,0.3,low,0.27114593982696533,minilm
multiculturalism should be embraced,culture,canadians,0.1,low,0.32684293389320374,minilm
multiculturalism should be embraced,culture,multiculturalism,1.0,high,0.608971118927002,minilm
multiculturalism should be embraced,culture,values,0.6,medium,0.2765056788921356,minilm
multiculturalism should be embraced,cultures,cosmopolitanism,0.5,medium,0.5365016460418701,minilm
multiculturalism should be embraced,cultures,multiculturalism,1.0,high,0.597480058670044,minilm
multiculturalism should be embraced,diverse communities,multiculturalism,1.0,high,0.5744990110397339,minilm
multiculturalism should be embraced,diversity,interculturalism,0.7,high,0.37057825922966003,minilm
multiculturalism should be embraced,diversity,levels of immigration,0.4,medium,0.28833240270614624,minilm
multiculturalism should be embraced,diversity,multiculturalism,1.0,high,0.6080053448677063,minilm
multiculturalism should be embraced,donât trust people,multiculturalism,0.0,low,0.203236922621727,minilm
multiculturalism should be embraced,ethnic,cultural communities,0.7,high,0.514999270439148,minilm
multiculturalism should be embraced,ethnic,multiculturalism,0.7,high,0.6295175552368164,minilm
multiculturalism should be embraced,ethnic and cultural,multiculturalism,0.9,high,0.669874906539917,minilm
multiculturalism should be embraced,ethnic enclaves,multiculturalism,0.9,high,0.4519217014312744,minilm
multiculturalism should be embraced,ethnic group,multiculturalism,1.0,high,0.6019749045372009,minilm
multiculturalism should be embraced,ethnic groups,americans,0.6,medium,0.44571414589881897,minilm
multiculturalism should be embraced,ethnic groups,indigenous individuals,0.9,high,0.5508205890655518,minilm
multiculturalism should be embraced,ethnic groups,minority,1.0,high,0.5032718181610107,minilm
multiculturalism should be embraced,ethnic groups,multiculturalism,1.0,high,0.597487211227417,minilm
multiculturalism should be embraced,ethnic groups,national,0.6,medium,0.24450814723968506,minilm
multiculturalism should be embraced,ethnic groups,protection and promotion,0.4,medium,0.12941712141036987,minilm
multiculturalism should be embraced,group or groups,multiculturalism,0.5,medium,0.2656930088996887,minilm
multiculturalism should be embraced,groups,multiculturalism,0.5,medium,0.3586988151073456,minilm
multiculturalism should be embraced,gudykunst and kim,multiculturalism,0.7,high,0.07000454515218735,minilm
multiculturalism should be embraced,identity,assimilation of immigrants,0.7,high,0.21750317513942719,minilm
multiculturalism should be embraced,identity,canadians,0.3,low,0.2386767864227295,minilm
multiculturalism should be embraced,identity,interculturalism,0.4,medium,0.22658634185791016,minilm
multiculturalism should be embraced,identity,multiculturalism,0.7,high,0.23278959095478058,minilm
multiculturalism should be embraced,indigenous individuals,multiculturalism,0.8,high,0.45474278926849365,minilm
multiculturalism should be embraced,indigenous peoples,multiculturalism,0.8,high,0.4251866638660431,minilm
multiculturalism should be embraced,indigenous peoples,white australia policy,0.6,medium,0.3004789352416992,minilm
multiculturalism should be embraced,interculturalism,multiculturalism,1.0,high,0.702614426612854,minilm
multiculturalism should be embraced,international students,multiculturalism,0.5,medium,0.38451987504959106,minilm
multiculturalism should be embraced,john ralston saul,multiculturalism,0.5,medium,0.15732446312904358,minilm
multiculturalism should be embraced,knowledge and skills,assimilation of immigrants,0.1,low,0.13946063816547394,minilm
multiculturalism should be embraced,knowledge and skills,multiculturalism,0.0,low,0.23022185266017914,minilm
multiculturalism should be embraced,kramer's dad theory,ethnic and cultural,0.5,medium,0.11707469820976257,minilm
multiculturalism should be embraced,kramer's dad theory,multiculturalism,0.7,high,0.18674834072589874,minilm
multiculturalism should be embraced,level of immigration,multiculturalism,0.7,high,0.32943519949913025,minilm
multiculturalism should be embraced,levels of immigration,multiculturalism,0.6,medium,0.3142533302307129,minilm
multiculturalism should be embraced,melting,multiculturalism,0.1,low,0.2306048423051834,minilm
multiculturalism should be embraced,melting pot,ethnic and cultural,0.7,high,0.23060396313667297,minilm
multiculturalism should be embraced,melting pot,ethnic group,1.0,high,0.24934367835521698,minilm
multiculturalism should be embraced,melting pot,multiculturalism,1.0,high,0.24200090765953064,minilm
multiculturalism should be embraced,melting pot theory,level of immigration,0.8,high,0.2376457005739212,minilm
multiculturalism should be embraced,melting pot theory,levels of immigration,0.8,high,0.24084928631782532,minilm
multiculturalism should be embraced,melting pot theory,multiculturalism,1.0,high,0.21792545914649963,minilm
multiculturalism should be embraced,minority,multiculturalism,0.8,high,0.42688342928886414,minilm
multiculturalism should be embraced,minority groups,multiculturalism,0.9,high,0.48671457171440125,minilm
multiculturalism should be embraced,multicultural,group or groups,0.4,medium,0.3025453984737396,minilm
multiculturalism should be embraced,multicultural,multiculturalism,1.0,high,0.9184564352035522,minilm
multiculturalism should be embraced,multicultural,white australia policy,0.9,high,0.3220059275627136,minilm
multiculturalism should be embraced,multicultural education,ethnic group,0.8,high,0.4760397970676422,minilm
multiculturalism should be embraced,multicultural education,multiculturalism,1.0,high,0.8010229468345642,minilm
multiculturalism should be embraced,multicultural education,protection and promotion,0.3,low,0.08566316962242126,minilm
multiculturalism should be embraced,multicultural education,race and ethnicity,0.9,high,0.4998084604740143,minilm
multiculturalism should be embraced,multicultural society,cultural communities,0.9,high,0.6191376447677612,minilm
multiculturalism should be embraced,multicultural society,diverse communities,0.9,high,0.5721211433410645,minilm
multiculturalism should be embraced,multicultural society,minority,0.7,high,0.4291980266571045,minilm
multiculturalism should be embraced,multicultural society,multiculturalism,1.0,high,0.8806919455528259,minilm
multiculturalism should be embraced,multicultural society,multiculturalism act,0.9,high,0.7422943115234375,minilm
multiculturalism should be embraced,multiculturalism,declaration,0.0,low,0.18445514142513275,minilm
multiculturalism should be embraced,multiculturalism,donât trust people,0.0,low,0.20323705673217773,minilm
multiculturalism should be embraced,multiculturalism,ethnic group,1.0,high,0.6019749045372009,minilm
multiculturalism should be embraced,multiculturalism,john ralston saul,0.4,medium,0.15732444822788239,minilm
multiculturalism should be embraced,multiculturalism,multiculturalism,1.0,high,1.0000001192092896,minilm
multiculturalism should be embraced,multiculturalism,protection and promotion,0.3,low,0.13643106818199158,minilm
multiculturalism should be embraced,multiculturalism act,multiculturalism,1.0,high,0.7783052325248718,minilm
multiculturalism should be embraced,national,multiculturalism,0.4,medium,0.274617075920105,minilm
multiculturalism should be embraced,national culture,multiculturalism,1.0,high,0.517804741859436,minilm
multiculturalism should be embraced,national identity,diverse communities,0.9,high,0.2768559455871582,minilm
multiculturalism should be embraced,national identity,multiculturalism,0.9,high,0.34709420800209045,minilm
multiculturalism should be embraced,policy of multiculturalism,group or groups,0.3,low,0.16449488699436188,minilm
multiculturalism should be embraced,policy of multiculturalism,multiculturalism,1.0,high,0.8269234895706177,minilm
multiculturalism should be embraced,policy of multiculturalism,white australia policy,0.8,high,0.4615257978439331,minilm
multiculturalism should be embraced,protection and promotion,multiculturalism,0.3,low,0.13643114268779755,minilm
multiculturalism should be embraced,race and ethnicity,multiculturalism,1.0,high,0.5808579325675964,minilm
multiculturalism should be embraced,society,multiculturalism,0.8,high,0.4275014102458954,minilm
multiculturalism should be embraced,southern and eastern,multiculturalism,0.1,low,0.2723638713359833,minilm
multiculturalism should be embraced,southern and eastern,protection and promotion,0.0,low,0.054734006524086,minilm
multiculturalism should be embraced,values,multiculturalism,0.2,low,0.12810517847537994,minilm
multiculturalism should be embraced,white australia policy,multiculturalism,0.8,high,0.3361203372478485,minilm
previous convictions should be disclosed in court,acts of union,court,0.0,low,0.24868535995483398,minilm
previous convictions should be disclosed in court,acts of union,previous convictions,0.0,low,0.0750550925731659,minilm
previous convictions should be disclosed in court,american law institute,court,0.6,medium,0.4697519540786743,minilm
previous convictions should be disclosed in court,american law institute,previous convictions,0.4,medium,0.2626765966415405,minilm
previous convictions should be disclosed in court,bad character evidence,court,0.8,high,0.21038949489593506,minilm
previous convictions should be disclosed in court,bad character evidence,previous convictions,0.9,high,0.3749271631240845,minilm
previous convictions should be disclosed in court,civil and criminal,american law institute,0.8,high,0.4258688986301422,minilm
previous convictions should be disclosed in court,civil and criminal,civil law systems,0.9,high,0.5863094925880432,minilm
previous convictions should be disclosed in court,civil and criminal,court,1.0,high,0.5013236999511719,minilm
previous convictions should be disclosed in court,civil and criminal,criminal trials,1.0,high,0.5306909084320068,minilm
previous convictions should be disclosed in court,civil and criminal,fair trial rights,0.7,high,0.36757203936576843,minilm
previous convictions should be disclosed in court,civil and criminal,jurisdiction,0.7,high,0.46995997428894043,minilm
previous convictions should be disclosed in court,civil and criminal,legal profession,0.7,high,0.5121763944625854,minilm
previous convictions should be disclosed in court,civil and criminal,previous convictions,0.6,medium,0.4444967210292816,minilm
previous convictions should be disclosed in court,civil and criminal,prospective jurors,0.5,medium,0.29819023609161377,minilm
previous convictions should be disclosed in court,civil cases,court,1.0,high,0.6295371651649475,minilm
previous convictions should be disclosed in court,civil cases,previous convictions,0.5,medium,0.40957173705101013,minilm
previous convictions should be disclosed in court,civil cases,rules,0.3,low,0.2771752178668976,minilm
previous convictions should be disclosed in court,civil law,civil procedure,1.0,high,0.6447553634643555,minilm
previous convictions should be disclosed in court,civil law,common law systems,1.0,high,0.5270584225654602,minilm
previous convictions should be disclosed in court,civil law,court,0.9,high,0.556256115436554,minilm
previous convictions should be disclosed in court,civil law,previous convictions,0.6,medium,0.2748274505138397,minilm
previous convictions should be disclosed in court,civil law,prospective jurors,0.4,medium,0.20324338972568512,minilm
previous convictions should be disclosed in court,civil law,scotland,0.2,low,0.22985848784446716,minilm
previous convictions should be disclosed in court,civil law systems,court,1.0,high,0.48095569014549255,minilm
previous convictions should be disclosed in court,civil law systems,previous convictions,0.5,medium,0.2584100067615509,minilm
previous convictions should be disclosed in court,civil procedure,court,1.0,high,0.42858171463012695,minilm
previous convictions should be disclosed in court,civil procedure,previous convictions,0.5,medium,0.27752017974853516,minilm
previous convictions should be disclosed in court,common law,acts of union,0.2,low,0.37560197710990906,minilm
previous convictions should be disclosed in court,common law,common law jurisdictions,1.0,high,0.7985445261001587,minilm
previous convictions should be disclosed in court,common law,conviction,0.5,medium,0.3051399290561676,minilm
previous convictions should be disclosed in court,common law,court,0.8,high,0.4743477404117584,minilm
previous convictions should be disclosed in court,common law,criminal history,0.5,medium,0.28450438380241394,minilm
previous convictions should be disclosed in court,common law,jury tampering,0.4,medium,0.2388571947813034,minilm
previous convictions should be disclosed in court,common law,previous convictions,0.5,medium,0.1811787337064743,minilm
previous convictions should be disclosed in court,common law,scottish parliament,0.1,low,0.23406633734703064,minilm
previous convictions should be disclosed in court,common law jurisdictions,court,0.8,high,0.5362196564674377,minilm
previous convictions should be disclosed in court,common law jurisdictions,previous convictions,0.4,medium,0.24604499340057373,minilm
previous convictions should be disclosed in court,common law systems,court,1.0,high,0.4474998712539673,minilm
previous convictions should be disclosed in court,common law systems,previous convictions,0.5,medium,0.19895583391189575,minilm
previous convictions should be disclosed in court,convicted,court,1.0,high,0.5126854777336121,minilm
previous convictions should be disclosed in court,convicted,previous convictions,1.0,high,0.6500733494758606,minilm
previous convictions should be disclosed in court,conviction,court,1.0,high,0.5549318790435791,minilm
previous convictions should be disclosed in court,conviction,previous convictions,1.0,high,0.724523663520813,minilm
previous convictions should be disclosed in court,court,common law systems,0.9,high,0.4474998712539673,minilm
previous convictions should be disclosed in court,court,court,1.0,high,1.000000238418579,minilm
previous convictions should be disclosed in court,court,criminal trials,1.0,high,0.6059122085571289,minilm
previous convictions should be disclosed in court,court,previous convictions,0.9,high,0.41101711988449097,minilm
previous convictions should be disclosed in court,court,scotland,0.0,low,0.28762197494506836,minilm
previous convictions should be disclosed in court,court of appeal,court,1.0,high,0.7439206838607788,minilm
previous convictions should be disclosed in court,court of appeal,court was established,0.3,low,0.548843264579773,minilm
previous convictions should be disclosed in court,court of appeal,federal,0.2,low,0.30789318680763245,minilm
previous convictions should be disclosed in court,court of appeal,previous convictions,0.6,medium,0.4205341041088104,minilm
previous convictions should be disclosed in court,court of appeal,scotland,0.0,low,0.2174944132566452,minilm
previous convictions should be disclosed in court,court of appeal,scottish parliament,0.1,low,0.24089975655078888,minilm
previous convictions should be disclosed in court,court was established,court,0.7,high,0.6710243225097656,minilm
previous convictions should be disclosed in court,court was established,previous convictions,0.3,low,0.27343958616256714,minilm
previous convictions should be disclosed in court,courts,common law systems,0.9,high,0.5413570404052734,minilm
previous convictions should be disclosed in court,courts,court,1.0,high,0.9256004691123962,minilm
previous convictions should be disclosed in court,courts,previous convictions,1.0,high,0.4258049726486206,minilm
previous convictions should be disclosed in court,courts,scotland,0.0,low,0.27579107880592346,minilm
previous convictions should be disclosed in court,criminal,civil law systems,0.6,medium,0.37162330746650696,minilm
previous convictions should be disclosed in court,criminal,common law jurisdictions,0.6,medium,0.3443438410758972,minilm
previous convictions should be disclosed in court,criminal,court,0.9,high,0.5279721617698669,minilm
previous convictions should be disclosed in court,criminal,fair trial rights,0.7,high,0.3353552222251892,minilm
previous convictions should be disclosed in court,criminal,legal profession,0.3,low,0.4677310883998871,minilm
previous convictions should be disclosed in court,criminal,previous convictions,0.8,high,0.4896434247493744,minilm
previous convictions should be disclosed in court,criminal and civil,court,1.0,high,0.4895475506782532,minilm
previous convictions should be disclosed in court,criminal and civil,previous convictions,0.6,medium,0.46468114852905273,minilm
previous convictions should be disclosed in court,criminal case,court,1.0,high,0.6917166709899902,minilm
previous convictions should be disclosed in court,criminal case,previous convictions,0.8,high,0.5578673481941223,minilm
previous convictions should be disclosed in court,criminal cases,acts of union,0.0,low,0.1853458285331726,minilm
previous convictions should be disclosed in court,criminal cases,common law systems,0.9,high,0.46044400334358215,minilm
previous convictions should be disclosed in court,criminal cases,court,1.0,high,0.6420310139656067,minilm
previous convictions should be disclosed in court,criminal cases,criminal and civil,0.8,high,0.6515041589736938,minilm
previous convictions should be disclosed in court,criminal cases,jury tampering,0.6,medium,0.42768120765686035,minilm
previous convictions should be disclosed in court,criminal cases,previous convictions,0.8,high,0.5628858208656311,minilm
previous convictions should be disclosed in court,criminal cases,rules of evidence,0.7,high,0.42594537138938904,minilm
previous convictions should be disclosed in court,criminal history,court,0.5,medium,0.43783149123191833,minilm
previous convictions should be disclosed in court,criminal history,previous convictions,1.0,high,0.659597635269165,minilm
previous convictions should be disclosed in court,criminal history category,court,0.7,high,0.3485454320907593,minilm
previous convictions should be disclosed in court,criminal history category,previous convictions,0.8,high,0.571907639503479,minilm
previous convictions should be disclosed in court,criminal history category,stare decisis,0.4,medium,0.21318623423576355,minilm
previous convictions should be disclosed in court,criminal justice act,common law jurisdictions,0.4,medium,0.4394640624523163,minilm
previous convictions should be disclosed in court,criminal justice act,court,0.8,high,0.492526113986969,minilm
previous convictions should be disclosed in court,criminal justice act,criminal history,0.7,high,0.6318454146385193,minilm
previous convictions should be disclosed in court,criminal justice act,criminal trials,1.0,high,0.5686353445053101,minilm
previous convictions should be disclosed in court,criminal justice act,federal,0.2,low,0.370408833026886,minilm
previous convictions should be disclosed in court,criminal justice act,mens rea,0.6,medium,0.167461097240448,minilm
previous convictions should be disclosed in court,criminal justice act,parliament,0.6,medium,0.27777162194252014,minilm
previous convictions should be disclosed in court,criminal justice act,previous convictions,0.4,medium,0.43919461965560913,minilm
previous convictions should be disclosed in court,criminal law,convicted,0.7,high,0.6095898151397705,minilm
previous convictions should be disclosed in court,criminal law,court,1.0,high,0.5984775424003601,minilm
previous convictions should be disclosed in court,criminal law,criminal and civil,0.9,high,0.7185866236686707,minilm
previous convictions should be disclosed in court,criminal law,federal,0.3,low,0.3609132766723633,minilm
previous convictions should be disclosed in court,criminal law,judicial,0.7,high,0.6247484683990479,minilm
previous convictions should be disclosed in court,criminal law,previous convictions,0.9,high,0.45003408193588257,minilm
previous convictions should be disclosed in court,criminal law,rules of evidence,0.8,high,0.352599173784256,minilm
previous convictions should be disclosed in court,criminal law,scotland,0.0,low,0.2438139170408249,minilm
previous convictions should be disclosed in court,criminal trials,court,1.0,high,0.6059123277664185,minilm
previous convictions should be disclosed in court,criminal trials,previous convictions,0.8,high,0.5415805578231812,minilm
previous convictions should be disclosed in court,defendant,court,1.0,high,0.7038585543632507,minilm
previous convictions should be disclosed in court,defendant,criminal history,0.7,high,0.42595070600509644,minilm
previous convictions should be disclosed in court,defendant,previous convictions,0.7,high,0.4063870310783386,minilm
previous convictions should be disclosed in court,defendant,prospective jurors,0.5,medium,0.4883354902267456,minilm
previous convictions should be disclosed in court,defendant,scotland,0.0,low,0.2015192210674286,minilm
previous convictions should be disclosed in court,double jeopardy,american law institute,0.5,medium,0.16277563571929932,minilm
previous convictions should be disclosed in court,double jeopardy,court,0.8,high,0.3532792925834656,minilm
previous convictions should be disclosed in court,double jeopardy,criminal and civil,0.5,medium,0.2675739526748657,minilm
previous convictions should be disclosed in court,double jeopardy,previous convictions,0.6,medium,0.34882253408432007,minilm
previous convictions should be disclosed in court,double jeopardy,prosecution,0.7,high,0.3724350333213806,minilm
previous convictions should be disclosed in court,england and wales,court,0.0,low,0.21738919615745544,minilm
previous convictions should be disclosed in court,england and wales,court was established,0.1,low,0.1077503189444542,minilm
previous convictions should be disclosed in court,england and wales,criminal and civil,0.0,low,0.18294751644134521,minilm
previous convictions should be disclosed in court,england and wales,jury tampering,0.1,low,0.0608019158244133,minilm
previous convictions should be disclosed in court,england and wales,previous convictions,0.0,low,0.04651758819818497,minilm
previous convictions should be disclosed in court,england and wales,stare decisis,0.0,low,0.06295052170753479,minilm
previous convictions should be disclosed in court,english common law,bad character evidence,0.5,medium,0.13075372576713562,minilm
previous convictions should be disclosed in court,english common law,civil procedure,0.7,high,0.3647434413433075,minilm
previous convictions should be disclosed in court,english common law,court,0.7,high,0.4700350761413574,minilm
previous convictions should be disclosed in court,english common law,previous convictions,0.3,low,0.16455502808094025,minilm
previous convictions should be disclosed in court,fair trial rights,court,1.0,high,0.5370205640792847,minilm
previous convictions should be disclosed in court,fair trial rights,previous convictions,0.7,high,0.30948370695114136,minilm
previous convictions should be disclosed in court,federal,court,0.6,medium,0.3719896972179413,minilm
previous convictions should be disclosed in court,federal,previous convictions,0.1,low,0.2242485135793686,minilm
previous convictions should be disclosed in court,judicial,court,1.0,high,0.8070958852767944,minilm
previous convictions should be disclosed in court,judicial,previous convictions,0.6,medium,0.4183719754219055,minilm
previous convictions should be disclosed in court,juries,american law institute,0.5,medium,0.3414817452430725,minilm
previous convictions should be disclosed in court,juries,civil procedure,0.7,high,0.34562015533447266,minilm
previous convictions should be disclosed in court,juries,court,1.0,high,0.62608802318573,minilm
previous convictions should be disclosed in court,juries,criminal history,0.5,medium,0.3552863597869873,minilm
previous convictions should be disclosed in court,juries,federal,0.2,low,0.27963531017303467,minilm
previous convictions should be disclosed in court,juries,previous convictions,0.5,medium,0.35908743739128113,minilm
previous convictions should be disclosed in court,juries,prosecution,1.0,high,0.45567381381988525,minilm
previous convictions should be disclosed in court,jurisdiction,court,0.9,high,0.664181649684906,minilm
previous convictions should be disclosed in court,jurisdiction,previous convictions,0.5,medium,0.27680057287216187,minilm
previous convictions should be disclosed in court,jurors,conviction,1.0,high,0.39559298753738403,minilm
previous convictions should be disclosed in court,jurors,court,1.0,high,0.4769923985004425,minilm
previous convictions should be disclosed in court,jurors,jury tampering,0.9,high,0.6023157835006714,minilm
previous convictions should be disclosed in court,jurors,previous convictions,0.5,medium,0.3468010425567627,minilm
previous convictions should be disclosed in court,jury,court,1.0,high,0.6077635288238525,minilm
previous convictions should be disclosed in court,jury,fair trial rights,0.9,high,0.5095950365066528,minilm
previous convictions should be disclosed in court,jury,previous convictions,0.7,high,0.3715677857398987,minilm
previous convictions should be disclosed in court,jury,prosecution,0.9,high,0.5483985543251038,minilm
previous convictions should be disclosed in court,jury,rules,0.3,low,0.3143589496612549,minilm
previous convictions should be disclosed in court,jury tampering,court,0.9,high,0.379336953163147,minilm
previous convictions should be disclosed in court,jury tampering,previous convictions,0.3,low,0.43333908915519714,minilm
previous convictions should be disclosed in court,jury trial,civil procedure,0.9,high,0.2972962260246277,minilm
previous convictions should be disclosed in court,jury trial,common law systems,0.8,high,0.2668503224849701,minilm
previous convictions should be disclosed in court,jury trial,conviction,0.9,high,0.5103742480278015,minilm
previous convictions should be disclosed in court,jury trial,court,1.0,high,0.6353016495704651,minilm
previous convictions should be disclosed in court,jury trial,criminal trials,1.0,high,0.7830527424812317,minilm
previous convictions should be disclosed in court,jury trial,federal,0.2,low,0.28840571641921997,minilm
previous convictions should be disclosed in court,jury trial,previous convictions,0.6,medium,0.446387380361557,minilm
previous convictions should be disclosed in court,jury trials,common law jurisdictions,0.5,medium,0.3284786641597748,minilm
previous convictions should be disclosed in court,jury trials,court,1.0,high,0.5555417537689209,minilm
previous convictions should be disclosed in court,jury trials,court was established,0.4,medium,0.3621951937675476,minilm
previous convictions should be disclosed in court,jury trials,criminal and civil,0.8,high,0.3419651985168457,minilm
previous convictions should be disclosed in court,jury trials,previous convictions,0.7,high,0.4205414950847626,minilm
previous convictions should be disclosed in court,law,convicted,0.7,high,0.4240754246711731,minilm
previous convictions should be disclosed in court,law,court,1.0,high,0.6196215748786926,minilm
previous convictions should be disclosed in court,law,previous convictions,0.5,medium,0.20460377633571625,minilm
previous convictions should be disclosed in court,legal,american law institute,0.6,medium,0.3155900835990906,minilm
previous convictions should be disclosed in court,legal,bad character evidence,0.3,low,0.14230820536613464,minilm
previous convictions should be disclosed in court,legal,common law jurisdictions,0.6,medium,0.4258604049682617,minilm
previous convictions should be disclosed in court,legal,common law systems,0.9,high,0.30223625898361206,minilm
previous convictions should be disclosed in court,legal,court,0.8,high,0.4676542580127716,minilm
previous convictions should be disclosed in court,legal,judicial,0.9,high,0.4600910544395447,minilm
previous convictions should be disclosed in court,legal,previous convictions,0.7,high,0.18764355778694153,minilm
previous convictions should be disclosed in court,legal profession,court,0.7,high,0.5397892594337463,minilm
previous convictions should be disclosed in court,legal profession,previous convictions,0.3,low,0.284118115901947,minilm
previous convictions should be disclosed in court,legal system,conviction,0.7,high,0.4509042501449585,minilm
previous convictions should be disclosed in court,legal system,court,1.0,high,0.5969663858413696,minilm
previous convictions should be disclosed in court,legal system,court was established,0.4,medium,0.4502406120300293,minilm
previous convictions should be disclosed in court,legal system,criminal and civil,0.9,high,0.47100046277046204,minilm
previous convictions should be disclosed in court,legal system,criminal case,0.9,high,0.5752096176147461,minilm
previous convictions should be disclosed in court,legal system,federal,0.3,low,0.3727160096168518,minilm
previous convictions should be disclosed in court,legal system,previous convictions,0.8,high,0.3093273937702179,minilm
previous convictions should be disclosed in court,legal system,statutes,0.7,high,0.5676493048667908,minilm
previous convictions should be disclosed in court,mens rea,court,0.8,high,0.19901743531227112,minilm
previous convictions should be disclosed in court,mens rea,previous convictions,0.5,medium,0.1208530142903328,minilm
previous convictions should be disclosed in court,miscarriage of justice,court,0.8,high,0.47563257813453674,minilm
previous convictions should be disclosed in court,miscarriage of justice,court was established,0.2,low,0.33285415172576904,minilm
previous convictions should be disclosed in court,miscarriage of justice,criminal and civil,0.4,medium,0.2757858633995056,minilm
previous convictions should be disclosed in court,miscarriage of justice,previous convictions,0.7,high,0.3399782180786133,minilm
previous convictions should be disclosed in court,parliament,court,0.3,low,0.4084452986717224,minilm
previous convictions should be disclosed in court,parliament,previous convictions,0.1,low,0.16115529835224152,minilm
previous convictions should be disclosed in court,presumption of innocence,court,0.9,high,0.28415071964263916,minilm
previous convictions should be disclosed in court,presumption of innocence,court was established,0.3,low,0.2207142561674118,minilm
previous convictions should be disclosed in court,presumption of innocence,criminal case,1.0,high,0.4123324751853943,minilm
previous convictions should be disclosed in court,presumption of innocence,fair trial rights,1.0,high,0.4479672908782959,minilm
previous convictions should be disclosed in court,presumption of innocence,legal profession,0.4,medium,0.17112617194652557,minilm
previous convictions should be disclosed in court,presumption of innocence,previous convictions,0.7,high,0.33687618374824524,minilm
previous convictions should be disclosed in court,presumption of innocence,prospective jurors,0.2,low,0.2519097328186035,minilm
previous convictions should be disclosed in court,presumption of innocence,statutes,0.4,medium,0.2714671492576599,minilm
previous convictions should be disclosed in court,prosecution,court,1.0,high,0.6213195323944092,minilm
previous convictions should be disclosed in court,prosecution,previous convictions,0.6,medium,0.49202945828437805,minilm
previous convictions should be disclosed in court,prospective jurors,court,1.0,high,0.3896811008453369,minilm
previous convictions should be disclosed in court,prospective jurors,previous convictions,0.3,low,0.408210426568985,minilm
previous convictions should be disclosed in court,rule of law,bad character evidence,0.3,low,0.1789928674697876,minilm
previous convictions should be disclosed in court,rule of law,civil law systems,1.0,high,0.5197456479072571,minilm
previous convictions should be disclosed in court,rule of law,common law jurisdictions,0.7,high,0.5618698596954346,minilm
previous convictions should be disclosed in court,rule of law,court,1.0,high,0.47275838255882263,minilm
previous convictions should be disclosed in court,rule of law,criminal and civil,0.7,high,0.3975847363471985,minilm
previous convictions should be disclosed in court,rule of law,legal profession,0.5,medium,0.4551312029361725,minilm
previous convictions should be disclosed in court,rule of law,mens rea,0.5,medium,0.1288185864686966,minilm
previous convictions should be disclosed in court,rule of law,previous convictions,0.3,low,0.13671843707561493,minilm
previous convictions should be disclosed in court,rules,court,0.6,medium,0.35782355070114136,minilm
previous convictions should be disclosed in court,rules,previous convictions,0.0,low,0.13077934086322784,minilm
previous convictions should be disclosed in court,rules of evidence,court,0.9,high,0.3647729456424713,minilm
previous convictions should be disclosed in court,rules of evidence,previous convictions,0.6,medium,0.3857126533985138,minilm
previous convictions should be disclosed in court,scotland,court,0.0,low,0.2876218855381012,minilm
previous convictions should be disclosed in court,scotland,previous convictions,0.0,low,0.12784674763679504,minilm
previous convictions should be disclosed in court,scots law,acts of union,0.1,low,0.26630276441574097,minilm
previous convictions should be disclosed in court,scots law,american law institute,0.1,low,0.22782859206199646,minilm
previous convictions should be disclosed in court,scots law,civil law systems,0.8,high,0.35815975069999695,minilm
previous convictions should be disclosed in court,scots law,common law jurisdictions,0.7,high,0.4367571771144867,minilm
previous convictions should be disclosed in court,scots law,court,0.7,high,0.34910115599632263,minilm
previous convictions should be disclosed in court,scots law,fair trial rights,0.4,medium,0.3757244944572449,minilm
previous convictions should be disclosed in court,scots law,mens rea,0.3,low,0.12785422801971436,minilm
previous convictions should be disclosed in court,scots law,previous convictions,0.0,low,0.17474712431430817,minilm
previous convictions should be disclosed in court,scots law,scottish parliament,0.8,high,0.6059684157371521,minilm
previous convictions should be disclosed in court,scots law,stare decisis,0.3,low,0.12781649827957153,minilm
previous convictions should be disclosed in court,scottish parliament,court,0.0,low,0.28498581051826477,minilm
previous convictions should be disclosed in court,scottish parliament,previous convictions,0.0,low,0.1622689664363861,minilm
previous convictions should be disclosed in court,stare decisis,court,1.0,high,0.24497763812541962,minilm
previous convictions should be disclosed in court,stare decisis,previous convictions,0.6,medium,0.2859182357788086,minilm
previous convictions should be disclosed in court,statutes,court,0.5,medium,0.5160929560661316,minilm
previous convictions should be disclosed in court,statutes,previous convictions,0.0,low,0.26399537920951843,minilm
previous convictions should be disclosed in court,trial,civil law systems,0.8,high,0.2763337194919586,minilm
previous convictions should be disclosed in court,trial,civil procedure,1.0,high,0.3636965751647949,minilm
previous convictions should be disclosed in court,trial,court,1.0,high,0.5935768485069275,minilm
previous convictions should be disclosed in court,trial,previous convictions,0.9,high,0.3880773186683655,minilm
previous convictions should be disclosed in court,trial by jury,american law institute,0.4,medium,0.3130320608615875,minilm
previous convictions should be disclosed in court,trial by jury,civil procedure,0.9,high,0.3530929982662201,minilm
previous convictions should be disclosed in court,trial by jury,convicted,0.8,high,0.5137885212898254,minilm
previous convictions should be disclosed in court,trial by jury,court,1.0,high,0.5818392038345337,minilm
previous convictions should be disclosed in court,trial by jury,jurisdiction,0.5,medium,0.43299224972724915,minilm
previous convictions should be disclosed in court,trial by jury,jury tampering,1.0,high,0.6714037656784058,minilm
previous convictions should be disclosed in court,trial by jury,previous convictions,0.6,medium,0.39446350932121277,minilm
the right to bear arms should be limited,amendment,right to bear arms,0.5,medium,0.4521612226963043,minilm
the right to bear arms should be limited,american gun culture,right to bear arms,1.0,high,0.31942635774612427,minilm
the right to bear arms should be limited,ammunition,right to bear arms,0.7,high,0.3033808767795563,minilm
the right to bear arms should be limited,arms,right to bear arms,1.0,high,0.5756471157073975,minilm
the right to bear arms should be limited,assault weapons ban,right to bear arms,0.9,high,0.3933061361312866,minilm
the right to bear arms should be limited,automatic,right to bear arms,0.2,low,0.1517990231513977,minilm
the right to bear arms should be limited,automatic weapons,right to bear arms,0.8,high,0.3075580596923828,minilm
the right to bear arms should be limited,bear arms,right to bear arms,1.0,high,0.8063541054725647,minilm
the right to bear arms should be limited,bill of rights,carrying of arms,0.6,medium,0.20786091685295105,minilm
the right to bear arms should be limited,bill of rights,homicide,0.1,low,0.20704077184200287,minilm
the right to bear arms should be limited,bill of rights,license,0.0,low,0.3695376217365265,minilm
the right to bear arms should be limited,bill of rights,right to bear arms,0.6,medium,0.513360857963562,minilm
the right to bear arms should be limited,bill of rights,shotguns,0.0,low,0.15357452630996704,minilm
the right to bear arms should be limited,carrying of arms,right to bear arms,1.0,high,0.5782973766326904,minilm
the right to bear arms should be limited,citizens,right to bear arms,0.4,medium,0.25403648614883423,minilm
the right to bear arms should be limited,collective rights model,right to bear arms,0.5,medium,0.40356266498565674,minilm
the right to bear arms should be limited,defense,right to bear arms,0.5,medium,0.28912606835365295,minilm
the right to bear arms should be limited,district of columbia,right to bear arms,0.3,low,0.14944107830524445,minilm
the right to bear arms should be limited,domestic violence,right to bear arms,0.4,medium,0.2711576223373413,minilm
the right to bear arms should be limited,firearm,automatic,0.7,high,0.3292672336101532,minilm
the right to bear arms should be limited,firearm,citizens,0.1,low,0.253813236951828,minilm
the right to bear arms should be limited,firearm,right to bear arms,1.0,high,0.42230212688446045,minilm
the right to bear arms should be limited,firearm ownership,right to bear arms,0.8,high,0.4316385090351105,minilm
the right to bear arms should be limited,firearms,firearm ownership,1.0,high,0.6572661399841309,minilm
the right to bear arms should be limited,firearms,right to bear arms,1.0,high,0.4226005971431732,minilm
the right to bear arms should be limited,firearms,shotguns,1.0,high,0.7362828850746155,minilm
the right to bear arms should be limited,firearms,type of weapon,1.0,high,0.6242090463638306,minilm
the right to bear arms should be limited,firearms and ammunition,license,0.6,medium,0.2987832725048065,minilm
the right to bear arms should be limited,firearms and ammunition,right to bear arms,1.0,high,0.35785973072052,minilm
the right to bear arms should be limited,fully automatic,right to bear arms,0.2,low,0.1396591067314148,minilm
the right to bear arms should be limited,fully automatic firearms,right to bear arms,0.7,high,0.2747664749622345,minilm
the right to bear arms should be limited,gary kleck,right to bear arms,0.7,high,0.08670884370803833,minilm
the right to bear arms should be limited,gun,ammunition,1.0,high,0.7397344708442688,minilm
the right to bear arms should be limited,gun,automatic weapons,0.9,high,0.5323237776756287,minilm
the right to bear arms should be limited,gun,fully automatic,0.8,high,0.24935248494148254,minilm
the right to bear arms should be limited,gun,homicide,0.9,high,0.4435998499393463,minilm
the right to bear arms should be limited,gun,right to bear arms,1.0,high,0.37842100858688354,minilm
the right to bear arms should be limited,gun control,american gun culture,0.9,high,0.5953245162963867,minilm
the right to bear arms should be limited,gun control,district of columbia,0.3,low,0.1631702035665512,minilm
the right to bear arms should be limited,gun control,gary kleck,0.7,high,0.1716316044330597,minilm
the right to bear arms should be limited,gun control,homicide,0.6,medium,0.37744978070259094,minilm
the right to bear arms should be limited,gun control,pro gun,0.9,high,0.6285750269889832,minilm
the right to bear arms should be limited,gun control,right to bear arms,1.0,high,0.4187862277030945,minilm
the right to bear arms should be limited,gun control act,automatic weapons,0.7,high,0.45503029227256775,minilm
the right to bear arms should be limited,gun control act,fully automatic firearms,0.4,medium,0.4503932297229767,minilm
the right to bear arms should be limited,gun control act,homicide,0.4,medium,0.3202746510505676,minilm
the right to bear arms should be limited,gun control act,right to bear arms,0.9,high,0.4406614899635315,minilm
the right to bear arms should be limited,gun control advocates,fully automatic,0.1,low,0.07698114961385727,minilm
the right to bear arms should be limited,gun control advocates,gun crime,0.8,high,0.5811131596565247,minilm
the right to bear arms should be limited,gun control advocates,right to bear arms,0.9,high,0.44298121333122253,minilm
the right to bear arms should be limited,gun control laws,automatic weapons,0.6,medium,0.4198707640171051,minilm
the right to bear arms should be limited,gun control laws,gary kleck,0.8,high,0.06106804683804512,minilm
the right to bear arms should be limited,gun control laws,right to bear arms,1.0,high,0.4741237461566925,minilm
the right to bear arms should be limited,gun control legislation,carrying of arms,0.9,high,0.29651209712028503,minilm
the right to bear arms should be limited,gun control legislation,citizens,0.1,low,0.20932051539421082,minilm
the right to bear arms should be limited,gun control legislation,right to bear arms,0.9,high,0.44896960258483887,minilm
the right to bear arms should be limited,gun control legislation,type of weapon,0.7,high,0.38740113377571106,minilm
the right to bear arms should be limited,gun crime,right to bear arms,0.6,medium,0.36963075399398804,minilm
the right to bear arms should be limited,gun laws,rates of gun,0.5,medium,0.5717427730560303,minilm
the right to bear arms should be limited,gun laws,right to bear arms,1.0,high,0.4851999580860138,minilm
the right to bear arms should be limited,gun owners,collective rights model,0.3,low,0.3437528610229492,minilm
the right to bear arms should be limited,gun owners,homicide,0.3,low,0.3746926486492157,minilm
the right to bear arms should be limited,gun owners,right to bear arms,1.0,high,0.39169806241989136,minilm
the right to bear arms should be limited,gun ownership,gun crime,0.8,high,0.6728655099868774,minilm
the right to bear arms should be limited,gun ownership,pro gun,1.0,high,0.5772517323493958,minilm
the right to bear arms should be limited,gun ownership,right to bear arms,1.0,high,0.490622878074646,minilm
the right to bear arms should be limited,gun possession,right to bear arms,1.0,high,0.5050610303878784,minilm
the right to bear arms should be limited,gun related,homicide,0.8,high,0.4074331521987915,minilm
the right to bear arms should be limited,gun related,right to bear arms,0.8,high,0.3661012351512909,minilm
the right to bear arms should be limited,gun related,shotguns,0.4,medium,0.5198334455490112,minilm
the right to bear arms should be limited,gun rights,assault weapons ban,0.8,high,0.5053234100341797,minilm
the right to bear arms should be limited,gun rights,right to bear arms,0.9,high,0.6494098901748657,minilm
the right to bear arms should be limited,gun rights advocates,license,0.4,medium,0.24781477451324463,minilm
the right to bear arms should be limited,gun rights advocates,right to bear arms,0.9,high,0.5739784836769104,minilm
the right to bear arms should be limited,gun violence,ammunition,0.4,medium,0.4995335340499878,minilm
the right to bear arms should be limited,gun violence,license,0.0,low,0.2511257529258728,minilm
the right to bear arms should be limited,gun violence,right to bear arms,0.9,high,0.35510724782943726,minilm
the right to bear arms should be limited,guns,american gun culture,0.9,high,0.5833351612091064,minilm
the right to bear arms should be limited,guns,automatic,0.7,high,0.29007795453071594,minilm
the right to bear arms should be limited,guns,number of guns,1.0,high,0.6575815081596375,minilm
the right to bear arms should be limited,guns,right to bear arms,1.0,high,0.4389096796512604,minilm
the right to bear arms should be limited,handguns,automatic weapons,0.8,high,0.568107008934021,minilm
the right to bear arms should be limited,handguns,law enforcement,0.3,low,0.48350790143013,minilm
the right to bear arms should be limited,handguns,right to bear arms,1.0,high,0.35715389251708984,minilm
the right to bear arms should be limited,homicide,right to bear arms,0.3,low,0.20541177690029144,minilm
the right to bear arms should be limited,kleck,right to bear arms,0.6,medium,0.1109687089920044,minilm
the right to bear arms should be limited,law abiding citizens,fully automatic firearms,0.0,low,0.09970282018184662,minilm
the right to bear arms should be limited,law abiding citizens,gun possession,0.5,medium,0.31727278232574463,minilm
the right to bear arms should be limited,law abiding citizens,law enforcement,0.7,high,0.4161478281021118,minilm
the right to bear arms should be limited,law abiding citizens,right to bear arms,0.3,low,0.24082529544830322,minilm
the right to bear arms should be limited,law enforcement,right to bear arms,0.5,medium,0.22852373123168945,minilm
the right to bear arms should be limited,license,right to bear arms,0.6,medium,0.24355706572532654,minilm
the right to bear arms should be limited,militia,district of columbia,0.1,low,0.24255169928073883,minilm
the right to bear arms should be limited,militia,license,0.0,low,0.32688280940055847,minilm
the right to bear arms should be limited,militia,right to bear arms,0.9,high,0.47926124930381775,minilm
the right to bear arms should be limited,national firearms act,gary kleck,0.1,low,0.07829990983009338,minilm
the right to bear arms should be limited,national firearms act,kleck,0.1,low,0.08333683758974075,minilm
the right to bear arms should be limited,national firearms act,operation ceasefire,0.4,medium,0.2535193860530853,minilm
the right to bear arms should be limited,national firearms act,police,0.3,low,0.17537346482276917,minilm
the right to bear arms should be limited,national firearms act,pro gun,0.8,high,0.4267198145389557,minilm
the right to bear arms should be limited,national firearms act,right to bear arms,0.9,high,0.3701463043689728,minilm
the right to bear arms should be limited,national rifle association,right to bear arms,0.9,high,0.38211122155189514,minilm
the right to bear arms should be limited,national rifle association,weapons and ammunition,0.7,high,0.40965211391448975,minilm
the right to bear arms should be limited,nra,right to bear arms,1.0,high,0.44523653388023376,minilm
the right to bear arms should be limited,number of guns,right to bear arms,0.7,high,0.31273844838142395,minilm
the right to bear arms should be limited,operation ceasefire,right to bear arms,0.6,medium,0.16559115052223206,minilm
the right to bear arms should be limited,ownership,carrying of arms,0.8,high,0.3033239245414734,minilm
the right to bear arms should be limited,ownership,fully automatic,0.0,low,0.21448339521884918,minilm
the right to bear arms should be limited,ownership,right to bear arms,0.6,medium,0.31411412358283997,minilm
the right to bear arms should be limited,police,right to bear arms,0.2,low,0.18755865097045898,minilm
the right to bear arms should be limited,pro gun,right to bear arms,0.8,high,0.32136526703834534,minilm
the right to bear arms should be limited,rates of gun,right to bear arms,0.4,medium,0.23935692012310028,minilm
the right to bear arms should be limited,rifle,right to bear arms,1.0,high,0.4003012180328369,minilm
the right to bear arms should be limited,shotguns,right to bear arms,0.9,high,0.3138132393360138,minilm
the right to bear arms should be limited,type of weapon,right to bear arms,0.5,medium,0.25369328260421753,minilm
the right to bear arms should be limited,united states,number of guns,0.2,low,0.16513392329216003,minilm
the right to bear arms should be limited,united states,right to bear arms,0.6,medium,0.23267289996147156,minilm
the right to bear arms should be limited,united states,shotguns,0.0,low,0.2567289173603058,minilm
the right to bear arms should be limited,violent crime,right to bear arms,0.6,medium,0.17987067997455597,minilm
the right to bear arms should be limited,weapons and ammunition,right to bear arms,1.0,high,0.36218181252479553,minilm
the united states is responsible for mexico's drugs war,agent brian terry,bureau of narcotics,0.3,low,0.19579333066940308,minilm
the united states is responsible for mexico's drugs war,agent brian terry,colombia,0.0,low,0.1715371310710907,minilm
the united states is responsible for mexico's drugs war,agent brian terry,drug trafficking organizations,0.4,medium,0.12956488132476807,minilm
the united states is responsible for mexico's drugs war,agent brian terry,drugs war,0.6,medium,0.15130779147148132,minilm
the united states is responsible for mexico's drugs war,agent brian terry,federal and local,0.2,low,0.08953405171632767,minilm
the united states is responsible for mexico's drugs war,agent brian terry,mexico,0.5,medium,0.1881336122751236,minilm
the united states is responsible for mexico's drugs war,agent brian terry,phoenix,0.2,low,0.1466737538576126,minilm
the united states is responsible for mexico's drugs war,agent brian terry,police forces,0.6,medium,0.2097083479166031,minilm
the united states is responsible for mexico's drugs war,agent brian terry,president felipe calder??n,0.0,low,0.24131307005882263,minilm
the united states is responsible for mexico's drugs war,agent brian terry,training and equipment,0.0,low,0.16980470716953278,minilm
the united states is responsible for mexico's drugs war,agent brian terry,united states,0.9,high,0.12118043005466461,minilm
the united states is responsible for mexico's drugs war,atf agents,attorney general,0.3,low,0.3624136745929718,minilm
the united states is responsible for mexico's drugs war,atf agents,drug enforcement administration,0.6,medium,0.366743266582489,minilm
the united states is responsible for mexico's drugs war,atf agents,drug trade,0.8,high,0.23979155719280243,minilm
the united states is responsible for mexico's drugs war,atf agents,drug trafficking organizations,0.6,medium,0.26724040508270264,minilm
the united states is responsible for mexico's drugs war,atf agents,drugs war,0.8,high,0.17643991112709045,minilm
the united states is responsible for mexico's drugs war,atf agents,mexico,0.5,medium,0.13239449262619019,minilm
the united states is responsible for mexico's drugs war,atf agents,phoenix,0.2,low,0.26591256260871887,minilm
the united states is responsible for mexico's drugs war,atf agents,smuggling,0.7,high,0.1941491663455963,minilm
the united states is responsible for mexico's drugs war,atf agents,united states,0.9,high,0.14492593705654144,minilm
the united states is responsible for mexico's drugs war,attorney,drugs war,0.0,low,0.2206401824951172,minilm
the united states is responsible for mexico's drugs war,attorney,mexico,0.0,low,0.23604224622249603,minilm
the united states is responsible for mexico's drugs war,attorney,united states,0.1,low,0.3345140516757965,minilm
the united states is responsible for mexico's drugs war,attorney general,drugs war,0.1,low,0.20408087968826294,minilm
the united states is responsible for mexico's drugs war,attorney general,mexico,0.0,low,0.1694779247045517,minilm
the united states is responsible for mexico's drugs war,attorney general,united states,0.2,low,0.29830455780029297,minilm
the united states is responsible for mexico's drugs war,attorney general holder,attorney general,1.0,high,0.8284600973129272,minilm
the united states is responsible for mexico's drugs war,attorney general holder,central america,0.0,low,0.18169794976711273,minilm
the united states is responsible for mexico's drugs war,attorney general holder,district of arizona,0.2,low,0.23975975811481476,minilm
the united states is responsible for mexico's drugs war,attorney general holder,drug enforcement administration,0.2,low,0.3341892957687378,minilm
the united states is responsible for mexico's drugs war,attorney general holder,drug trafficking organizations,0.2,low,0.16100861132144928,minilm
the united states is responsible for mexico's drugs war,attorney general holder,drugs war,0.5,medium,0.11258217692375183,minilm
the united states is responsible for mexico's drugs war,attorney general holder,law enforcement officials,0.7,high,0.3900403082370758,minilm
the united states is responsible for mexico's drugs war,attorney general holder,marijuana,0.0,low,0.12684091925621033,minilm
the united states is responsible for mexico's drugs war,attorney general holder,mexico,0.1,low,0.09364458918571472,minilm
the united states is responsible for mexico's drugs war,attorney general holder,plan colombia,0.1,low,0.15411445498466492,minilm
the united states is responsible for mexico's drugs war,attorney general holder,united states,0.6,medium,0.23734480142593384,minilm
the united states is responsible for mexico's drugs war,bureau of narcotics,drugs war,0.9,high,0.43452879786491394,minilm
the united states is responsible for mexico's drugs war,bureau of narcotics,mexico,0.2,low,0.26384207606315613,minilm
the united states is responsible for mexico's drugs war,bureau of narcotics,united states,0.8,high,0.23418407142162323,minilm
the united states is responsible for mexico's drugs war,cartel,attorney,0.0,low,0.3848615884780884,minilm
the united states is responsible for mexico's drugs war,cartel,department,0.0,low,0.2930201292037964,minilm
the united states is responsible for mexico's drugs war,cartel,drugs war,0.9,high,0.5154229402542114,minilm
the united states is responsible for mexico's drugs war,cartel,federal and local,0.0,low,0.25852489471435547,minilm
the united states is responsible for mexico's drugs war,cartel,mexico,0.6,medium,0.5185210704803467,minilm
the united states is responsible for mexico's drugs war,cartel,phoenix,0.1,low,0.2694212794303894,minilm
the united states is responsible for mexico's drugs war,cartel,plan colombia,0.7,high,0.35898253321647644,minilm
the united states is responsible for mexico's drugs war,cartel,united states,0.0,low,0.30856871604919434,minilm
the united states is responsible for mexico's drugs war,cartels,drugs war,0.9,high,0.5108369588851929,minilm
the united states is responsible for mexico's drugs war,cartels,federal and local,0.1,low,0.28328007459640503,minilm
the united states is responsible for mexico's drugs war,cartels,mexico,0.6,medium,0.5184375643730164,minilm
the united states is responsible for mexico's drugs war,cartels,plan colombia,0.7,high,0.35381636023521423,minilm
the united states is responsible for mexico's drugs war,cartels,united states,0.0,low,0.3418624699115753,minilm
the united states is responsible for mexico's drugs war,cartels,wide receiver,0.5,medium,0.12577466666698456,minilm
the united states is responsible for mexico's drugs war,central america,drugs war,0.7,high,0.22146348655223846,minilm
the united states is responsible for mexico's drugs war,central america,mexico,1.0,high,0.6095016598701477,minilm
the united states is responsible for mexico's drugs war,central america,united states,0.4,medium,0.4329390227794647,minilm
the united states is responsible for mexico's drugs war,central american countries,drug enforcement administration,0.2,low,0.18293768167495728,minilm
the united states is responsible for mexico's drugs war,central american countries,drug trafficking organizations,0.6,medium,0.18217617273330688,minilm
the united states is responsible for mexico's drugs war,central american countries,drugs war,0.6,medium,0.21387775242328644,minilm
the united states is responsible for mexico's drugs war,central american countries,gunwalking,0.3,low,0.05515848100185394,minilm
the united states is responsible for mexico's drugs war,central american countries,la familia,0.3,low,0.24857419729232788,minilm
the united states is responsible for mexico's drugs war,central american countries,marijuana,0.6,medium,0.18710435926914215,minilm
the united states is responsible for mexico's drugs war,central american countries,mexico,0.7,high,0.5600599050521851,minilm
the united states is responsible for mexico's drugs war,central american countries,michoac??¿1⁄2n,0.3,low,0.04401693120598793,minilm
the united states is responsible for mexico's drugs war,central american countries,phoenix,0.0,low,0.1803048998117447,minilm
the united states is responsible for mexico's drugs war,central american countries,police forces,0.3,low,0.1474238485097885,minilm
the united states is responsible for mexico's drugs war,central american countries,president felipe calder??n,0.5,medium,0.2008540779352188,minilm
the united states is responsible for mexico's drugs war,central american countries,united states,0.5,medium,0.37802737951278687,minilm
the united states is responsible for mexico's drugs war,central american countries,wide receiver,0.2,low,0.05731264501810074,minilm
the united states is responsible for mexico's drugs war,cocaine,bureau of narcotics,1.0,high,0.43873462080955505,minilm
the united states is responsible for mexico's drugs war,cocaine,colombian,0.5,medium,0.4117783308029175,minilm
the united states is responsible for mexico's drugs war,cocaine,drug trade,1.0,high,0.5797300338745117,minilm
the united states is responsible for mexico's drugs war,cocaine,drugs war,1.0,high,0.5662679076194763,minilm
the united states is responsible for mexico's drugs war,cocaine,la familia,1.0,high,0.2146776020526886,minilm
the united states is responsible for mexico's drugs war,cocaine,mexico,0.2,low,0.3709656894207001,minilm
the united states is responsible for mexico's drugs war,cocaine,united states,0.0,low,0.32330015301704407,minilm
the united states is responsible for mexico's drugs war,colombia,drugs war,0.7,high,0.3054850697517395,minilm
the united states is responsible for mexico's drugs war,colombia,mexico,0.3,low,0.6589543223381042,minilm
the united states is responsible for mexico's drugs war,colombia,united states,0.2,low,0.46340230107307434,minilm
the united states is responsible for mexico's drugs war,colombian,drugs war,0.7,high,0.25297799706459045,minilm
the united states is responsible for mexico's drugs war,colombian,mexico,0.1,low,0.5408442616462708,minilm
the united states is responsible for mexico's drugs war,colombian,united states,0.0,low,0.3813352584838867,minilm
the united states is responsible for mexico's drugs war,department,drugs war,0.0,low,0.23786601424217224,minilm
the united states is responsible for mexico's drugs war,department,mexico,0.0,low,0.2703084647655487,minilm
the united states is responsible for mexico's drugs war,department,united states,0.0,low,0.35044893622398376,minilm
the united states is responsible for mexico's drugs war,district of arizona,drugs war,0.3,low,0.1316290646791458,minilm
the united states is responsible for mexico's drugs war,district of arizona,mexico,0.2,low,0.20959600806236267,minilm
the united states is responsible for mexico's drugs war,district of arizona,united states,0.7,high,0.22429423034191132,minilm
the united states is responsible for mexico's drugs war,drug,colombia,0.4,medium,0.2769030034542084,minilm
the united states is responsible for mexico's drugs war,drug,drugs war,1.0,high,0.6805500984191895,minilm
the united states is responsible for mexico's drugs war,drug,gunwalking,0.2,low,0.29844000935554504,minilm
the united states is responsible for mexico's drugs war,drug,law enforcement efforts,0.6,medium,0.32079076766967773,minilm
the united states is responsible for mexico's drugs war,drug,mexico,0.4,medium,0.29433029890060425,minilm
the united states is responsible for mexico's drugs war,drug,training and equipment,0.0,low,0.22440600395202637,minilm
the united states is responsible for mexico's drugs war,drug,united states,0.2,low,0.31697675585746765,minilm
the united states is responsible for mexico's drugs war,drug cartels,attorney general,0.1,low,0.2667931616306305,minilm
the united states is responsible for mexico's drugs war,drug cartels,colombia,0.8,high,0.44221293926239014,minilm
the united states is responsible for mexico's drugs war,drug cartels,drug trade,1.0,high,0.6728932857513428,minilm
the united states is responsible for mexico's drugs war,drug cartels,drug trafficking organizations,0.9,high,0.6985858082771301,minilm
the united states is responsible for mexico's drugs war,drug cartels,drugs war,1.0,high,0.6545461416244507,minilm
the united states is responsible for mexico's drugs war,drug cartels,ju??¿1⁄2rez cartel,0.9,high,0.5058603882789612,minilm
the united states is responsible for mexico's drugs war,drug cartels,la familia,1.0,high,0.19364720582962036,minilm
the united states is responsible for mexico's drugs war,drug cartels,mexico,0.8,high,0.500091552734375,minilm
the united states is responsible for mexico's drugs war,drug cartels,training and equipment,0.1,low,0.12739896774291992,minilm
the united states is responsible for mexico's drugs war,drug cartels,united states,0.1,low,0.3678942322731018,minilm
the united states is responsible for mexico's drugs war,drug control,drugs war,1.0,high,0.5980105996131897,minilm
the united states is responsible for mexico's drugs war,drug control,mexico,0.6,medium,0.171389639377594,minilm
the united states is responsible for mexico's drugs war,drug control,united states,0.5,medium,0.24785584211349487,minilm
the united states is responsible for mexico's drugs war,drug enforcement administration,drugs war,1.0,high,0.5362973213195801,minilm
the united states is responsible for mexico's drugs war,drug enforcement administration,mexico,0.5,medium,0.27461346983909607,minilm
the united states is responsible for mexico's drugs war,drug enforcement administration,united states,0.8,high,0.36649972200393677,minilm
the united states is responsible for mexico's drugs war,drug trade,drugs war,1.0,high,0.6937459707260132,minilm
the united states is responsible for mexico's drugs war,drug trade,mexico,0.6,medium,0.2813652753829956,minilm
the united states is responsible for mexico's drugs war,drug trade,united states,0.3,low,0.24806739389896393,minilm
the united states is responsible for mexico's drugs war,drug traffickers,attorney general,0.1,low,0.23621101677417755,minilm
the united states is responsible for mexico's drugs war,drug traffickers,colombia,0.6,medium,0.27339208126068115,minilm
the united states is responsible for mexico's drugs war,drug traffickers,drug trade,1.0,high,0.6215431690216064,minilm
the united states is responsible for mexico's drugs war,drug traffickers,drugs war,1.0,high,0.6000826954841614,minilm
the united states is responsible for mexico's drugs war,drug traffickers,early to mid,0.0,low,0.09055524319410324,minilm
the united states is responsible for mexico's drugs war,drug traffickers,ju??¿1⁄2rez cartel,1.0,high,0.29931700229644775,minilm
the united states is responsible for mexico's drugs war,drug traffickers,mexico,0.9,high,0.2455122470855713,minilm
the united states is responsible for mexico's drugs war,drug traffickers,tamaulipas,0.4,medium,0.2580631971359253,minilm
the united states is responsible for mexico's drugs war,drug traffickers,united states,0.7,high,0.21135178208351135,minilm
the united states is responsible for mexico's drugs war,drug traffickers,wide receiver,0.5,medium,0.22439134120941162,minilm
the united states is responsible for mexico's drugs war,drug trafficking,colombian,0.4,medium,0.2544735074043274,minilm
the united states is responsible for mexico's drugs war,drug trafficking,drugs war,1.0,high,0.6354244351387024,minilm
the united states is responsible for mexico's drugs war,drug trafficking,law enforcement officials,0.5,medium,0.25728288292884827,minilm
the united states is responsible for mexico's drugs war,drug trafficking,mexico,0.8,high,0.23043252527713776,minilm
the united states is responsible for mexico's drugs war,drug trafficking,united states,0.7,high,0.18702536821365356,minilm
the united states is responsible for mexico's drugs war,drug trafficking organizations,drugs war,1.0,high,0.5650124549865723,minilm
the united states is responsible for mexico's drugs war,drug trafficking organizations,mexico,0.9,high,0.2260129302740097,minilm
the united states is responsible for mexico's drugs war,drug trafficking organizations,united states,0.5,medium,0.2155601531267166,minilm
the united states is responsible for mexico's drugs war,drugs,district of arizona,0.1,low,0.10432537645101547,minilm
the united states is responsible for mexico's drugs war,drugs,drug trafficking organizations,0.9,high,0.5617217421531677,minilm
the united states is responsible for mexico's drugs war,drugs,drugs war,1.0,high,0.6892990469932556,minilm
the united states is responsible for mexico's drugs war,drugs,federal police,0.6,medium,0.3509722054004669,minilm
the united states is responsible for mexico's drugs war,drugs,law enforcement efforts,0.6,medium,0.3580247759819031,minilm
the united states is responsible for mexico's drugs war,drugs,mexico,0.5,medium,0.3076532483100891,minilm
the united states is responsible for mexico's drugs war,drugs,police forces,0.4,medium,0.36587899923324585,minilm
the united states is responsible for mexico's drugs war,drugs,president felipe calder??n,0.2,low,0.07637074589729309,minilm
the united states is responsible for mexico's drugs war,drugs,united states,0.1,low,0.3287642300128937,minilm
the united states is responsible for mexico's drugs war,early to mid,drugs war,0.0,low,0.11343139410018921,minilm
the united states is responsible for mexico's drugs war,early to mid,mexico,0.0,low,0.19745546579360962,minilm
the united states is responsible for mexico's drugs war,early to mid,united states,0.0,low,0.1472676694393158,minilm
the united states is responsible for mexico's drugs war,fast and furious,bureau of narcotics,0.2,low,0.14819549024105072,minilm
the united states is responsible for mexico's drugs war,fast and furious,drugs war,0.6,medium,0.30850356817245483,minilm
the united states is responsible for mexico's drugs war,fast and furious,mexico,0.7,high,0.22580794990062714,minilm
the united states is responsible for mexico's drugs war,fast and furious,smuggling,0.8,high,0.16899025440216064,minilm
the united states is responsible for mexico's drugs war,fast and furious,tamaulipas,0.1,low,0.26149633526802063,minilm
the united states is responsible for mexico's drugs war,fast and furious,united states,0.8,high,0.21061968803405762,minilm
the united states is responsible for mexico's drugs war,federal and local,drugs war,0.1,low,0.18771621584892273,minilm
the united states is responsible for mexico's drugs war,federal and local,mexico,0.1,low,0.2988402545452118,minilm
the united states is responsible for mexico's drugs war,federal and local,united states,0.2,low,0.37746861577033997,minilm
the united states is responsible for mexico's drugs war,federal police,drugs war,0.8,high,0.29141634702682495,minilm
the united states is responsible for mexico's drugs war,federal police,mexico,0.2,low,0.3304359018802643,minilm
the united states is responsible for mexico's drugs war,federal police,united states,0.4,medium,0.37442323565483093,minilm
the united states is responsible for mexico's drugs war,firearms,attorney,0.1,low,0.2906685471534729,minilm
the united states is responsible for mexico's drugs war,firearms,bureau of narcotics,0.1,low,0.23833820223808289,minilm
the united states is responsible for mexico's drugs war,firearms,central america,0.2,low,0.16779935359954834,minilm
the united states is responsible for mexico's drugs war,firearms,department,0.0,low,0.2852995991706848,minilm
the united states is responsible for mexico's drugs war,firearms,drug trafficking organizations,0.6,medium,0.21715743839740753,minilm
the united states is responsible for mexico's drugs war,firearms,drugs war,0.9,high,0.36110416054725647,minilm
the united states is responsible for mexico's drugs war,firearms,federal and local,0.0,low,0.29873552918434143,minilm
the united states is responsible for mexico's drugs war,firearms,mexico,0.3,low,0.23224006593227386,minilm
the united states is responsible for mexico's drugs war,firearms,smuggling,0.8,high,0.3472573459148407,minilm
the united states is responsible for mexico's drugs war,firearms,training and equipment,0.4,medium,0.42081543803215027,minilm
the united states is responsible for mexico's drugs war,firearms,united states,0.3,low,0.3579277992248535,minilm
the united states is responsible for mexico's drugs war,guns,department,0.0,low,0.22790560126304626,minilm
the united states is responsible for mexico's drugs war,guns,drugs war,0.9,high,0.41166746616363525,minilm
the united states is responsible for mexico's drugs war,guns,federal and local,0.0,low,0.24508026242256165,minilm
the united states is responsible for mexico's drugs war,guns,federal police,0.5,medium,0.40934205055236816,minilm
the united states is responsible for mexico's drugs war,guns,law enforcement efforts,0.3,low,0.418454647064209,minilm
the united states is responsible for mexico's drugs war,guns,mexico,0.3,low,0.23336069285869598,minilm
the united states is responsible for mexico's drugs war,guns,united states,0.3,low,0.3264409005641937,minilm
the united states is responsible for mexico's drugs war,guns,wide receiver,0.7,high,0.2690983712673187,minilm
the united states is responsible for mexico's drugs war,gunwalking,drugs war,0.7,high,0.2864105701446533,minilm
the united states is responsible for mexico's drugs war,gunwalking,mexico,0.8,high,0.17171727120876312,minilm
the united states is responsible for mexico's drugs war,gunwalking,united states,0.8,high,0.24390318989753723,minilm
the united states is responsible for mexico's drugs war,ju?ï¿1⁄2rez cartel,drugs war,0.7,high,0.30720677971839905,minilm
the united states is responsible for mexico's drugs war,ju?ï¿1⁄2rez cartel,mexico,0.8,high,0.450510174036026,minilm
the united states is responsible for mexico's drugs war,ju?ï¿1⁄2rez cartel,united states,0.4,medium,0.22952869534492493,minilm
the united states is responsible for mexico's drugs war,la familia,drugs war,0.8,high,0.11397050321102142,minilm
the united states is responsible for mexico's drugs war,la familia,mexico,0.8,high,0.33248171210289,minilm
the united states is responsible for mexico's drugs war,la familia,united states,0.2,low,0.1964312642812729,minilm
the united states is responsible for mexico's drugs war,law enforcement,colombia,0.1,low,0.3371330499649048,minilm
the united states is responsible for mexico's drugs war,law enforcement,colombian,0.0,low,0.3344055712223053,minilm
the united states is responsible for mexico's drugs war,law enforcement,drug control,1.0,high,0.4054637849330902,minilm
the united states is responsible for mexico's drugs war,law enforcement,drug trafficking organizations,0.8,high,0.3711717128753662,minilm
the united states is responsible for mexico's drugs war,law enforcement,drugs war,0.7,high,0.3169078230857849,minilm
the united states is responsible for mexico's drugs war,law enforcement,law enforcement officials,1.0,high,0.8812583684921265,minilm
the united states is responsible for mexico's drugs war,law enforcement,mexico,0.3,low,0.37328988313674927,minilm
the united states is responsible for mexico's drugs war,law enforcement,phoenix,0.1,low,0.3137838542461395,minilm
the united states is responsible for mexico's drugs war,law enforcement,plan colombia,0.6,medium,0.24104784429073334,minilm
the united states is responsible for mexico's drugs war,law enforcement,smuggling,0.6,medium,0.4510302245616913,minilm
the united states is responsible for mexico's drugs war,law enforcement,tamaulipas,0.1,low,0.21826830506324768,minilm
the united states is responsible for mexico's drugs war,law enforcement,united states,0.2,low,0.4410865902900696,minilm
the united states is responsible for mexico's drugs war,law enforcement efforts,drugs war,0.8,high,0.34431755542755127,minilm
the united states is responsible for mexico's drugs war,law enforcement efforts,mexico,0.2,low,0.22636298835277557,minilm
the united states is responsible for mexico's drugs war,law enforcement efforts,united states,0.1,low,0.2696780562400818,minilm
the united states is responsible for mexico's drugs war,law enforcement officials,drugs war,0.6,medium,0.2224719524383545,minilm
the united states is responsible for mexico's drugs war,law enforcement officials,mexico,0.2,low,0.2594839930534363,minilm
the united states is responsible for mexico's drugs war,law enforcement officials,united states,0.2,low,0.32303091883659363,minilm
the united states is responsible for mexico's drugs war,local law enforcement,attorney general,0.3,low,0.3754938244819641,minilm
the united states is responsible for mexico's drugs war,local law enforcement,department,0.4,medium,0.5268656015396118,minilm
the united states is responsible for mexico's drugs war,local law enforcement,drugs war,0.3,low,0.2321912795305252,minilm
the united states is responsible for mexico's drugs war,local law enforcement,federal police,0.9,high,0.7154738903045654,minilm
the united states is responsible for mexico's drugs war,local law enforcement,law enforcement efforts,1.0,high,0.7079374194145203,minilm
the united states is responsible for mexico's drugs war,local law enforcement,mexico,0.2,low,0.2973356246948242,minilm
the united states is responsible for mexico's drugs war,local law enforcement,michoac??¿1⁄2n,0.1,low,0.09279242902994156,minilm
the united states is responsible for mexico's drugs war,local law enforcement,united states,0.1,low,0.33545127511024475,minilm
the united states is responsible for mexico's drugs war,local law enforcement,wide receiver,0.1,low,0.17389614880084991,minilm
the united states is responsible for mexico's drugs war,los zetas cartel,central america,0.7,high,0.38126030564308167,minilm
the united states is responsible for mexico's drugs war,los zetas cartel,district of arizona,0.1,low,0.1688392460346222,minilm
the united states is responsible for mexico's drugs war,los zetas cartel,drug control,1.0,high,0.22897329926490784,minilm
the united states is responsible for mexico's drugs war,los zetas cartel,drug enforcement administration,0.7,high,0.30249547958374023,minilm
the united states is responsible for mexico's drugs war,los zetas cartel,drugs war,0.9,high,0.3781224489212036,minilm
the united states is responsible for mexico's drugs war,los zetas cartel,mexico,0.9,high,0.5201622247695923,minilm
the united states is responsible for mexico's drugs war,los zetas cartel,phoenix,0.1,low,0.1940729171037674,minilm
the united states is responsible for mexico's drugs war,los zetas cartel,plan colombia,0.2,low,0.39871320128440857,minilm
the united states is responsible for mexico's drugs war,los zetas cartel,president felipe calder??n,0.2,low,0.2822338044643402,minilm
the united states is responsible for mexico's drugs war,los zetas cartel,smuggling,0.8,high,0.40175288915634155,minilm
the united states is responsible for mexico's drugs war,los zetas cartel,training and equipment,0.1,low,0.056474439799785614,minilm
the united states is responsible for mexico's drugs war,los zetas cartel,united states,0.4,medium,0.21811853349208832,minilm
the united states is responsible for mexico's drugs war,m??rida initiative,drugs war,0.7,high,0.21575985848903656,minilm
the united states is responsible for mexico's drugs war,m??rida initiative,federal police,0.3,low,0.18608762323856354,minilm
the united states is responsible for mexico's drugs war,m??rida initiative,gunwalking,0.3,low,0.2152242660522461,minilm
the united states is responsible for mexico's drugs war,m??rida initiative,mexico,0.7,high,0.1761612892150879,minilm
the united states is responsible for mexico's drugs war,m??rida initiative,police forces,0.3,low,0.21244220435619354,minilm
the united states is responsible for mexico's drugs war,m??rida initiative,smuggling,0.5,medium,0.19466635584831238,minilm
the united states is responsible for mexico's drugs war,m??rida initiative,united states,0.7,high,0.1938132643699646,minilm
the united states is responsible for mexico's drugs war,marijuana,drugs war,1.0,high,0.5572367310523987,minilm
the united states is responsible for mexico's drugs war,marijuana,mexico,0.2,low,0.31415003538131714,minilm
the united states is responsible for mexico's drugs war,marijuana,united states,0.1,low,0.3244943916797638,minilm
the united states is responsible for mexico's drugs war,mexican,attorney,0.0,low,0.3127172589302063,minilm
the united states is responsible for mexico's drugs war,mexican,colombia,0.1,low,0.49593523144721985,minilm
the united states is responsible for mexico's drugs war,mexican,department,0.0,low,0.20657263696193695,minilm
the united states is responsible for mexico's drugs war,mexican,district of arizona,0.0,low,0.16335608065128326,minilm
the united states is responsible for mexico's drugs war,mexican,drugs war,1.0,high,0.26140648126602173,minilm
the united states is responsible for mexico's drugs war,mexican,early to mid,0.0,low,0.11263253539800644,minilm
the united states is responsible for mexico's drugs war,mexican,mexico,1.0,high,0.7567054629325867,minilm
the united states is responsible for mexico's drugs war,mexican,phoenix,0.0,low,0.21425896883010864,minilm
the united states is responsible for mexico's drugs war,mexican,united states,0.4,medium,0.39692890644073486,minilm
the united states is responsible for mexico's drugs war,mexican cartels,attorney,0.0,low,0.34240689873695374,minilm
the united states is responsible for mexico's drugs war,mexican cartels,drug enforcement administration,0.9,high,0.4521186351776123,minilm
the united states is responsible for mexico's drugs war,mexican cartels,drugs war,0.9,high,0.47755271196365356,minilm
the united states is responsible for mexico's drugs war,mexican cartels,mexico,1.0,high,0.6602296233177185,minilm
the united states is responsible for mexico's drugs war,mexican cartels,plan colombia,0.2,low,0.39236757159233093,minilm
the united states is responsible for mexico's drugs war,mexican cartels,training and equipment,0.2,low,0.13110733032226562,minilm
the united states is responsible for mexico's drugs war,mexican cartels,united states,0.4,medium,0.3534824848175049,minilm
the united states is responsible for mexico's drugs war,mexican drug cartels,central america,0.8,high,0.42130357027053833,minilm
the united states is responsible for mexico's drugs war,mexican drug cartels,drugs war,1.0,high,0.5733877420425415,minilm
the united states is responsible for mexico's drugs war,mexican drug cartels,federal and local,0.1,low,0.2677556872367859,minilm
the united states is responsible for mexico's drugs war,mexican drug cartels,la familia,1.0,high,0.2686155438423157,minilm
the united states is responsible for mexico's drugs war,mexican drug cartels,law enforcement efforts,0.7,high,0.40264278650283813,minilm
the united states is responsible for mexico's drugs war,mexican drug cartels,law enforcement officials,0.5,medium,0.4205222725868225,minilm
the united states is responsible for mexico's drugs war,mexican drug cartels,mexico,1.0,high,0.6354351043701172,minilm
the united states is responsible for mexico's drugs war,mexican drug cartels,training and equipment,0.2,low,0.10160835087299347,minilm
the united states is responsible for mexico's drugs war,mexican drug cartels,united states,0.5,medium,0.3205849230289459,minilm
the united states is responsible for mexico's drugs war,mexican government,drugs war,0.8,high,0.32097992300987244,minilm
the united states is responsible for mexico's drugs war,mexican government,ju??¿1⁄2rez cartel,0.5,medium,0.41859403252601624,minilm
the united states is responsible for mexico's drugs war,mexican government,law enforcement efforts,0.2,low,0.3779372274875641,minilm
the united states is responsible for mexico's drugs war,mexican government,mexico,1.0,high,0.6792917847633362,minilm
the united states is responsible for mexico's drugs war,mexican government,president felipe calder??n,0.9,high,0.34802648425102234,minilm
the united states is responsible for mexico's drugs war,mexican government,smuggling,0.2,low,0.31935012340545654,minilm
the united states is responsible for mexico's drugs war,mexican government,united states,0.1,low,0.37584659457206726,minilm
the united states is responsible for mexico's drugs war,mexican law enforcement,attorney general,0.1,low,0.33315804600715637,minilm
the united states is responsible for mexico's drugs war,mexican law enforcement,drug enforcement administration,0.5,medium,0.5704973936080933,minilm
the united states is responsible for mexico's drugs war,mexican law enforcement,drugs war,0.9,high,0.30904749035835266,minilm
the united states is responsible for mexico's drugs war,mexican law enforcement,early to mid,0.0,low,0.1143544390797615,minilm
the united states is responsible for mexico's drugs war,mexican law enforcement,gunwalking,0.5,medium,0.27718013525009155,minilm
the united states is responsible for mexico's drugs war,mexican law enforcement,law enforcement efforts,1.0,high,0.6191791892051697,minilm
the united states is responsible for mexico's drugs war,mexican law enforcement,law enforcement officials,0.9,high,0.6755175590515137,minilm
the united states is responsible for mexico's drugs war,mexican law enforcement,mexico,1.0,high,0.660980761051178,minilm
the united states is responsible for mexico's drugs war,mexican law enforcement,plan colombia,0.1,low,0.4014856815338135,minilm
the united states is responsible for mexico's drugs war,mexican law enforcement,smuggling,0.6,medium,0.45885705947875977,minilm
the united states is responsible for mexico's drugs war,mexican law enforcement,training and equipment,0.3,low,0.2222084105014801,minilm
the united states is responsible for mexico's drugs war,mexican law enforcement,united states,0.0,low,0.3456058204174042,minilm
the united states is responsible for mexico's drugs war,mexican law enforcement,wide receiver,0.5,medium,0.22130510210990906,minilm
the united states is responsible for mexico's drugs war,mexico,colombian,0.1,low,0.5408442616462708,minilm
the united states is responsible for mexico's drugs war,mexico,drugs war,1.0,high,0.3176770508289337,minilm
the united states is responsible for mexico's drugs war,mexico,early to mid,0.0,low,0.19745545089244843,minilm
the united states is responsible for mexico's drugs war,mexico,federal and local,0.1,low,0.2988402843475342,minilm
the united states is responsible for mexico's drugs war,mexico,federal police,0.0,low,0.33043593168258667,minilm
the united states is responsible for mexico's drugs war,mexico,gunwalking,0.7,high,0.17171727120876312,minilm
the united states is responsible for mexico's drugs war,mexico,law enforcement officials,0.2,low,0.2594839930534363,minilm
the united states is responsible for mexico's drugs war,mexico,mexico,1.0,high,1.0000001192092896,minilm
the united states is responsible for mexico's drugs war,mexico,michoac??¿1⁄2n,0.7,high,0.21657192707061768,minilm
the united states is responsible for mexico's drugs war,mexico,united states,0.8,high,0.525532603263855,minilm
the united states is responsible for mexico's drugs war,michoac?ï¿1⁄2n,drugs war,0.1,low,0.173835888504982,minilm
the united states is responsible for mexico's drugs war,michoac?ï¿1⁄2n,mexico,0.6,medium,0.20934070646762848,minilm
the united states is responsible for mexico's drugs war,michoac?ï¿1⁄2n,united states,0.0,low,0.15276330709457397,minilm
the united states is responsible for mexico's drugs war,phoenix,drugs war,0.3,low,0.16544023156166077,minilm
the united states is responsible for mexico's drugs war,phoenix,mexico,0.2,low,0.30462154746055603,minilm
the united states is responsible for mexico's drugs war,phoenix,united states,0.6,medium,0.3226298391819,minilm
the united states is responsible for mexico's drugs war,plan colombia,drugs war,0.9,high,0.32265549898147583,minilm
the united states is responsible for mexico's drugs war,plan colombia,mexico,0.1,low,0.48643240332603455,minilm
the united states is responsible for mexico's drugs war,plan colombia,united states,0.9,high,0.29650139808654785,minilm
the united states is responsible for mexico's drugs war,police forces,drugs war,0.9,high,0.33391278982162476,minilm
the united states is responsible for mexico's drugs war,police forces,mexico,0.2,low,0.3073428273200989,minilm
the united states is responsible for mexico's drugs war,police forces,united states,0.2,low,0.3045070469379425,minilm
the united states is responsible for mexico's drugs war,president felipe calder??n,drugs war,0.6,medium,0.14977608621120453,minilm
the united states is responsible for mexico's drugs war,president felipe calder??n,mexico,0.9,high,0.20786026120185852,minilm
the united states is responsible for mexico's drugs war,president felipe calder??n,united states,0.0,low,0.15962466597557068,minilm
the united states is responsible for mexico's drugs war,project gunrunner,attorney,0.0,low,0.16251233220100403,minilm
the united states is responsible for mexico's drugs war,project gunrunner,bureau of narcotics,0.4,medium,0.05658474937081337,minilm
the united states is responsible for mexico's drugs war,project gunrunner,drugs war,0.8,high,0.19878347218036652,minilm
the united states is responsible for mexico's drugs war,project gunrunner,mexico,0.9,high,0.11884705722332001,minilm
the united states is responsible for mexico's drugs war,project gunrunner,phoenix,0.5,medium,0.2032528966665268,minilm
the united states is responsible for mexico's drugs war,project gunrunner,president felipe calder??n,0.1,low,0.09490862488746643,minilm
the united states is responsible for mexico's drugs war,project gunrunner,smuggling,1.0,high,0.1252584308385849,minilm
the united states is responsible for mexico's drugs war,project gunrunner,united states,0.9,high,0.19236084818840027,minilm
the united states is responsible for mexico's drugs war,sinaloa cartel,attorney general,0.0,low,0.3165881633758545,minilm
the united states is responsible for mexico's drugs war,sinaloa cartel,drug control,1.0,high,0.26762714982032776,minilm
the united states is responsible for mexico's drugs war,sinaloa cartel,drugs war,0.9,high,0.3879912495613098,minilm
the united states is responsible for mexico's drugs war,sinaloa cartel,gunwalking,0.4,medium,0.16426391899585724,minilm
the united states is responsible for mexico's drugs war,sinaloa cartel,marijuana,0.8,high,0.2777903079986572,minilm
the united states is responsible for mexico's drugs war,sinaloa cartel,mexico,0.9,high,0.45469754934310913,minilm
the united states is responsible for mexico's drugs war,sinaloa cartel,phoenix,0.4,medium,0.25070932507514954,minilm
the united states is responsible for mexico's drugs war,sinaloa cartel,training and equipment,0.0,low,0.09517768770456314,minilm
the united states is responsible for mexico's drugs war,sinaloa cartel,united states,0.5,medium,0.25138378143310547,minilm
the united states is responsible for mexico's drugs war,smuggling,drugs war,0.9,high,0.40559959411621094,minilm
the united states is responsible for mexico's drugs war,smuggling,mexico,0.5,medium,0.35225343704223633,minilm
the united states is responsible for mexico's drugs war,smuggling,united states,0.4,medium,0.29672354459762573,minilm
the united states is responsible for mexico's drugs war,tamaulipas,drugs war,0.4,medium,0.23891477286815643,minilm
the united states is responsible for mexico's drugs war,tamaulipas,mexico,0.9,high,0.4007188081741333,minilm
the united states is responsible for mexico's drugs war,tamaulipas,united states,0.1,low,0.243784561753273,minilm
the united states is responsible for mexico's drugs war,training and equipment,drugs war,0.1,low,0.1574447602033615,minilm
the united states is responsible for mexico's drugs war,training and equipment,mexico,0.0,low,0.1483994871377945,minilm
the united states is responsible for mexico's drugs war,training and equipment,united states,0.0,low,0.2334870547056198,minilm
the united states is responsible for mexico's drugs war,u.s,colombian,0.1,low,0.3703764081001282,minilm
the united states is responsible for mexico's drugs war,u.s,district of arizona,1.0,high,0.14483708143234253,minilm
the united states is responsible for mexico's drugs war,u.s,drugs war,0.6,medium,0.24680311977863312,minilm
the united states is responsible for mexico's drugs war,u.s,mexico,0.7,high,0.4783976078033447,minilm
the united states is responsible for mexico's drugs war,u.s,police forces,0.2,low,0.31163260340690613,minilm
the united states is responsible for mexico's drugs war,u.s,united states,0.9,high,0.8988463878631592,minilm
the united states is responsible for mexico's drugs war,u.s state department,bureau of narcotics,0.4,medium,0.4898204505443573,minilm
the united states is responsible for mexico's drugs war,u.s state department,central america,0.2,low,0.23033000528812408,minilm
the united states is responsible for mexico's drugs war,u.s state department,district of arizona,0.4,medium,0.4028630256652832,minilm
the united states is responsible for mexico's drugs war,u.s state department,drug trade,0.1,low,0.14842885732650757,minilm
the united states is responsible for mexico's drugs war,u.s state department,drug trafficking organizations,0.3,low,0.30644690990448,minilm
the united states is responsible for mexico's drugs war,u.s state department,drugs war,0.4,medium,0.1913757026195526,minilm
the united states is responsible for mexico's drugs war,u.s state department,early to mid,0.0,low,0.02345302328467369,minilm
the united states is responsible for mexico's drugs war,u.s state department,marijuana,0.1,low,0.22541826963424683,minilm
the united states is responsible for mexico's drugs war,u.s state department,mexico,0.0,low,0.2755449414253235,minilm
the united states is responsible for mexico's drugs war,u.s state department,michoac??¿1⁄2n,0.0,low,0.026773277670145035,minilm
the united states is responsible for mexico's drugs war,u.s state department,police forces,0.4,medium,0.3928513824939728,minilm
the united states is responsible for mexico's drugs war,u.s state department,united states,1.0,high,0.5703529715538025,minilm
the united states is responsible for mexico's drugs war,u.s state department,wide receiver,0.2,low,0.1479456126689911,minilm
the united states is responsible for mexico's drugs war,war on drugs,attorney general,0.1,low,0.20055703818798065,minilm
the united states is responsible for mexico's drugs war,war on drugs,central america,0.8,high,0.17194193601608276,minilm
the united states is responsible for mexico's drugs war,war on drugs,drug trafficking organizations,0.8,high,0.546106219291687,minilm
the united states is responsible for mexico's drugs war,war on drugs,drugs war,1.0,high,0.9513552188873291,minilm
the united states is responsible for mexico's drugs war,war on drugs,federal police,0.8,high,0.2771604061126709,minilm
the united states is responsible for mexico's drugs war,war on drugs,law enforcement efforts,1.0,high,0.3261891007423401,minilm
the united states is responsible for mexico's drugs war,war on drugs,mexico,1.0,high,0.2665228545665741,minilm
the united states is responsible for mexico's drugs war,war on drugs,united states,1.0,high,0.2679060995578766,minilm
the united states is responsible for mexico's drugs war,wide receiver,drugs war,0.6,medium,0.14098934829235077,minilm
the united states is responsible for mexico's drugs war,wide receiver,mexico,0.5,medium,0.27737540006637573,minilm
the united states is responsible for mexico's drugs war,wide receiver,united states,0.8,high,0.23608770966529846,minilm
blasphemy should be criminalized,anders fogh rasmussen,blasphemy,0.1,low,0.04633159190416336,mpnet
blasphemy should be criminalized,blasphemous libel,blasphemy,1.0,high,0.603735089302063,mpnet
blasphemy should be criminalized,blasphemous libel,combating defamation,0.8,high,0.5297482013702393,mpnet
blasphemy should be criminalized,blasphemous libel,islamic conference,0.2,low,0.13638879358768463,mpnet
blasphemy should be criminalized,blasphemous libel,islamic lawyers,0.3,low,0.20112785696983337,mpnet
blasphemy should be criminalized,blasphemous libel,religious,0.9,high,0.2756485939025879,mpnet
blasphemy should be criminalized,blasphemous libel,theo van gogh,0.2,low,0.15896758437156677,mpnet
blasphemy should be criminalized,blasphemy,blasphemy,1.0,high,1.0000001192092896,mpnet
blasphemy should be criminalized,blasphemy law,blasphemy,1.0,high,0.6501553654670715,mpnet
blasphemy should be criminalized,blasphemy law,incitement to hatred,0.7,high,0.5444647669792175,mpnet
blasphemy should be criminalized,blasphemy law,muhammad cartoons,0.7,high,0.39062994718551636,mpnet
blasphemy should be criminalized,blasphemy law,prophet mohammed,0.8,high,0.27681177854537964,mpnet
blasphemy should be criminalized,blasphemy laws,blasphemy,1.0,high,0.6354666948318481,mpnet
blasphemy should be criminalized,blasphemy laws,law offences,0.7,high,0.38214540481567383,mpnet
blasphemy should be criminalized,blasphemy laws,theo van gogh,0.6,medium,0.1328667849302292,mpnet
blasphemy should be criminalized,cartoonist,blasphemy,0.5,medium,0.12597444653511047,mpnet
blasphemy should be criminalized,cartoonists,blasphemy,0.6,medium,0.08199286460876465,mpnet
blasphemy should be criminalized,cartoons,blasphemy,0.3,low,0.13839122653007507,mpnet
blasphemy should be criminalized,cartoons,insult the prophet,0.5,medium,0.23176836967468262,mpnet
blasphemy should be criminalized,combating defamation,blasphemy,0.8,high,0.1560862511396408,mpnet
blasphemy should be criminalized,common law offence,blasphemy,0.6,medium,0.2028093934059143,mpnet
blasphemy should be criminalized,common law offence,freedom,0.1,low,0.22017133235931396,mpnet
blasphemy should be criminalized,common law offence,racial and religious,0.4,medium,0.19180795550346375,mpnet
blasphemy should be criminalized,common law offence,thomas aikenhead,0.2,low,0.06224692985415459,mpnet
blasphemy should be criminalized,danish,blasphemy,0.1,low,0.12270845472812653,mpnet
blasphemy should be criminalized,danish,cartoonist,0.6,medium,0.3098720908164978,mpnet
blasphemy should be criminalized,danish,insult the prophet,0.4,medium,0.07842125743627548,mpnet
blasphemy should be criminalized,death threats,blasphemy,0.2,low,0.14300082623958588,mpnet
blasphemy should be criminalized,defamation of religion,blasphemy,1.0,high,0.2818807363510132,mpnet
blasphemy should be criminalized,defamation of religion,incitement to hatred,0.8,high,0.6575796604156494,mpnet
blasphemy should be criminalized,defamation of religion,insult the prophet,1.0,high,0.5760323405265808,mpnet
blasphemy should be criminalized,defamation of religions,blasphemy,1.0,high,0.25970035791397095,mpnet
blasphemy should be criminalized,defamation of religions,combating defamation,0.9,high,0.7250256538391113,mpnet
blasphemy should be criminalized,defamation of religions,oic,0.3,low,0.031916312873363495,mpnet
blasphemy should be criminalized,draw mohammed day,blasphemy,0.7,high,0.1655803620815277,mpnet
blasphemy should be criminalized,dutch government,blasphemy,0.1,low,0.02578052319586277,mpnet
blasphemy should be criminalized,editor,blasphemy,0.1,low,0.05401244014501572,mpnet
blasphemy should be criminalized,facebook,blasphemy,0.1,low,0.12356841564178467,mpnet
blasphemy should be criminalized,facebook,government of pakistan,0.0,low,0.13770692050457,mpnet
blasphemy should be criminalized,facebook,offence,0.0,low,0.18795150518417358,mpnet
blasphemy should be criminalized,february,blasphemy,0.0,low,0.12861746549606323,mpnet
blasphemy should be criminalized,film,anders fogh rasmussen,0.2,low,0.03995183855295181,mpnet
blasphemy should be criminalized,film,blasphemy,0.2,low,0.06551912426948547,mpnet
blasphemy should be criminalized,film,islamic lawyers,0.1,low,0.10727827996015549,mpnet
blasphemy should be criminalized,film,muhammad cartoons,0.1,low,0.23082345724105835,mpnet
blasphemy should be criminalized,film,thomas aikenhead,0.0,low,0.08241041004657745,mpnet
blasphemy should be criminalized,free speech,blasphemy,1.0,high,0.20517846941947937,mpnet
blasphemy should be criminalized,free speech,february,0.0,low,0.0922451913356781,mpnet
blasphemy should be criminalized,freedom,blasphemy,0.5,medium,0.1349407285451889,mpnet
blasphemy should be criminalized,freedom of expression,blasphemy,0.9,high,0.1377614289522171,mpnet
blasphemy should be criminalized,freedom of expression,death threats,0.4,medium,0.3257863521575928,mpnet
blasphemy should be criminalized,freedom of expression,incitement to hatred,0.9,high,0.4583127498626709,mpnet
blasphemy should be criminalized,freedom of expression,law offences,0.3,low,0.38238459825515747,mpnet
blasphemy should be criminalized,freedom of speech,blasphemy,0.9,high,0.18807798624038696,mpnet
blasphemy should be criminalized,geert wilders,blasphemy,0.3,low,0.10034117102622986,mpnet
blasphemy should be criminalized,geert wilders,law offences,0.2,low,0.24318183958530426,mpnet
blasphemy should be criminalized,government of pakistan,blasphemy,0.2,low,0.018374018371105194,mpnet
blasphemy should be criminalized,incitement to hatred,blasphemy,0.8,high,0.28358522057533264,mpnet
blasphemy should be criminalized,insult the prophet,blasphemy,1.0,high,0.3455349802970886,mpnet
blasphemy should be criminalized,insulting,blasphemy,0.9,high,0.33040058612823486,mpnet
blasphemy should be criminalized,islam,blasphemy,0.9,high,0.24340343475341797,mpnet
blasphemy should be criminalized,islam,islamic conference,1.0,high,0.552692174911499,mpnet
blasphemy should be criminalized,islam,racial and religious,0.5,medium,0.48961135745048523,mpnet
blasphemy should be criminalized,islamic conference,blasphemy,0.4,medium,0.10414789617061615,mpnet
blasphemy should be criminalized,islamic lawyers,blasphemy,0.3,low,0.14587411284446716,mpnet
blasphemy should be criminalized,jyllands posten,anders fogh rasmussen,0.7,high,0.3571010231971741,mpnet
blasphemy should be criminalized,jyllands posten,blasphemy,0.7,high,0.12453670799732208,mpnet
blasphemy should be criminalized,jyllands posten,cartoonists,0.8,high,0.3726140856742859,mpnet
blasphemy should be criminalized,jyllands posten,combating defamation,0.4,medium,0.10343649983406067,mpnet
blasphemy should be criminalized,lahore high court,blasphemy,0.3,low,0.14733988046646118,mpnet
blasphemy should be criminalized,law against blasphemy,blasphemy,1.0,high,0.5540119409561157,mpnet
blasphemy should be criminalized,law offences,blasphemy,0.5,medium,0.15071651339530945,mpnet
blasphemy should be criminalized,mohammed,blasphemy,0.6,medium,0.2650109529495239,mpnet
blasphemy should be criminalized,mohammed,freedom,0.0,low,0.3019285798072815,mpnet
blasphemy should be criminalized,mohammed,government of pakistan,0.1,low,0.3400319814682007,mpnet
blasphemy should be criminalized,mohammed,insulting,0.2,low,0.2773497402667999,mpnet
blasphemy should be criminalized,mohammed,prophet mohammed,1.0,high,0.7946518659591675,mpnet
blasphemy should be criminalized,mohammed,theo van gogh,0.2,low,0.3195176124572754,mpnet
blasphemy should be criminalized,molly norris,blasphemy,0.6,medium,0.15989363193511963,mpnet
blasphemy should be criminalized,muhammad,blasphemy,0.6,medium,0.2480945736169815,mpnet
blasphemy should be criminalized,muhammad,death threats,0.1,low,0.2174755334854126,mpnet
blasphemy should be criminalized,muhammad,insulting,0.3,low,0.251327246427536,mpnet
blasphemy should be criminalized,muhammad,website,0.0,low,0.17482896149158478,mpnet
blasphemy should be criminalized,muhammad cartoons,blasphemy,1.0,high,0.20501184463500977,mpnet
blasphemy should be criminalized,muslim,blasphemy,0.7,high,0.26295894384384155,mpnet
blasphemy should be criminalized,muslim,muhammad cartoons,1.0,high,0.4905455708503723,mpnet
blasphemy should be criminalized,muslims,blasphemy,0.7,high,0.23961587250232697,mpnet
blasphemy should be criminalized,muslims,religious,1.0,high,0.5155173540115356,mpnet
blasphemy should be criminalized,newspaper jyllands posten,blasphemy,0.7,high,0.07194700837135315,mpnet
blasphemy should be criminalized,offence,blasphemy,0.7,high,0.2848631739616394,mpnet
blasphemy should be criminalized,oic,blasphemy,0.4,medium,0.054219089448451996,mpnet
blasphemy should be criminalized,prophet mohammed,blasphemy,0.7,high,0.1985507309436798,mpnet
blasphemy should be criminalized,prophet muhammad,blasphemy,0.8,high,0.1731313169002533,mpnet
blasphemy should be criminalized,prophet muhammad,islamic conference,0.5,medium,0.31499701738357544,mpnet
blasphemy should be criminalized,prophet muhammad,thomas aikenhead,0.3,low,0.2914409041404724,mpnet
blasphemy should be criminalized,prosecution for blasphemy,blasphemy,1.0,high,0.5427031517028809,mpnet
blasphemy should be criminalized,prosecution for blasphemy,dutch government,0.3,low,0.008807484991848469,mpnet
blasphemy should be criminalized,prosecution for blasphemy,editor,0.0,low,-0.023326154798269272,mpnet
blasphemy should be criminalized,prosecution for blasphemy,insult the prophet,0.9,high,0.44309574365615845,mpnet
blasphemy should be criminalized,prosecution for blasphemy,theo van gogh,0.5,medium,0.11883577704429626,mpnet
blasphemy should be criminalized,prosecution for blasphemy,website,0.0,low,0.08987383544445038,mpnet
blasphemy should be criminalized,protest movement,blasphemy,0.1,low,0.06975260376930237,mpnet
blasphemy should be criminalized,protest movement,cartoonists,0.3,low,0.19636400043964386,mpnet
blasphemy should be criminalized,protest movement,death threats,0.3,low,0.2670576274394989,mpnet
blasphemy should be criminalized,protest movement,islamic conference,0.2,low,0.37890803813934326,mpnet
blasphemy should be criminalized,racial and religious,blasphemy,0.7,high,0.0764206051826477,mpnet
blasphemy should be criminalized,religious,blasphemy,1.0,high,0.21975654363632202,mpnet
blasphemy should be criminalized,religious insult,blasphemy,1.0,high,0.35621264576911926,mpnet
blasphemy should be criminalized,religious insult,freedom,0.3,low,0.14063020050525665,mpnet
blasphemy should be criminalized,south park,blasphemy,0.4,medium,0.12898364663124084,mpnet
blasphemy should be criminalized,south park,religious,0.0,low,0.23980653285980225,mpnet
blasphemy should be criminalized,south park episode,blasphemy,0.5,medium,0.1096205785870552,mpnet
blasphemy should be criminalized,south park episode,combating defamation,0.1,low,0.09572529047727585,mpnet
blasphemy should be criminalized,south park episode,death threats,0.1,low,0.1537504494190216,mpnet
blasphemy should be criminalized,theo van gogh,blasphemy,0.4,medium,0.1808125078678131,mpnet
blasphemy should be criminalized,thomas aikenhead,blasphemy,0.7,high,0.15562739968299866,mpnet
blasphemy should be criminalized,website,blasphemy,0.0,low,0.09730198234319687,mpnet
multiculturalism should be embraced,acculturation,ethnic enclaves,0.8,high,0.41212403774261475,mpnet
multiculturalism should be embraced,acculturation,minority,0.8,high,0.36702483892440796,mpnet
multiculturalism should be embraced,acculturation,multiculturalism,1.0,high,0.5639129281044006,mpnet
multiculturalism should be embraced,acculturation strategies,multiculturalism,1.0,high,0.44321173429489136,mpnet
multiculturalism should be embraced,alliance of civilizations,level of immigration,0.3,low,0.13405652344226837,mpnet
multiculturalism should be embraced,alliance of civilizations,multiculturalism,0.6,medium,0.37838953733444214,mpnet
multiculturalism should be embraced,alliance of civilizations,values,0.2,low,0.13570156693458557,mpnet
multiculturalism should be embraced,americans,multiculturalism,0.4,medium,0.4086773991584778,mpnet
multiculturalism should be embraced,assimilation of immigrants,multiculturalism,1.0,high,0.5186203718185425,mpnet
multiculturalism should be embraced,canadian identity,acculturation strategies,0.6,medium,0.31173014640808105,mpnet
multiculturalism should be embraced,canadian identity,ethnic group,0.6,medium,0.34811025857925415,mpnet
multiculturalism should be embraced,canadian identity,groups,0.3,low,0.13660062849521637,mpnet
multiculturalism should be embraced,canadian identity,multiculturalism,0.7,high,0.3537522256374359,mpnet
multiculturalism should be embraced,canadians,multiculturalism,0.5,medium,0.37743625044822693,mpnet
multiculturalism should be embraced,charter of rights,multiculturalism,0.4,medium,0.26605868339538574,mpnet
multiculturalism should be embraced,cosmopolitanism,multiculturalism,0.8,high,0.787738561630249,mpnet
multiculturalism should be embraced,critic of multiculturalism,assimilation of immigrants,0.7,high,0.4589475989341736,mpnet
multiculturalism should be embraced,critic of multiculturalism,declaration,0.0,low,0.1612982153892517,mpnet
multiculturalism should be embraced,critic of multiculturalism,multiculturalism,1.0,high,0.7056165933609009,mpnet
multiculturalism should be embraced,critic of multiculturalism,society,0.2,low,0.2454751431941986,mpnet
multiculturalism should be embraced,critics of multiculturalism,multiculturalism,1.0,high,0.7225148677825928,mpnet
multiculturalism should be embraced,critics of multiculturalism,race and ethnicity,0.7,high,0.4780908226966858,mpnet
multiculturalism should be embraced,cultural,group or groups,0.4,medium,0.21813072264194489,mpnet
multiculturalism should be embraced,cultural,groups,0.5,medium,0.3492259383201599,mpnet
multiculturalism should be embraced,cultural,multiculturalism,0.8,high,0.6124196648597717,mpnet
multiculturalism should be embraced,cultural,protection and promotion,0.2,low,0.2602054178714752,mpnet
multiculturalism should be embraced,cultural,race and ethnicity,0.9,high,0.5998187065124512,mpnet
multiculturalism should be embraced,cultural communities,multiculturalism,1.0,high,0.49361056089401245,mpnet
multiculturalism should be embraced,cultural competence,ethnic and cultural,0.6,medium,0.6176843643188477,mpnet
multiculturalism should be embraced,cultural competence,multiculturalism,0.8,high,0.6124571561813354,mpnet
multiculturalism should be embraced,cultural diversity,cultural communities,0.9,high,0.6667550802230835,mpnet
multiculturalism should be embraced,cultural diversity,international students,0.8,high,0.3052462041378021,mpnet
multiculturalism should be embraced,cultural diversity,multiculturalism,1.0,high,0.7591508626937866,mpnet
multiculturalism should be embraced,cultural diversity,values,0.3,low,0.22568485140800476,mpnet
multiculturalism should be embraced,cultural imperialism,multiculturalism,0.8,high,0.5320339202880859,mpnet
multiculturalism should be embraced,cultural imperialism,multiculturalism act,0.8,high,0.3878048062324524,mpnet
multiculturalism should be embraced,cultural imperialism,protection and promotion,0.3,low,0.33376961946487427,mpnet
multiculturalism should be embraced,culture,canadians,0.1,low,0.3474092185497284,mpnet
multiculturalism should be embraced,culture,multiculturalism,1.0,high,0.611822247505188,mpnet
multiculturalism should be embraced,culture,values,0.6,medium,0.39190828800201416,mpnet
multiculturalism should be embraced,cultures,cosmopolitanism,0.5,medium,0.558586061000824,mpnet
multiculturalism should be embraced,cultures,multiculturalism,1.0,high,0.6086405515670776,mpnet
multiculturalism should be embraced,diverse communities,multiculturalism,1.0,high,0.6406959891319275,mpnet
multiculturalism should be embraced,diversity,interculturalism,0.7,high,0.4588647782802582,mpnet
multiculturalism should be embraced,diversity,levels of immigration,0.4,medium,0.23802156746387482,mpnet
multiculturalism should be embraced,diversity,multiculturalism,1.0,high,0.6625925302505493,mpnet
multiculturalism should be embraced,donât trust people,multiculturalism,0.0,low,0.09975728392601013,mpnet
multiculturalism should be embraced,ethnic,cultural communities,0.7,high,0.4081577658653259,mpnet
multiculturalism should be embraced,ethnic,multiculturalism,0.7,high,0.5722529888153076,mpnet
multiculturalism should be embraced,ethnic and cultural,multiculturalism,0.9,high,0.6597431898117065,mpnet
multiculturalism should be embraced,ethnic enclaves,multiculturalism,0.9,high,0.47139886021614075,mpnet
multiculturalism should be embraced,ethnic group,multiculturalism,1.0,high,0.5498541593551636,mpnet
multiculturalism should be embraced,ethnic groups,americans,0.6,medium,0.4370426535606384,mpnet
multiculturalism should be embraced,ethnic groups,indigenous individuals,0.9,high,0.5862010717391968,mpnet
multiculturalism should be embraced,ethnic groups,minority,1.0,high,0.486458957195282,mpnet
multiculturalism should be embraced,ethnic groups,multiculturalism,1.0,high,0.598699688911438,mpnet
multiculturalism should be embraced,ethnic groups,national,0.6,medium,0.26906681060791016,mpnet
multiculturalism should be embraced,ethnic groups,protection and promotion,0.4,medium,0.21632131934165955,mpnet
multiculturalism should be embraced,group or groups,multiculturalism,0.5,medium,0.1937617063522339,mpnet
multiculturalism should be embraced,groups,multiculturalism,0.5,medium,0.28280723094940186,mpnet
multiculturalism should be embraced,gudykunst and kim,multiculturalism,0.7,high,0.13786324858665466,mpnet
multiculturalism should be embraced,identity,assimilation of immigrants,0.7,high,0.2592678666114807,mpnet
multiculturalism should be embraced,identity,canadians,0.3,low,0.2691563069820404,mpnet
multiculturalism should be embraced,identity,interculturalism,0.4,medium,0.31544286012649536,mpnet
multiculturalism should be embraced,identity,multiculturalism,0.7,high,0.30379241704940796,mpnet
multiculturalism should be embraced,indigenous individuals,multiculturalism,0.8,high,0.417812705039978,mpnet
multiculturalism should be embraced,indigenous peoples,multiculturalism,0.8,high,0.4687121510505676,mpnet
multiculturalism should be embraced,indigenous peoples,white australia policy,0.6,medium,0.3443409204483032,mpnet
multiculturalism should be embraced,interculturalism,multiculturalism,1.0,high,0.7699589133262634,mpnet
multiculturalism should be embraced,international students,multiculturalism,0.5,medium,0.3247946798801422,mpnet
multiculturalism should be embraced,john ralston saul,multiculturalism,0.5,medium,0.08167432248592377,mpnet
multiculturalism should be embraced,knowledge and skills,assimilation of immigrants,0.1,low,0.169020414352417,mpnet
multiculturalism should be embraced,knowledge and skills,multiculturalism,0.0,low,0.3294883668422699,mpnet
multiculturalism should be embraced,kramer's dad theory,ethnic and cultural,0.5,medium,0.1471777856349945,mpnet
multiculturalism should be embraced,kramer's dad theory,multiculturalism,0.7,high,0.16191458702087402,mpnet
multiculturalism should be embraced,level of immigration,multiculturalism,0.7,high,0.38830676674842834,mpnet
multiculturalism should be embraced,levels of immigration,multiculturalism,0.6,medium,0.38605135679244995,mpnet
multiculturalism should be embraced,melting,multiculturalism,0.1,low,0.20216447114944458,mpnet
multiculturalism should be embraced,melting pot,ethnic and cultural,0.7,high,0.49984705448150635,mpnet
multiculturalism should be embraced,melting pot,ethnic group,1.0,high,0.5355112552642822,mpnet
multiculturalism should be embraced,melting pot,multiculturalism,1.0,high,0.5812159180641174,mpnet
multiculturalism should be embraced,melting pot theory,level of immigration,0.8,high,0.3719930052757263,mpnet
multiculturalism should be embraced,melting pot theory,levels of immigration,0.8,high,0.378139466047287,mpnet
multiculturalism should be embraced,melting pot theory,multiculturalism,1.0,high,0.6236320734024048,mpnet
multiculturalism should be embraced,minority,multiculturalism,0.8,high,0.4281819462776184,mpnet
multiculturalism should be embraced,minority groups,multiculturalism,0.9,high,0.47719675302505493,mpnet
multiculturalism should be embraced,multicultural,group or groups,0.4,medium,0.24284905195236206,mpnet
multiculturalism should be embraced,multicultural,multiculturalism,1.0,high,0.7944642305374146,mpnet
multiculturalism should be embraced,multicultural,white australia policy,0.9,high,0.3501448631286621,mpnet
multiculturalism should be embraced,multicultural education,ethnic group,0.8,high,0.36350852251052856,mpnet
multiculturalism should be embraced,multicultural education,multiculturalism,1.0,high,0.6919225454330444,mpnet
multiculturalism should be embraced,multicultural education,protection and promotion,0.3,low,0.16343408823013306,mpnet
multiculturalism should be embraced,multicultural education,race and ethnicity,0.9,high,0.46666204929351807,mpnet
multiculturalism should be embraced,multicultural society,cultural communities,0.9,high,0.6205532550811768,mpnet
multiculturalism should be embraced,multicultural society,diverse communities,0.9,high,0.752517819404602,mpnet
multiculturalism should be embraced,multicultural society,minority,0.7,high,0.44949859380722046,mpnet
multiculturalism should be embraced,multicultural society,multiculturalism,1.0,high,0.8199335336685181,mpnet
multiculturalism should be embraced,multicultural society,multiculturalism act,0.9,high,0.5757220983505249,mpnet
multiculturalism should be embraced,multiculturalism,declaration,0.0,low,0.24879232048988342,mpnet
multiculturalism should be embraced,multiculturalism,donât trust people,0.0,low,0.09975728392601013,mpnet
multiculturalism should be embraced,multiculturalism,ethnic group,1.0,high,0.5498541593551636,mpnet
multiculturalism should be embraced,multiculturalism,john ralston saul,0.4,medium,0.08167432248592377,mpnet
multiculturalism should be embraced,multiculturalism,multiculturalism,1.0,high,0.9999998807907104,mpnet
multiculturalism should be embraced,multiculturalism,protection and promotion,0.3,low,0.33851221203804016,mpnet
multiculturalism should be embraced,multiculturalism act,multiculturalism,1.0,high,0.6546177864074707,mpnet
multiculturalism should be embraced,national,multiculturalism,0.4,medium,0.30371665954589844,mpnet
multiculturalism should be embraced,national culture,multiculturalism,1.0,high,0.6108993291854858,mpnet
multiculturalism should be embraced,national identity,diverse communities,0.9,high,0.44405633211135864,mpnet
multiculturalism should be embraced,national identity,multiculturalism,0.9,high,0.566245436668396,mpnet
multiculturalism should be embraced,policy of multiculturalism,group or groups,0.3,low,0.09164214134216309,mpnet
multiculturalism should be embraced,policy of multiculturalism,multiculturalism,1.0,high,0.7675122022628784,mpnet
multiculturalism should be embraced,policy of multiculturalism,white australia policy,0.8,high,0.6095132827758789,mpnet
multiculturalism should be embraced,protection and promotion,multiculturalism,0.3,low,0.33851221203804016,mpnet
multiculturalism should be embraced,race and ethnicity,multiculturalism,1.0,high,0.6211801171302795,mpnet
multiculturalism should be embraced,society,multiculturalism,0.8,high,0.42372769117355347,mpnet
multiculturalism should be embraced,southern and eastern,multiculturalism,0.1,low,0.27357959747314453,mpnet
multiculturalism should be embraced,southern and eastern,protection and promotion,0.0,low,0.11396034806966782,mpnet
multiculturalism should be embraced,values,multiculturalism,0.2,low,0.25526541471481323,mpnet
multiculturalism should be embraced,white australia policy,multiculturalism,0.8,high,0.45589226484298706,mpnet
previous convictions should be disclosed in court,acts of union,court,0.0,low,0.26392218470573425,mpnet
previous convictions should be disclosed in court,acts of union,previous convictions,0.0,low,0.07844813913106918,mpnet
previous convictions should be disclosed in court,american law institute,court,0.6,medium,0.43011474609375,mpnet
previous convictions should be disclosed in court,american law institute,previous convictions,0.4,medium,0.2189536690711975,mpnet
previous convictions should be disclosed in court,bad character evidence,court,0.8,high,0.31451207399368286,mpnet
previous convictions should be disclosed in court,bad character evidence,previous convictions,0.9,high,0.4063681364059448,mpnet
previous convictions should be disclosed in court,civil and criminal,american law institute,0.8,high,0.3541945219039917,mpnet
previous convictions should be disclosed in court,civil and criminal,civil law systems,0.9,high,0.6385380029678345,mpnet
previous convictions should be disclosed in court,civil and criminal,court,1.0,high,0.5873634815216064,mpnet
previous convictions should be disclosed in court,civil and criminal,criminal trials,1.0,high,0.6490004658699036,mpnet
previous convictions should be disclosed in court,civil and criminal,fair trial rights,0.7,high,0.4207671582698822,mpnet
previous convictions should be disclosed in court,civil and criminal,jurisdiction,0.7,high,0.4823877811431885,mpnet
previous convictions should be disclosed in court,civil and criminal,legal profession,0.7,high,0.4091310501098633,mpnet
previous convictions should be disclosed in court,civil and criminal,previous convictions,0.6,medium,0.5148884654045105,mpnet
previous convictions should be disclosed in court,civil and criminal,prospective jurors,0.5,medium,0.2606472373008728,mpnet
previous convictions should be disclosed in court,civil cases,court,1.0,high,0.6576968431472778,mpnet
previous convictions should be disclosed in court,civil cases,previous convictions,0.5,medium,0.44321948289871216,mpnet
previous convictions should be disclosed in court,civil cases,rules,0.3,low,0.17536479234695435,mpnet
previous convictions should be disclosed in court,civil law,civil procedure,1.0,high,0.7741244435310364,mpnet
previous convictions should be disclosed in court,civil law,common law systems,1.0,high,0.6227654218673706,mpnet
previous convictions should be disclosed in court,civil law,court,0.9,high,0.6205702424049377,mpnet
previous convictions should be disclosed in court,civil law,previous convictions,0.6,medium,0.31079941987991333,mpnet
previous convictions should be disclosed in court,civil law,prospective jurors,0.4,medium,0.2795758843421936,mpnet
previous convictions should be disclosed in court,civil law,scotland,0.2,low,0.13982728123664856,mpnet
previous convictions should be disclosed in court,civil law systems,court,1.0,high,0.4804222583770752,mpnet
previous convictions should be disclosed in court,civil law systems,previous convictions,0.5,medium,0.3164116144180298,mpnet
previous convictions should be disclosed in court,civil procedure,court,1.0,high,0.558240532875061,mpnet
previous convictions should be disclosed in court,civil procedure,previous convictions,0.5,medium,0.2728460431098938,mpnet
previous convictions should be disclosed in court,common law,acts of union,0.2,low,0.39355039596557617,mpnet
previous convictions should be disclosed in court,common law,common law jurisdictions,1.0,high,0.7724660634994507,mpnet
previous convictions should be disclosed in court,common law,conviction,0.5,medium,0.40347403287887573,mpnet
previous convictions should be disclosed in court,common law,court,0.8,high,0.5632147789001465,mpnet
previous convictions should be disclosed in court,common law,criminal history,0.5,medium,0.23958232998847961,mpnet
previous convictions should be disclosed in court,common law,jury tampering,0.4,medium,0.29564523696899414,mpnet
previous convictions should be disclosed in court,common law,previous convictions,0.5,medium,0.2573307752609253,mpnet
previous convictions should be disclosed in court,common law,scottish parliament,0.1,low,0.2573695182800293,mpnet
previous convictions should be disclosed in court,common law jurisdictions,court,0.8,high,0.4707479476928711,mpnet
previous convictions should be disclosed in court,common law jurisdictions,previous convictions,0.4,medium,0.2207375168800354,mpnet
previous convictions should be disclosed in court,common law systems,court,1.0,high,0.4502027630805969,mpnet
previous convictions should be disclosed in court,common law systems,previous convictions,0.5,medium,0.2430819720029831,mpnet
previous convictions should be disclosed in court,convicted,court,1.0,high,0.5129121541976929,mpnet
previous convictions should be disclosed in court,convicted,previous convictions,1.0,high,0.6198995113372803,mpnet
previous convictions should be disclosed in court,conviction,court,1.0,high,0.5778713226318359,mpnet
previous convictions should be disclosed in court,conviction,previous convictions,1.0,high,0.6187113523483276,mpnet
previous convictions should be disclosed in court,court,common law systems,0.9,high,0.4502027630805969,mpnet
previous convictions should be disclosed in court,court,court,1.0,high,0.9999998807907104,mpnet
previous convictions should be disclosed in court,court,criminal trials,1.0,high,0.6402332186698914,mpnet
previous convictions should be disclosed in court,court,previous convictions,0.9,high,0.44749781489372253,mpnet
previous convictions should be disclosed in court,court,scotland,0.0,low,0.24839666485786438,mpnet
previous convictions should be disclosed in court,court of appeal,court,1.0,high,0.7033145427703857,mpnet
previous convictions should be disclosed in court,court of appeal,court was established,0.3,low,0.6460103988647461,mpnet
previous convictions should be disclosed in court,court of appeal,federal,0.2,low,0.2880309820175171,mpnet
previous convictions should be disclosed in court,court of appeal,previous convictions,0.6,medium,0.3596903681755066,mpnet
previous convictions should be disclosed in court,court of appeal,scotland,0.0,low,0.16170285642147064,mpnet
previous convictions should be disclosed in court,court of appeal,scottish parliament,0.1,low,0.29666727781295776,mpnet
previous convictions should be disclosed in court,court was established,court,0.7,high,0.6778222322463989,mpnet
previous convictions should be disclosed in court,court was established,previous convictions,0.3,low,0.29508471488952637,mpnet
previous convictions should be disclosed in court,courts,common law systems,0.9,high,0.5542725324630737,mpnet
previous convictions should be disclosed in court,courts,court,1.0,high,0.923263669013977,mpnet
previous convictions should be disclosed in court,courts,previous convictions,1.0,high,0.43653517961502075,mpnet
previous convictions should be disclosed in court,courts,scotland,0.0,low,0.2587541937828064,mpnet
previous convictions should be disclosed in court,criminal,civil law systems,0.6,medium,0.35392022132873535,mpnet
previous convictions should be disclosed in court,criminal,common law jurisdictions,0.6,medium,0.20717357099056244,mpnet
previous convictions should be disclosed in court,criminal,court,0.9,high,0.4777171015739441,mpnet
previous convictions should be disclosed in court,criminal,fair trial rights,0.7,high,0.2971944808959961,mpnet
previous convictions should be disclosed in court,criminal,legal profession,0.3,low,0.3452869951725006,mpnet
previous convictions should be disclosed in court,criminal,previous convictions,0.8,high,0.4930742383003235,mpnet
previous convictions should be disclosed in court,criminal and civil,court,1.0,high,0.5941342711448669,mpnet
previous convictions should be disclosed in court,criminal and civil,previous convictions,0.6,medium,0.5293139815330505,mpnet
previous convictions should be disclosed in court,criminal case,court,1.0,high,0.681114673614502,mpnet
previous convictions should be disclosed in court,criminal case,previous convictions,0.8,high,0.5301123261451721,mpnet
previous convictions should be disclosed in court,criminal cases,acts of union,0.0,low,0.23868724703788757,mpnet
previous convictions should be disclosed in court,criminal cases,common law systems,0.9,high,0.5059285163879395,mpnet
previous convictions should be disclosed in court,criminal cases,court,1.0,high,0.6617004871368408,mpnet
previous convictions should be disclosed in court,criminal cases,criminal and civil,0.8,high,0.7236084938049316,mpnet
previous convictions should be disclosed in court,criminal cases,jury tampering,0.6,medium,0.4100835919380188,mpnet
previous convictions should be disclosed in court,criminal cases,previous convictions,0.8,high,0.5505548119544983,mpnet
previous convictions should be disclosed in court,criminal cases,rules of evidence,0.7,high,0.4112895727157593,mpnet
previous convictions should be disclosed in court,criminal history,court,0.5,medium,0.44988787174224854,mpnet
previous convictions should be disclosed in court,criminal history,previous convictions,1.0,high,0.8329999446868896,mpnet
previous convictions should be disclosed in court,criminal history category,court,0.7,high,0.3653883934020996,mpnet
previous convictions should be disclosed in court,criminal history category,previous convictions,0.8,high,0.6374293565750122,mpnet
previous convictions should be disclosed in court,criminal history category,stare decisis,0.4,medium,0.14134106040000916,mpnet
previous convictions should be disclosed in court,criminal justice act,common law jurisdictions,0.4,medium,0.4306259751319885,mpnet
previous convictions should be disclosed in court,criminal justice act,court,0.8,high,0.40680086612701416,mpnet
previous convictions should be disclosed in court,criminal justice act,criminal history,0.7,high,0.4557911157608032,mpnet
previous convictions should be disclosed in court,criminal justice act,criminal trials,1.0,high,0.5633378028869629,mpnet
previous convictions should be disclosed in court,criminal justice act,federal,0.2,low,0.3124259412288666,mpnet
previous convictions should be disclosed in court,criminal justice act,mens rea,0.6,medium,0.20339474081993103,mpnet
previous convictions should be disclosed in court,criminal justice act,parliament,0.6,medium,0.29987505078315735,mpnet
previous convictions should be disclosed in court,criminal justice act,previous convictions,0.4,medium,0.40063750743865967,mpnet
previous convictions should be disclosed in court,criminal law,convicted,0.7,high,0.4943637251853943,mpnet
previous convictions should be disclosed in court,criminal law,court,1.0,high,0.6397640109062195,mpnet
previous convictions should be disclosed in court,criminal law,criminal and civil,0.9,high,0.723639965057373,mpnet
previous convictions should be disclosed in court,criminal law,federal,0.3,low,0.31807178258895874,mpnet
previous convictions should be disclosed in court,criminal law,judicial,0.7,high,0.6684510111808777,mpnet
previous convictions should be disclosed in court,criminal law,previous convictions,0.9,high,0.49551886320114136,mpnet
previous convictions should be disclosed in court,criminal law,rules of evidence,0.8,high,0.42428988218307495,mpnet
previous convictions should be disclosed in court,criminal law,scotland,0.0,low,0.20127777755260468,mpnet
previous convictions should be disclosed in court,criminal trials,court,1.0,high,0.6402332186698914,mpnet
previous convictions should be disclosed in court,criminal trials,previous convictions,0.8,high,0.5229912996292114,mpnet
previous convictions should be disclosed in court,defendant,court,1.0,high,0.663159966468811,mpnet
previous convictions should be disclosed in court,defendant,criminal history,0.7,high,0.4283354878425598,mpnet
previous convictions should be disclosed in court,defendant,previous convictions,0.7,high,0.4407002329826355,mpnet
previous convictions should be disclosed in court,defendant,prospective jurors,0.5,medium,0.425226092338562,mpnet
previous convictions should be disclosed in court,defendant,scotland,0.0,low,0.15102753043174744,mpnet
previous convictions should be disclosed in court,double jeopardy,american law institute,0.5,medium,0.24639365077018738,mpnet
previous convictions should be disclosed in court,double jeopardy,court,0.8,high,0.39598196744918823,mpnet
previous convictions should be disclosed in court,double jeopardy,criminal and civil,0.5,medium,0.46703073382377625,mpnet
previous convictions should be disclosed in court,double jeopardy,previous convictions,0.6,medium,0.41393405199050903,mpnet
previous convictions should be disclosed in court,double jeopardy,prosecution,0.7,high,0.5605432987213135,mpnet
previous convictions should be disclosed in court,england and wales,court,0.0,low,0.18566152453422546,mpnet
previous convictions should be disclosed in court,england and wales,court was established,0.1,low,0.18371592462062836,mpnet
previous convictions should be disclosed in court,england and wales,criminal and civil,0.0,low,0.21741989254951477,mpnet
previous convictions should be disclosed in court,england and wales,jury tampering,0.1,low,0.01710076816380024,mpnet
previous convictions should be disclosed in court,england and wales,previous convictions,0.0,low,0.08372242003679276,mpnet
previous convictions should be disclosed in court,england and wales,stare decisis,0.0,low,0.08433686941862106,mpnet
previous convictions should be disclosed in court,english common law,bad character evidence,0.5,medium,0.109807088971138,mpnet
previous convictions should be disclosed in court,english common law,civil procedure,0.7,high,0.5004562139511108,mpnet
previous convictions should be disclosed in court,english common law,court,0.7,high,0.4831197261810303,mpnet
previous convictions should be disclosed in court,english common law,previous convictions,0.3,low,0.21153493225574493,mpnet
previous convictions should be disclosed in court,fair trial rights,court,1.0,high,0.4670776128768921,mpnet
previous convictions should be disclosed in court,fair trial rights,previous convictions,0.7,high,0.34754878282546997,mpnet
previous convictions should be disclosed in court,federal,court,0.6,medium,0.3464032709598541,mpnet
previous convictions should be disclosed in court,federal,previous convictions,0.1,low,0.2457277476787567,mpnet
previous convictions should be disclosed in court,judicial,court,1.0,high,0.7408006191253662,mpnet
previous convictions should be disclosed in court,judicial,previous convictions,0.6,medium,0.41454923152923584,mpnet
previous convictions should be disclosed in court,juries,american law institute,0.5,medium,0.38206714391708374,mpnet
previous convictions should be disclosed in court,juries,civil procedure,0.7,high,0.41777461767196655,mpnet
previous convictions should be disclosed in court,juries,court,1.0,high,0.5590250492095947,mpnet
previous convictions should be disclosed in court,juries,criminal history,0.5,medium,0.379746675491333,mpnet
previous convictions should be disclosed in court,juries,federal,0.2,low,0.30375936627388,mpnet
previous convictions should be disclosed in court,juries,previous convictions,0.5,medium,0.3730083703994751,mpnet
previous convictions should be disclosed in court,juries,prosecution,1.0,high,0.5485249757766724,mpnet
previous convictions should be disclosed in court,jurisdiction,court,0.9,high,0.6040946245193481,mpnet
previous convictions should be disclosed in court,jurisdiction,previous convictions,0.5,medium,0.28849154710769653,mpnet
previous convictions should be disclosed in court,jurors,conviction,1.0,high,0.45443713665008545,mpnet
previous convictions should be disclosed in court,jurors,court,1.0,high,0.5111008882522583,mpnet
previous convictions should be disclosed in court,jurors,jury tampering,0.9,high,0.6764219999313354,mpnet
previous convictions should be disclosed in court,jurors,previous convictions,0.5,medium,0.31518271565437317,mpnet
previous convictions should be disclosed in court,jury,court,1.0,high,0.6299387812614441,mpnet
previous convictions should be disclosed in court,jury,fair trial rights,0.9,high,0.4811662435531616,mpnet
previous convictions should be disclosed in court,jury,previous convictions,0.7,high,0.37331295013427734,mpnet
previous convictions should be disclosed in court,jury,prosecution,0.9,high,0.5677319169044495,mpnet
previous convictions should be disclosed in court,jury,rules,0.3,low,0.2687791585922241,mpnet
previous convictions should be disclosed in court,jury tampering,court,0.9,high,0.46949803829193115,mpnet
previous convictions should be disclosed in court,jury tampering,previous convictions,0.3,low,0.3528701066970825,mpnet
previous convictions should be disclosed in court,jury trial,civil procedure,0.9,high,0.4520834982395172,mpnet
previous convictions should be disclosed in court,jury trial,common law systems,0.8,high,0.3555043339729309,mpnet
previous convictions should be disclosed in court,jury trial,conviction,0.9,high,0.566572904586792,mpnet
previous convictions should be disclosed in court,jury trial,court,1.0,high,0.6382094025611877,mpnet
previous convictions should be disclosed in court,jury trial,criminal trials,1.0,high,0.7445567846298218,mpnet
previous convictions should be disclosed in court,jury trial,federal,0.2,low,0.23552891612052917,mpnet
previous convictions should be disclosed in court,jury trial,previous convictions,0.6,medium,0.39554542303085327,mpnet
previous convictions should be disclosed in court,jury trials,common law jurisdictions,0.5,medium,0.38478147983551025,mpnet
previous convictions should be disclosed in court,jury trials,court,1.0,high,0.6443401575088501,mpnet
previous convictions should be disclosed in court,jury trials,court was established,0.4,medium,0.5101202726364136,mpnet
previous convictions should be disclosed in court,jury trials,criminal and civil,0.8,high,0.4956744909286499,mpnet
previous convictions should be disclosed in court,jury trials,previous convictions,0.7,high,0.44266343116760254,mpnet
previous convictions should be disclosed in court,law,convicted,0.7,high,0.4444577693939209,mpnet
previous convictions should be disclosed in court,law,court,1.0,high,0.635318398475647,mpnet
previous convictions should be disclosed in court,law,previous convictions,0.5,medium,0.3613041043281555,mpnet
previous convictions should be disclosed in court,legal,american law institute,0.6,medium,0.29802989959716797,mpnet
previous convictions should be disclosed in court,legal,bad character evidence,0.3,low,0.16374896466732025,mpnet
previous convictions should be disclosed in court,legal,common law jurisdictions,0.6,medium,0.32651078701019287,mpnet
previous convictions should be disclosed in court,legal,common law systems,0.9,high,0.3274807333946228,mpnet
previous convictions should be disclosed in court,legal,court,0.8,high,0.4703696668148041,mpnet
previous convictions should be disclosed in court,legal,judicial,0.9,high,0.5277160406112671,mpnet
previous convictions should be disclosed in court,legal,previous convictions,0.7,high,0.2531176805496216,mpnet
previous convictions should be disclosed in court,legal profession,court,0.7,high,0.49724531173706055,mpnet
previous convictions should be disclosed in court,legal profession,previous convictions,0.3,low,0.2786141037940979,mpnet
previous convictions should be disclosed in court,legal system,conviction,0.7,high,0.4128044843673706,mpnet
previous convictions should be disclosed in court,legal system,court,1.0,high,0.5925410985946655,mpnet
previous convictions should be disclosed in court,legal system,court was established,0.4,medium,0.5532342195510864,mpnet
previous convictions should be disclosed in court,legal system,criminal and civil,0.9,high,0.5314062237739563,mpnet
previous convictions should be disclosed in court,legal system,criminal case,0.9,high,0.5929201245307922,mpnet
previous convictions should be disclosed in court,legal system,federal,0.3,low,0.2454637885093689,mpnet
previous convictions should be disclosed in court,legal system,previous convictions,0.8,high,0.37156349420547485,mpnet
previous convictions should be disclosed in court,legal system,statutes,0.7,high,0.5379473567008972,mpnet
previous convictions should be disclosed in court,mens rea,court,0.8,high,0.15524603426456451,mpnet
previous convictions should be disclosed in court,mens rea,previous convictions,0.5,medium,0.015464263036847115,mpnet
previous convictions should be disclosed in court,miscarriage of justice,court,0.8,high,0.4922485947608948,mpnet
previous convictions should be disclosed in court,miscarriage of justice,court was established,0.2,low,0.4203353524208069,mpnet
previous convictions should be disclosed in court,miscarriage of justice,criminal and civil,0.4,medium,0.5369778871536255,mpnet
previous convictions should be disclosed in court,miscarriage of justice,previous convictions,0.7,high,0.3757080137729645,mpnet
previous convictions should be disclosed in court,parliament,court,0.3,low,0.3947169780731201,mpnet
previous convictions should be disclosed in court,parliament,previous convictions,0.1,low,0.20767351984977722,mpnet
previous convictions should be disclosed in court,presumption of innocence,court,0.9,high,0.389148473739624,mpnet
previous convictions should be disclosed in court,presumption of innocence,court was established,0.3,low,0.2647645175457001,mpnet
previous convictions should be disclosed in court,presumption of innocence,criminal case,1.0,high,0.49343398213386536,mpnet
previous convictions should be disclosed in court,presumption of innocence,fair trial rights,1.0,high,0.5410309433937073,mpnet
previous convictions should be disclosed in court,presumption of innocence,legal profession,0.4,medium,0.22755467891693115,mpnet
previous convictions should be disclosed in court,presumption of innocence,previous convictions,0.7,high,0.38468724489212036,mpnet
previous convictions should be disclosed in court,presumption of innocence,prospective jurors,0.2,low,0.4209606349468231,mpnet
previous convictions should be disclosed in court,presumption of innocence,statutes,0.4,medium,0.33292099833488464,mpnet
previous convictions should be disclosed in court,prosecution,court,1.0,high,0.6642433404922485,mpnet
previous convictions should be disclosed in court,prosecution,previous convictions,0.6,medium,0.5532498955726624,mpnet
previous convictions should be disclosed in court,prospective jurors,court,1.0,high,0.3755665421485901,mpnet
previous convictions should be disclosed in court,prospective jurors,previous convictions,0.3,low,0.3620494306087494,mpnet
previous convictions should be disclosed in court,rule of law,bad character evidence,0.3,low,0.27588945627212524,mpnet
previous convictions should be disclosed in court,rule of law,civil law systems,1.0,high,0.5337227582931519,mpnet
previous convictions should be disclosed in court,rule of law,common law jurisdictions,0.7,high,0.43810373544692993,mpnet
previous convictions should be disclosed in court,rule of law,court,1.0,high,0.49184128642082214,mpnet
previous convictions should be disclosed in court,rule of law,criminal and civil,0.7,high,0.40049830079078674,mpnet
previous convictions should be disclosed in court,rule of law,legal profession,0.5,medium,0.43497681617736816,mpnet
previous convictions should be disclosed in court,rule of law,mens rea,0.5,medium,0.16937531530857086,mpnet
previous convictions should be disclosed in court,rule of law,previous convictions,0.3,low,0.24636507034301758,mpnet
previous convictions should be disclosed in court,rules,court,0.6,medium,0.2898862659931183,mpnet
previous convictions should be disclosed in court,rules,previous convictions,0.0,low,0.16175810992717743,mpnet
previous convictions should be disclosed in court,rules of evidence,court,0.9,high,0.3588300347328186,mpnet
previous convictions should be disclosed in court,rules of evidence,previous convictions,0.6,medium,0.26108306646347046,mpnet
previous convictions should be disclosed in court,scotland,court,0.0,low,0.24839666485786438,mpnet
previous convictions should be disclosed in court,scotland,previous convictions,0.0,low,0.10692203044891357,mpnet
previous convictions should be disclosed in court,scots law,acts of union,0.1,low,0.3826955556869507,mpnet
previous convictions should be disclosed in court,scots law,american law institute,0.1,low,0.3321582078933716,mpnet
previous convictions should be disclosed in court,scots law,civil law systems,0.8,high,0.453488826751709,mpnet
previous convictions should be disclosed in court,scots law,common law jurisdictions,0.7,high,0.5166353583335876,mpnet
previous convictions should be disclosed in court,scots law,court,0.7,high,0.43201345205307007,mpnet
previous convictions should be disclosed in court,scots law,fair trial rights,0.4,medium,0.29955756664276123,mpnet
previous convictions should be disclosed in court,scots law,mens rea,0.3,low,0.13176868855953217,mpnet
previous convictions should be disclosed in court,scots law,previous convictions,0.0,low,0.21044644713401794,mpnet
previous convictions should be disclosed in court,scots law,scottish parliament,0.8,high,0.5875641107559204,mpnet
previous convictions should be disclosed in court,scots law,stare decisis,0.3,low,0.31383079290390015,mpnet
previous convictions should be disclosed in court,scottish parliament,court,0.0,low,0.28290310502052307,mpnet
previous convictions should be disclosed in court,scottish parliament,previous convictions,0.0,low,0.1430940330028534,mpnet
previous convictions should be disclosed in court,stare decisis,court,1.0,high,0.4050781726837158,mpnet
previous convictions should be disclosed in court,stare decisis,previous convictions,0.6,medium,0.18119525909423828,mpnet
previous convictions should be disclosed in court,statutes,court,0.5,medium,0.514072060585022,mpnet
previous convictions should be disclosed in court,statutes,previous convictions,0.0,low,0.3457552194595337,mpnet
previous convictions should be disclosed in court,trial,civil law systems,0.8,high,0.3481407165527344,mpnet
previous convictions should be disclosed in court,trial,civil procedure,1.0,high,0.4819803833961487,mpnet
previous convictions should be disclosed in court,trial,court,1.0,high,0.6907693147659302,mpnet
previous convictions should be disclosed in court,trial,previous convictions,0.9,high,0.43388569355010986,mpnet
previous convictions should be disclosed in court,trial by jury,american law institute,0.4,medium,0.3333824872970581,mpnet
previous convictions should be disclosed in court,trial by jury,civil procedure,0.9,high,0.4606819152832031,mpnet
previous convictions should be disclosed in court,trial by jury,convicted,0.8,high,0.42404040694236755,mpnet
previous convictions should be disclosed in court,trial by jury,court,1.0,high,0.5696012377738953,mpnet
previous convictions should be disclosed in court,trial by jury,jurisdiction,0.5,medium,0.4008035659790039,mpnet
previous convictions should be disclosed in court,trial by jury,jury tampering,1.0,high,0.6497834324836731,mpnet
previous convictions should be disclosed in court,trial by jury,previous convictions,0.6,medium,0.3620884418487549,mpnet
the right to bear arms should be limited,amendment,right to bear arms,0.5,medium,0.4142192006111145,mpnet
the right to bear arms should be limited,american gun culture,right to bear arms,1.0,high,0.45321032404899597,mpnet
the right to bear arms should be limited,ammunition,right to bear arms,0.7,high,0.4050358533859253,mpnet
the right to bear arms should be limited,arms,right to bear arms,1.0,high,0.34142857789993286,mpnet
the right to bear arms should be limited,assault weapons ban,right to bear arms,0.9,high,0.5577881336212158,mpnet
the right to bear arms should be limited,automatic,right to bear arms,0.2,low,0.07734771817922592,mpnet
the right to bear arms should be limited,automatic weapons,right to bear arms,0.8,high,0.38072681427001953,mpnet
the right to bear arms should be limited,bear arms,right to bear arms,1.0,high,0.7229200601577759,mpnet
the right to bear arms should be limited,bill of rights,carrying of arms,0.6,medium,0.35834574699401855,mpnet
the right to bear arms should be limited,bill of rights,homicide,0.1,low,0.22394737601280212,mpnet
the right to bear arms should be limited,bill of rights,license,0.0,low,0.25060099363327026,mpnet
the right to bear arms should be limited,bill of rights,right to bear arms,0.6,medium,0.6021890640258789,mpnet
the right to bear arms should be limited,bill of rights,shotguns,0.0,low,0.2502419650554657,mpnet
the right to bear arms should be limited,carrying of arms,right to bear arms,1.0,high,0.6117568016052246,mpnet
the right to bear arms should be limited,citizens,right to bear arms,0.4,medium,0.30612489581108093,mpnet
the right to bear arms should be limited,collective rights model,right to bear arms,0.5,medium,0.3096829056739807,mpnet
the right to bear arms should be limited,defense,right to bear arms,0.5,medium,0.1672116369009018,mpnet
the right to bear arms should be limited,district of columbia,right to bear arms,0.3,low,0.19886454939842224,mpnet
the right to bear arms should be limited,domestic violence,right to bear arms,0.4,medium,0.1921125203371048,mpnet
the right to bear arms should be limited,firearm,automatic,0.7,high,0.24615225195884705,mpnet
the right to bear arms should be limited,firearm,citizens,0.1,low,0.28557413816452026,mpnet
the right to bear arms should be limited,firearm,right to bear arms,1.0,high,0.5281499624252319,mpnet
the right to bear arms should be limited,firearm ownership,right to bear arms,0.8,high,0.6179894208908081,mpnet
the right to bear arms should be limited,firearms,firearm ownership,1.0,high,0.7593613862991333,mpnet
the right to bear arms should be limited,firearms,right to bear arms,1.0,high,0.5286563634872437,mpnet
the right to bear arms should be limited,firearms,shotguns,1.0,high,0.7429121732711792,mpnet
the right to bear arms should be limited,firearms,type of weapon,1.0,high,0.621543824672699,mpnet
the right to bear arms should be limited,firearms and ammunition,license,0.6,medium,0.21694520115852356,mpnet
the right to bear arms should be limited,firearms and ammunition,right to bear arms,1.0,high,0.439309298992157,mpnet
the right to bear arms should be limited,fully automatic,right to bear arms,0.2,low,0.08942066133022308,mpnet
the right to bear arms should be limited,fully automatic firearms,right to bear arms,0.7,high,0.42202234268188477,mpnet
the right to bear arms should be limited,gary kleck,right to bear arms,0.7,high,0.04790573567152023,mpnet
the right to bear arms should be limited,gun,ammunition,1.0,high,0.681277334690094,mpnet
the right to bear arms should be limited,gun,automatic weapons,0.9,high,0.5172169208526611,mpnet
the right to bear arms should be limited,gun,fully automatic,0.8,high,0.26414236426353455,mpnet
the right to bear arms should be limited,gun,homicide,0.9,high,0.4816581904888153,mpnet
the right to bear arms should be limited,gun,right to bear arms,1.0,high,0.4633840322494507,mpnet
the right to bear arms should be limited,gun control,american gun culture,0.9,high,0.6105537414550781,mpnet
the right to bear arms should be limited,gun control,district of columbia,0.3,low,0.29386651515960693,mpnet
the right to bear arms should be limited,gun control,gary kleck,0.7,high,0.179861918091774,mpnet
the right to bear arms should be limited,gun control,homicide,0.6,medium,0.35130900144577026,mpnet
the right to bear arms should be limited,gun control,pro gun,0.9,high,0.6249995231628418,mpnet
the right to bear arms should be limited,gun control,right to bear arms,1.0,high,0.5966718196868896,mpnet
the right to bear arms should be limited,gun control act,automatic weapons,0.7,high,0.349826842546463,mpnet
the right to bear arms should be limited,gun control act,fully automatic firearms,0.4,medium,0.44433724880218506,mpnet
the right to bear arms should be limited,gun control act,homicide,0.4,medium,0.2132875919342041,mpnet
the right to bear arms should be limited,gun control act,right to bear arms,0.9,high,0.5864344835281372,mpnet
the right to bear arms should be limited,gun control advocates,fully automatic,0.1,low,0.04797140508890152,mpnet
the right to bear arms should be limited,gun control advocates,gun crime,0.8,high,0.6335849165916443,mpnet
the right to bear arms should be limited,gun control advocates,right to bear arms,0.9,high,0.5662883520126343,mpnet
the right to bear arms should be limited,gun control laws,automatic weapons,0.6,medium,0.3582107424736023,mpnet
the right to bear arms should be limited,gun control laws,gary kleck,0.8,high,0.07408159226179123,mpnet
the right to bear arms should be limited,gun control laws,right to bear arms,1.0,high,0.6226096153259277,mpnet
the right to bear arms should be limited,gun control legislation,carrying of arms,0.9,high,0.34559762477874756,mpnet
the right to bear arms should be limited,gun control legislation,citizens,0.1,low,0.26746317744255066,mpnet
the right to bear arms should be limited,gun control legislation,right to bear arms,0.9,high,0.5783671140670776,mpnet
the right to bear arms should be limited,gun control legislation,type of weapon,0.7,high,0.2786681652069092,mpnet
the right to bear arms should be limited,gun crime,right to bear arms,0.6,medium,0.4669071435928345,mpnet
the right to bear arms should be limited,gun laws,rates of gun,0.5,medium,0.4820680022239685,mpnet
the right to bear arms should be limited,gun laws,right to bear arms,1.0,high,0.6566542387008667,mpnet
the right to bear arms should be limited,gun owners,collective rights model,0.3,low,0.2763592600822449,mpnet
the right to bear arms should be limited,gun owners,homicide,0.3,low,0.34570610523223877,mpnet
the right to bear arms should be limited,gun owners,right to bear arms,1.0,high,0.5287290215492249,mpnet
the right to bear arms should be limited,gun ownership,gun crime,0.8,high,0.7694438695907593,mpnet
the right to bear arms should be limited,gun ownership,pro gun,1.0,high,0.6161786317825317,mpnet
the right to bear arms should be limited,gun ownership,right to bear arms,1.0,high,0.6086758971214294,mpnet
the right to bear arms should be limited,gun possession,right to bear arms,1.0,high,0.5719936490058899,mpnet
the right to bear arms should be limited,gun related,homicide,0.8,high,0.45270371437072754,mpnet
the right to bear arms should be limited,gun related,right to bear arms,0.8,high,0.4372255504131317,mpnet
the right to bear arms should be limited,gun related,shotguns,0.4,medium,0.5325931906700134,mpnet
the right to bear arms should be limited,gun rights,assault weapons ban,0.8,high,0.615294337272644,mpnet
the right to bear arms should be limited,gun rights,right to bear arms,0.9,high,0.7647810578346252,mpnet
the right to bear arms should be limited,gun rights advocates,license,0.4,medium,0.2520254850387573,mpnet
the right to bear arms should be limited,gun rights advocates,right to bear arms,0.9,high,0.5545777082443237,mpnet
the right to bear arms should be limited,gun violence,ammunition,0.4,medium,0.4148099422454834,mpnet
the right to bear arms should be limited,gun violence,license,0.0,low,0.16469387710094452,mpnet
the right to bear arms should be limited,gun violence,right to bear arms,0.9,high,0.388998419046402,mpnet
the right to bear arms should be limited,guns,american gun culture,0.9,high,0.6030949354171753,mpnet
the right to bear arms should be limited,guns,automatic,0.7,high,0.2465621531009674,mpnet
the right to bear arms should be limited,guns,number of guns,1.0,high,0.5697517991065979,mpnet
the right to bear arms should be limited,guns,right to bear arms,1.0,high,0.48326703906059265,mpnet
the right to bear arms should be limited,handguns,automatic weapons,0.8,high,0.4882481098175049,mpnet
the right to bear arms should be limited,handguns,law enforcement,0.3,low,0.4065523147583008,mpnet
the right to bear arms should be limited,handguns,right to bear arms,1.0,high,0.4405788779258728,mpnet
the right to bear arms should be limited,homicide,right to bear arms,0.3,low,0.21110379695892334,mpnet
the right to bear arms should be limited,kleck,right to bear arms,0.6,medium,0.027513280510902405,mpnet
the right to bear arms should be limited,law abiding citizens,fully automatic firearms,0.0,low,0.22282317280769348,mpnet
the right to bear arms should be limited,law abiding citizens,gun possession,0.5,medium,0.45338791608810425,mpnet
the right to bear arms should be limited,law abiding citizens,law enforcement,0.7,high,0.6001890301704407,mpnet
the right to bear arms should be limited,law abiding citizens,right to bear arms,0.3,low,0.3977281451225281,mpnet
the right to bear arms should be limited,law enforcement,right to bear arms,0.5,medium,0.2587466537952423,mpnet
the right to bear arms should be limited,license,right to bear arms,0.6,medium,0.30439984798431396,mpnet
the right to bear arms should be limited,militia,district of columbia,0.1,low,0.3105650544166565,mpnet
the right to bear arms should be limited,militia,license,0.0,low,0.27012133598327637,mpnet
the right to bear arms should be limited,militia,right to bear arms,0.9,high,0.5193471312522888,mpnet
the right to bear arms should be limited,national firearms act,gary kleck,0.1,low,0.060995519161224365,mpnet
the right to bear arms should be limited,national firearms act,kleck,0.1,low,0.036746472120285034,mpnet
the right to bear arms should be limited,national firearms act,operation ceasefire,0.4,medium,0.16540482640266418,mpnet
the right to bear arms should be limited,national firearms act,police,0.3,low,0.32019054889678955,mpnet
the right to bear arms should be limited,national firearms act,pro gun,0.8,high,0.45612192153930664,mpnet
the right to bear arms should be limited,national firearms act,right to bear arms,0.9,high,0.5968874096870422,mpnet
the right to bear arms should be limited,national rifle association,right to bear arms,0.9,high,0.4742937684059143,mpnet
the right to bear arms should be limited,national rifle association,weapons and ammunition,0.7,high,0.4137108623981476,mpnet
the right to bear arms should be limited,nra,right to bear arms,1.0,high,0.45997124910354614,mpnet
the right to bear arms should be limited,number of guns,right to bear arms,0.7,high,0.43672019243240356,mpnet
the right to bear arms should be limited,operation ceasefire,right to bear arms,0.6,medium,0.19621463119983673,mpnet
the right to bear arms should be limited,ownership,carrying of arms,0.8,high,0.17988863587379456,mpnet
the right to bear arms should be limited,ownership,fully automatic,0.0,low,0.17625580728054047,mpnet
the right to bear arms should be limited,ownership,right to bear arms,0.6,medium,0.22495940327644348,mpnet
the right to bear arms should be limited,police,right to bear arms,0.2,low,0.26299571990966797,mpnet
the right to bear arms should be limited,pro gun,right to bear arms,0.8,high,0.48672544956207275,mpnet
the right to bear arms should be limited,rates of gun,right to bear arms,0.4,medium,0.25739991664886475,mpnet
the right to bear arms should be limited,rifle,right to bear arms,1.0,high,0.42882293462753296,mpnet
the right to bear arms should be limited,shotguns,right to bear arms,0.9,high,0.34649428725242615,mpnet
the right to bear arms should be limited,type of weapon,right to bear arms,0.5,medium,0.32816118001937866,mpnet
the right to bear arms should be limited,united states,number of guns,0.2,low,0.17236584424972534,mpnet
the right to bear arms should be limited,united states,right to bear arms,0.6,medium,0.17628461122512817,mpnet
the right to bear arms should be limited,united states,shotguns,0.0,low,0.159248948097229,mpnet
the right to bear arms should be limited,violent crime,right to bear arms,0.6,medium,0.2787899971008301,mpnet
the right to bear arms should be limited,weapons and ammunition,right to bear arms,1.0,high,0.40397122502326965,mpnet
the united states is responsible for mexico's drugs war,agent brian terry,bureau of narcotics,0.3,low,0.27755582332611084,mpnet
the united states is responsible for mexico's drugs war,agent brian terry,colombia,0.0,low,0.18861092627048492,mpnet
the united states is responsible for mexico's drugs war,agent brian terry,drug trafficking organizations,0.4,medium,0.2609901428222656,mpnet
the united states is responsible for mexico's drugs war,agent brian terry,drugs war,0.6,medium,0.07892891764640808,mpnet
the united states is responsible for mexico's drugs war,agent brian terry,federal and local,0.2,low,0.15410666167736053,mpnet
the united states is responsible for mexico's drugs war,agent brian terry,mexico,0.5,medium,0.16749703884124756,mpnet
the united states is responsible for mexico's drugs war,agent brian terry,phoenix,0.2,low,0.18908682465553284,mpnet
the united states is responsible for mexico's drugs war,agent brian terry,police forces,0.6,medium,0.18616247177124023,mpnet
the united states is responsible for mexico's drugs war,agent brian terry,president felipe calder??n,0.0,low,0.15330979228019714,mpnet
the united states is responsible for mexico's drugs war,agent brian terry,training and equipment,0.0,low,0.1750134825706482,mpnet
the united states is responsible for mexico's drugs war,agent brian terry,united states,0.9,high,0.16160207986831665,mpnet
the united states is responsible for mexico's drugs war,atf agents,attorney general,0.3,low,0.38532066345214844,mpnet
the united states is responsible for mexico's drugs war,atf agents,drug enforcement administration,0.6,medium,0.48097896575927734,mpnet
the united states is responsible for mexico's drugs war,atf agents,drug trade,0.8,high,0.22437837719917297,mpnet
the united states is responsible for mexico's drugs war,atf agents,drug trafficking organizations,0.6,medium,0.3730897307395935,mpnet
the united states is responsible for mexico's drugs war,atf agents,drugs war,0.8,high,0.16150256991386414,mpnet
the united states is responsible for mexico's drugs war,atf agents,mexico,0.5,medium,0.19386839866638184,mpnet
the united states is responsible for mexico's drugs war,atf agents,phoenix,0.2,low,0.1598907709121704,mpnet
the united states is responsible for mexico's drugs war,atf agents,smuggling,0.7,high,0.35100895166397095,mpnet
the united states is responsible for mexico's drugs war,atf agents,united states,0.9,high,0.13764075934886932,mpnet
the united states is responsible for mexico's drugs war,attorney,drugs war,0.0,low,0.10415847599506378,mpnet
the united states is responsible for mexico's drugs war,attorney,mexico,0.0,low,0.2287832647562027,mpnet
the united states is responsible for mexico's drugs war,attorney,united states,0.1,low,0.2762383818626404,mpnet
the united states is responsible for mexico's drugs war,attorney general,drugs war,0.1,low,0.1119571253657341,mpnet
the united states is responsible for mexico's drugs war,attorney general,mexico,0.0,low,0.16666173934936523,mpnet
the united states is responsible for mexico's drugs war,attorney general,united states,0.2,low,0.22509126365184784,mpnet
the united states is responsible for mexico's drugs war,attorney general holder,attorney general,1.0,high,0.7474319934844971,mpnet
the united states is responsible for mexico's drugs war,attorney general holder,central america,0.0,low,0.12723812460899353,mpnet
the united states is responsible for mexico's drugs war,attorney general holder,district of arizona,0.2,low,0.35792848467826843,mpnet
the united states is responsible for mexico's drugs war,attorney general holder,drug enforcement administration,0.2,low,0.2905871868133545,mpnet
the united states is responsible for mexico's drugs war,attorney general holder,drug trafficking organizations,0.2,low,0.1585550457239151,mpnet
the united states is responsible for mexico's drugs war,attorney general holder,drugs war,0.5,medium,0.0842350423336029,mpnet
the united states is responsible for mexico's drugs war,attorney general holder,law enforcement officials,0.7,high,0.3781394958496094,mpnet
the united states is responsible for mexico's drugs war,attorney general holder,marijuana,0.0,low,0.15971927344799042,mpnet
the united states is responsible for mexico's drugs war,attorney general holder,mexico,0.1,low,0.1719922125339508,mpnet
the united states is responsible for mexico's drugs war,attorney general holder,plan colombia,0.1,low,0.1839066743850708,mpnet
the united states is responsible for mexico's drugs war,attorney general holder,united states,0.6,medium,0.16666841506958008,mpnet
the united states is responsible for mexico's drugs war,bureau of narcotics,drugs war,0.9,high,0.44918298721313477,mpnet
the united states is responsible for mexico's drugs war,bureau of narcotics,mexico,0.2,low,0.2711869776248932,mpnet
the united states is responsible for mexico's drugs war,bureau of narcotics,united states,0.8,high,0.25417667627334595,mpnet
the united states is responsible for mexico's drugs war,cartel,attorney,0.0,low,0.3373371958732605,mpnet
the united states is responsible for mexico's drugs war,cartel,department,0.0,low,0.4288364052772522,mpnet
the united states is responsible for mexico's drugs war,cartel,drugs war,0.9,high,0.43230390548706055,mpnet
the united states is responsible for mexico's drugs war,cartel,federal and local,0.0,low,0.2603423297405243,mpnet
the united states is responsible for mexico's drugs war,cartel,mexico,0.6,medium,0.44975537061691284,mpnet
the united states is responsible for mexico's drugs war,cartel,phoenix,0.1,low,0.28250059485435486,mpnet
the united states is responsible for mexico's drugs war,cartel,plan colombia,0.7,high,0.36361801624298096,mpnet
the united states is responsible for mexico's drugs war,cartel,united states,0.0,low,0.28906381130218506,mpnet
the united states is responsible for mexico's drugs war,cartels,drugs war,0.9,high,0.5107408761978149,mpnet
the united states is responsible for mexico's drugs war,cartels,federal and local,0.1,low,0.3037605285644531,mpnet
the united states is responsible for mexico's drugs war,cartels,mexico,0.6,medium,0.4462592601776123,mpnet
the united states is responsible for mexico's drugs war,cartels,plan colombia,0.7,high,0.3297804594039917,mpnet
the united states is responsible for mexico's drugs war,cartels,united states,0.0,low,0.30077630281448364,mpnet
the united states is responsible for mexico's drugs war,cartels,wide receiver,0.5,medium,0.18975701928138733,mpnet
the united states is responsible for mexico's drugs war,central america,drugs war,0.7,high,0.17915505170822144,mpnet
the united states is responsible for mexico's drugs war,central america,mexico,1.0,high,0.635927140712738,mpnet
the united states is responsible for mexico's drugs war,central america,united states,0.4,medium,0.5297068357467651,mpnet
the united states is responsible for mexico's drugs war,central american countries,drug enforcement administration,0.2,low,0.21430213749408722,mpnet
the united states is responsible for mexico's drugs war,central american countries,drug trafficking organizations,0.6,medium,0.31829696893692017,mpnet
the united states is responsible for mexico's drugs war,central american countries,drugs war,0.6,medium,0.14292263984680176,mpnet
the united states is responsible for mexico's drugs war,central american countries,gunwalking,0.3,low,0.14446556568145752,mpnet
the united states is responsible for mexico's drugs war,central american countries,la familia,0.3,low,0.2077920138835907,mpnet
the united states is responsible for mexico's drugs war,central american countries,marijuana,0.6,medium,0.18835598230361938,mpnet
the united states is responsible for mexico's drugs war,central american countries,mexico,0.7,high,0.5360832214355469,mpnet
the united states is responsible for mexico's drugs war,central american countries,michoac??¿1⁄2n,0.3,low,0.1070420891046524,mpnet
the united states is responsible for mexico's drugs war,central american countries,phoenix,0.0,low,0.2093917578458786,mpnet
the united states is responsible for mexico's drugs war,central american countries,police forces,0.3,low,0.21273058652877808,mpnet
the united states is responsible for mexico's drugs war,central american countries,president felipe calder??n,0.5,medium,0.28607526421546936,mpnet
the united states is responsible for mexico's drugs war,central american countries,united states,0.5,medium,0.43408751487731934,mpnet
the united states is responsible for mexico's drugs war,central american countries,wide receiver,0.2,low,0.11670877784490585,mpnet
the united states is responsible for mexico's drugs war,cocaine,bureau of narcotics,1.0,high,0.5058482885360718,mpnet
the united states is responsible for mexico's drugs war,cocaine,colombian,0.5,medium,0.38171303272247314,mpnet
the united states is responsible for mexico's drugs war,cocaine,drug trade,1.0,high,0.610628604888916,mpnet
the united states is responsible for mexico's drugs war,cocaine,drugs war,1.0,high,0.5784504413604736,mpnet
the united states is responsible for mexico's drugs war,cocaine,la familia,1.0,high,0.25077468156814575,mpnet
the united states is responsible for mexico's drugs war,cocaine,mexico,0.2,low,0.3747714161872864,mpnet
the united states is responsible for mexico's drugs war,cocaine,united states,0.0,low,0.1468242108821869,mpnet
the united states is responsible for mexico's drugs war,colombia,drugs war,0.7,high,0.21274885535240173,mpnet
the united states is responsible for mexico's drugs war,colombia,mexico,0.3,low,0.7199327945709229,mpnet
the united states is responsible for mexico's drugs war,colombia,united states,0.2,low,0.501704752445221,mpnet
the united states is responsible for mexico's drugs war,colombian,drugs war,0.7,high,0.15604287385940552,mpnet
the united states is responsible for mexico's drugs war,colombian,mexico,0.1,low,0.5508363842964172,mpnet
the united states is responsible for mexico's drugs war,colombian,united states,0.0,low,0.31181466579437256,mpnet
the united states is responsible for mexico's drugs war,department,drugs war,0.0,low,0.19507333636283875,mpnet
the united states is responsible for mexico's drugs war,department,mexico,0.0,low,0.2614317536354065,mpnet
the united states is responsible for mexico's drugs war,department,united states,0.0,low,0.270039826631546,mpnet
the united states is responsible for mexico's drugs war,district of arizona,drugs war,0.3,low,0.12210244685411453,mpnet
the united states is responsible for mexico's drugs war,district of arizona,mexico,0.2,low,0.30473682284355164,mpnet
the united states is responsible for mexico's drugs war,district of arizona,united states,0.7,high,0.2553318440914154,mpnet
the united states is responsible for mexico's drugs war,drug,colombia,0.4,medium,0.24826356768608093,mpnet
the united states is responsible for mexico's drugs war,drug,drugs war,1.0,high,0.5972535610198975,mpnet
the united states is responsible for mexico's drugs war,drug,gunwalking,0.2,low,0.3608438968658447,mpnet
the united states is responsible for mexico's drugs war,drug,law enforcement efforts,0.6,medium,0.3221997618675232,mpnet
the united states is responsible for mexico's drugs war,drug,mexico,0.4,medium,0.31915563344955444,mpnet
the united states is responsible for mexico's drugs war,drug,training and equipment,0.0,low,0.16803042590618134,mpnet
the united states is responsible for mexico's drugs war,drug,united states,0.2,low,0.14730873703956604,mpnet
the united states is responsible for mexico's drugs war,drug cartels,attorney general,0.1,low,0.2711673378944397,mpnet
the united states is responsible for mexico's drugs war,drug cartels,colombia,0.8,high,0.3932855725288391,mpnet
the united states is responsible for mexico's drugs war,drug cartels,drug trade,1.0,high,0.647244393825531,mpnet
the united states is responsible for mexico's drugs war,drug cartels,drug trafficking organizations,0.9,high,0.7603269815444946,mpnet
the united states is responsible for mexico's drugs war,drug cartels,drugs war,1.0,high,0.5913110375404358,mpnet
the united states is responsible for mexico's drugs war,drug cartels,ju??¿1⁄2rez cartel,0.9,high,0.49008238315582275,mpnet
the united states is responsible for mexico's drugs war,drug cartels,la familia,1.0,high,0.3258894085884094,mpnet
the united states is responsible for mexico's drugs war,drug cartels,mexico,0.8,high,0.4723733961582184,mpnet
the united states is responsible for mexico's drugs war,drug cartels,training and equipment,0.1,low,0.13644330203533173,mpnet
the united states is responsible for mexico's drugs war,drug cartels,united states,0.1,low,0.3578912615776062,mpnet
the united states is responsible for mexico's drugs war,drug control,drugs war,1.0,high,0.5783181190490723,mpnet
the united states is responsible for mexico's drugs war,drug control,mexico,0.6,medium,0.23421506583690643,mpnet
the united states is responsible for mexico's drugs war,drug control,united states,0.5,medium,0.15585987269878387,mpnet
the united states is responsible for mexico's drugs war,drug enforcement administration,drugs war,1.0,high,0.4435495138168335,mpnet
the united states is responsible for mexico's drugs war,drug enforcement administration,mexico,0.5,medium,0.27507731318473816,mpnet
the united states is responsible for mexico's drugs war,drug enforcement administration,united states,0.8,high,0.2363167256116867,mpnet
the united states is responsible for mexico's drugs war,drug trade,drugs war,1.0,high,0.6193588972091675,mpnet
the united states is responsible for mexico's drugs war,drug trade,mexico,0.6,medium,0.31267374753952026,mpnet
the united states is responsible for mexico's drugs war,drug trade,united states,0.3,low,0.23803570866584778,mpnet
the united states is responsible for mexico's drugs war,drug traffickers,attorney general,0.1,low,0.18343664705753326,mpnet
the united states is responsible for mexico's drugs war,drug traffickers,colombia,0.6,medium,0.3252294957637787,mpnet
the united states is responsible for mexico's drugs war,drug traffickers,drug trade,1.0,high,0.7468631267547607,mpnet
the united states is responsible for mexico's drugs war,drug traffickers,drugs war,1.0,high,0.5459272861480713,mpnet
the united states is responsible for mexico's drugs war,drug traffickers,early to mid,0.0,low,0.08452058583498001,mpnet
the united states is responsible for mexico's drugs war,drug traffickers,ju??¿1⁄2rez cartel,1.0,high,0.2830921411514282,mpnet
the united states is responsible for mexico's drugs war,drug traffickers,mexico,0.9,high,0.3435426354408264,mpnet
the united states is responsible for mexico's drugs war,drug traffickers,tamaulipas,0.4,medium,0.23918019235134125,mpnet
the united states is responsible for mexico's drugs war,drug traffickers,united states,0.7,high,0.2329460084438324,mpnet
the united states is responsible for mexico's drugs war,drug traffickers,wide receiver,0.5,medium,0.291952908039093,mpnet
the united states is responsible for mexico's drugs war,drug trafficking,colombian,0.4,medium,0.28066447377204895,mpnet
the united states is responsible for mexico's drugs war,drug trafficking,drugs war,1.0,high,0.553213894367218,mpnet
the united states is responsible for mexico's drugs war,drug trafficking,law enforcement officials,0.5,medium,0.41212552785873413,mpnet
the united states is responsible for mexico's drugs war,drug trafficking,mexico,0.8,high,0.33393779397010803,mpnet
the united states is responsible for mexico's drugs war,drug trafficking,united states,0.7,high,0.21022044122219086,mpnet
the united states is responsible for mexico's drugs war,drug trafficking organizations,drugs war,1.0,high,0.4902638792991638,mpnet
the united states is responsible for mexico's drugs war,drug trafficking organizations,mexico,0.9,high,0.30647170543670654,mpnet
the united states is responsible for mexico's drugs war,drug trafficking organizations,united states,0.5,medium,0.26554039120674133,mpnet
the united states is responsible for mexico's drugs war,drugs,district of arizona,0.1,low,0.14646929502487183,mpnet
the united states is responsible for mexico's drugs war,drugs,drug trafficking organizations,0.9,high,0.4670880436897278,mpnet
the united states is responsible for mexico's drugs war,drugs,drugs war,1.0,high,0.6366153955459595,mpnet
the united states is responsible for mexico's drugs war,drugs,federal police,0.6,medium,0.2859540581703186,mpnet
the united states is responsible for mexico's drugs war,drugs,law enforcement efforts,0.6,medium,0.42962080240249634,mpnet
the united states is responsible for mexico's drugs war,drugs,mexico,0.5,medium,0.3398745059967041,mpnet
the united states is responsible for mexico's drugs war,drugs,police forces,0.4,medium,0.2965433597564697,mpnet
the united states is responsible for mexico's drugs war,drugs,president felipe calder??n,0.2,low,0.08188752830028534,mpnet
the united states is responsible for mexico's drugs war,drugs,united states,0.1,low,0.1985377073287964,mpnet
the united states is responsible for mexico's drugs war,early to mid,drugs war,0.0,low,0.07938415557146072,mpnet
the united states is responsible for mexico's drugs war,early to mid,mexico,0.0,low,0.13135036826133728,mpnet
the united states is responsible for mexico's drugs war,early to mid,united states,0.0,low,0.17265444993972778,mpnet
the united states is responsible for mexico's drugs war,fast and furious,bureau of narcotics,0.2,low,0.0913224071264267,mpnet
the united states is responsible for mexico's drugs war,fast and furious,drugs war,0.6,medium,0.19518974423408508,mpnet
the united states is responsible for mexico's drugs war,fast and furious,mexico,0.7,high,0.2728038430213928,mpnet
the united states is responsible for mexico's drugs war,fast and furious,smuggling,0.8,high,0.18513453006744385,mpnet
the united states is responsible for mexico's drugs war,fast and furious,tamaulipas,0.1,low,0.17289899289608002,mpnet
the united states is responsible for mexico's drugs war,fast and furious,united states,0.8,high,0.14688816666603088,mpnet
the united states is responsible for mexico's drugs war,federal and local,drugs war,0.1,low,0.15669968724250793,mpnet
the united states is responsible for mexico's drugs war,federal and local,mexico,0.1,low,0.28454574942588806,mpnet
the united states is responsible for mexico's drugs war,federal and local,united states,0.2,low,0.36246514320373535,mpnet
the united states is responsible for mexico's drugs war,federal police,drugs war,0.8,high,0.2524941861629486,mpnet
the united states is responsible for mexico's drugs war,federal police,mexico,0.2,low,0.2707918882369995,mpnet
the united states is responsible for mexico's drugs war,federal police,united states,0.4,medium,0.2924968898296356,mpnet
the united states is responsible for mexico's drugs war,firearms,attorney,0.1,low,0.28466784954071045,mpnet
the united states is responsible for mexico's drugs war,firearms,bureau of narcotics,0.1,low,0.2934616506099701,mpnet
the united states is responsible for mexico's drugs war,firearms,central america,0.2,low,0.23754337430000305,mpnet
the united states is responsible for mexico's drugs war,firearms,department,0.0,low,0.2985905408859253,mpnet
the united states is responsible for mexico's drugs war,firearms,drug trafficking organizations,0.6,medium,0.2810226082801819,mpnet
the united states is responsible for mexico's drugs war,firearms,drugs war,0.9,high,0.3323028087615967,mpnet
the united states is responsible for mexico's drugs war,firearms,federal and local,0.0,low,0.32365089654922485,mpnet
the united states is responsible for mexico's drugs war,firearms,mexico,0.3,low,0.3085668981075287,mpnet
the united states is responsible for mexico's drugs war,firearms,smuggling,0.8,high,0.34131431579589844,mpnet
the united states is responsible for mexico's drugs war,firearms,training and equipment,0.4,medium,0.3546440005302429,mpnet
the united states is responsible for mexico's drugs war,firearms,united states,0.3,low,0.257684588432312,mpnet
the united states is responsible for mexico's drugs war,guns,department,0.0,low,0.3031429350376129,mpnet
the united states is responsible for mexico's drugs war,guns,drugs war,0.9,high,0.4408584237098694,mpnet
the united states is responsible for mexico's drugs war,guns,federal and local,0.0,low,0.2841143310070038,mpnet
the united states is responsible for mexico's drugs war,guns,federal police,0.5,medium,0.41659918427467346,mpnet
the united states is responsible for mexico's drugs war,guns,law enforcement efforts,0.3,low,0.4930301010608673,mpnet
the united states is responsible for mexico's drugs war,guns,mexico,0.3,low,0.3683140277862549,mpnet
the united states is responsible for mexico's drugs war,guns,united states,0.3,low,0.285089373588562,mpnet
the united states is responsible for mexico's drugs war,guns,wide receiver,0.7,high,0.24780747294425964,mpnet
the united states is responsible for mexico's drugs war,gunwalking,drugs war,0.7,high,0.34243935346603394,mpnet
the united states is responsible for mexico's drugs war,gunwalking,mexico,0.8,high,0.23290584981441498,mpnet
the united states is responsible for mexico's drugs war,gunwalking,united states,0.8,high,0.12179386615753174,mpnet
the united states is responsible for mexico's drugs war,ju?ï¿1⁄2rez cartel,drugs war,0.7,high,0.2565681040287018,mpnet
the united states is responsible for mexico's drugs war,ju?ï¿1⁄2rez cartel,mexico,0.8,high,0.29654330015182495,mpnet
the united states is responsible for mexico's drugs war,ju?ï¿1⁄2rez cartel,united states,0.4,medium,0.1891578733921051,mpnet
the united states is responsible for mexico's drugs war,la familia,drugs war,0.8,high,0.18219542503356934,mpnet
the united states is responsible for mexico's drugs war,la familia,mexico,0.8,high,0.2859000563621521,mpnet
the united states is responsible for mexico's drugs war,la familia,united states,0.2,low,0.21454694867134094,mpnet
the united states is responsible for mexico's drugs war,law enforcement,colombia,0.1,low,0.27278104424476624,mpnet
the united states is responsible for mexico's drugs war,law enforcement,colombian,0.0,low,0.23931851983070374,mpnet
the united states is responsible for mexico's drugs war,law enforcement,drug control,1.0,high,0.34302061796188354,mpnet
the united states is responsible for mexico's drugs war,law enforcement,drug trafficking organizations,0.8,high,0.5181007981300354,mpnet
the united states is responsible for mexico's drugs war,law enforcement,drugs war,0.7,high,0.2796553075313568,mpnet
the united states is responsible for mexico's drugs war,law enforcement,law enforcement officials,1.0,high,0.8957228660583496,mpnet
the united states is responsible for mexico's drugs war,law enforcement,mexico,0.3,low,0.31887492537498474,mpnet
the united states is responsible for mexico's drugs war,law enforcement,phoenix,0.1,low,0.28182727098464966,mpnet
the united states is responsible for mexico's drugs war,law enforcement,plan colombia,0.6,medium,0.23060548305511475,mpnet
the united states is responsible for mexico's drugs war,law enforcement,smuggling,0.6,medium,0.3709411323070526,mpnet
the united states is responsible for mexico's drugs war,law enforcement,tamaulipas,0.1,low,0.24324125051498413,mpnet
the united states is responsible for mexico's drugs war,law enforcement,united states,0.2,low,0.34662723541259766,mpnet
the united states is responsible for mexico's drugs war,law enforcement efforts,drugs war,0.8,high,0.375820130109787,mpnet
the united states is responsible for mexico's drugs war,law enforcement efforts,mexico,0.2,low,0.27812445163726807,mpnet
the united states is responsible for mexico's drugs war,law enforcement efforts,united states,0.1,low,0.29493528604507446,mpnet
the united states is responsible for mexico's drugs war,law enforcement officials,drugs war,0.6,medium,0.22119452059268951,mpnet
the united states is responsible for mexico's drugs war,law enforcement officials,mexico,0.2,low,0.27150288224220276,mpnet
the united states is responsible for mexico's drugs war,law enforcement officials,united states,0.2,low,0.3080962896347046,mpnet
the united states is responsible for mexico's drugs war,local law enforcement,attorney general,0.3,low,0.4670944809913635,mpnet
the united states is responsible for mexico's drugs war,local law enforcement,department,0.4,medium,0.45320576429367065,mpnet
the united states is responsible for mexico's drugs war,local law enforcement,drugs war,0.3,low,0.19431114196777344,mpnet
the united states is responsible for mexico's drugs war,local law enforcement,federal police,0.9,high,0.6792081594467163,mpnet
the united states is responsible for mexico's drugs war,local law enforcement,law enforcement efforts,1.0,high,0.7525584101676941,mpnet
the united states is responsible for mexico's drugs war,local law enforcement,mexico,0.2,low,0.3206275403499603,mpnet
the united states is responsible for mexico's drugs war,local law enforcement,michoac??¿1⁄2n,0.1,low,0.09192468225955963,mpnet
the united states is responsible for mexico's drugs war,local law enforcement,united states,0.1,low,0.3944791853427887,mpnet
the united states is responsible for mexico's drugs war,local law enforcement,wide receiver,0.1,low,0.2178281843662262,mpnet
the united states is responsible for mexico's drugs war,los zetas cartel,central america,0.7,high,0.33748358488082886,mpnet
the united states is responsible for mexico's drugs war,los zetas cartel,district of arizona,0.1,low,0.3227599561214447,mpnet
the united states is responsible for mexico's drugs war,los zetas cartel,drug control,1.0,high,0.24706698954105377,mpnet
the united states is responsible for mexico's drugs war,los zetas cartel,drug enforcement administration,0.7,high,0.4841909408569336,mpnet
the united states is responsible for mexico's drugs war,los zetas cartel,drugs war,0.9,high,0.34427690505981445,mpnet
the united states is responsible for mexico's drugs war,los zetas cartel,mexico,0.9,high,0.42625951766967773,mpnet
the united states is responsible for mexico's drugs war,los zetas cartel,phoenix,0.1,low,0.2780068516731262,mpnet
the united states is responsible for mexico's drugs war,los zetas cartel,plan colombia,0.2,low,0.3327793478965759,mpnet
the united states is responsible for mexico's drugs war,los zetas cartel,president felipe calder??n,0.2,low,0.31588292121887207,mpnet
the united states is responsible for mexico's drugs war,los zetas cartel,smuggling,0.8,high,0.3358917236328125,mpnet
the united states is responsible for mexico's drugs war,los zetas cartel,training and equipment,0.1,low,0.0700322687625885,mpnet
the united states is responsible for mexico's drugs war,los zetas cartel,united states,0.4,medium,0.3098180592060089,mpnet
the united states is responsible for mexico's drugs war,m??rida initiative,drugs war,0.7,high,0.3017319440841675,mpnet
the united states is responsible for mexico's drugs war,m??rida initiative,federal police,0.3,low,0.2082761973142624,mpnet
the united states is responsible for mexico's drugs war,m??rida initiative,gunwalking,0.3,low,0.20115181803703308,mpnet
the united states is responsible for mexico's drugs war,m??rida initiative,mexico,0.7,high,0.23869267106056213,mpnet
the united states is responsible for mexico's drugs war,m??rida initiative,police forces,0.3,low,0.1530584692955017,mpnet
the united states is responsible for mexico's drugs war,m??rida initiative,smuggling,0.5,medium,0.24274176359176636,mpnet
the united states is responsible for mexico's drugs war,m??rida initiative,united states,0.7,high,0.16180726885795593,mpnet
the united states is responsible for mexico's drugs war,marijuana,drugs war,1.0,high,0.541766881942749,mpnet
the united states is responsible for mexico's drugs war,marijuana,mexico,0.2,low,0.3882342576980591,mpnet
the united states is responsible for mexico's drugs war,marijuana,united states,0.1,low,0.22118134796619415,mpnet
the united states is responsible for mexico's drugs war,mexican,attorney,0.0,low,0.3002091348171234,mpnet
the united states is responsible for mexico's drugs war,mexican,colombia,0.1,low,0.4402298033237457,mpnet
the united states is responsible for mexico's drugs war,mexican,department,0.0,low,0.23907293379306793,mpnet
the united states is responsible for mexico's drugs war,mexican,district of arizona,0.0,low,0.23600435256958008,mpnet
the united states is responsible for mexico's drugs war,mexican,drugs war,1.0,high,0.1982915699481964,mpnet
the united states is responsible for mexico's drugs war,mexican,early to mid,0.0,low,0.10880930721759796,mpnet
the united states is responsible for mexico's drugs war,mexican,mexico,1.0,high,0.6700567603111267,mpnet
the united states is responsible for mexico's drugs war,mexican,phoenix,0.0,low,0.3027022182941437,mpnet
the united states is responsible for mexico's drugs war,mexican,united states,0.4,medium,0.3520817160606384,mpnet
the united states is responsible for mexico's drugs war,mexican cartels,attorney,0.0,low,0.27415722608566284,mpnet
the united states is responsible for mexico's drugs war,mexican cartels,drug enforcement administration,0.9,high,0.48446857929229736,mpnet
the united states is responsible for mexico's drugs war,mexican cartels,drugs war,0.9,high,0.4833028018474579,mpnet
the united states is responsible for mexico's drugs war,mexican cartels,mexico,1.0,high,0.5731950998306274,mpnet
the united states is responsible for mexico's drugs war,mexican cartels,plan colombia,0.2,low,0.3450244069099426,mpnet
the united states is responsible for mexico's drugs war,mexican cartels,training and equipment,0.2,low,0.1498936116695404,mpnet
the united states is responsible for mexico's drugs war,mexican cartels,united states,0.4,medium,0.37587660551071167,mpnet
the united states is responsible for mexico's drugs war,mexican drug cartels,central america,0.8,high,0.4368436336517334,mpnet
the united states is responsible for mexico's drugs war,mexican drug cartels,drugs war,1.0,high,0.5483551025390625,mpnet
the united states is responsible for mexico's drugs war,mexican drug cartels,federal and local,0.1,low,0.302046000957489,mpnet
the united states is responsible for mexico's drugs war,mexican drug cartels,la familia,1.0,high,0.3699376583099365,mpnet
the united states is responsible for mexico's drugs war,mexican drug cartels,law enforcement efforts,0.7,high,0.5057513117790222,mpnet
the united states is responsible for mexico's drugs war,mexican drug cartels,law enforcement officials,0.5,medium,0.49087053537368774,mpnet
the united states is responsible for mexico's drugs war,mexican drug cartels,mexico,1.0,high,0.5622045993804932,mpnet
the united states is responsible for mexico's drugs war,mexican drug cartels,training and equipment,0.2,low,0.13285484910011292,mpnet
the united states is responsible for mexico's drugs war,mexican drug cartels,united states,0.5,medium,0.38909849524497986,mpnet
the united states is responsible for mexico's drugs war,mexican government,drugs war,0.8,high,0.3066457509994507,mpnet
the united states is responsible for mexico's drugs war,mexican government,ju??¿1⁄2rez cartel,0.5,medium,0.43540310859680176,mpnet
the united states is responsible for mexico's drugs war,mexican government,law enforcement efforts,0.2,low,0.37017500400543213,mpnet
the united states is responsible for mexico's drugs war,mexican government,mexico,1.0,high,0.6075403094291687,mpnet
the united states is responsible for mexico's drugs war,mexican government,president felipe calder??n,0.9,high,0.49919837713241577,mpnet
the united states is responsible for mexico's drugs war,mexican government,smuggling,0.2,low,0.2561413645744324,mpnet
the united states is responsible for mexico's drugs war,mexican government,united states,0.1,low,0.37873226404190063,mpnet
the united states is responsible for mexico's drugs war,mexican law enforcement,attorney general,0.1,low,0.42626476287841797,mpnet
the united states is responsible for mexico's drugs war,mexican law enforcement,drug enforcement administration,0.5,medium,0.6269709467887878,mpnet
the united states is responsible for mexico's drugs war,mexican law enforcement,drugs war,0.9,high,0.31322550773620605,mpnet
the united states is responsible for mexico's drugs war,mexican law enforcement,early to mid,0.0,low,0.10110750794410706,mpnet
the united states is responsible for mexico's drugs war,mexican law enforcement,gunwalking,0.5,medium,0.3466593623161316,mpnet
the united states is responsible for mexico's drugs war,mexican law enforcement,law enforcement efforts,1.0,high,0.6324783563613892,mpnet
the united states is responsible for mexico's drugs war,mexican law enforcement,law enforcement officials,0.9,high,0.7623352408409119,mpnet
the united states is responsible for mexico's drugs war,mexican law enforcement,mexico,1.0,high,0.5761606693267822,mpnet
the united states is responsible for mexico's drugs war,mexican law enforcement,plan colombia,0.1,low,0.343165785074234,mpnet
the united states is responsible for mexico's drugs war,mexican law enforcement,smuggling,0.6,medium,0.39358219504356384,mpnet
the united states is responsible for mexico's drugs war,mexican law enforcement,training and equipment,0.3,low,0.19570136070251465,mpnet
the united states is responsible for mexico's drugs war,mexican law enforcement,united states,0.0,low,0.38956624269485474,mpnet
the united states is responsible for mexico's drugs war,mexican law enforcement,wide receiver,0.5,medium,0.27770718932151794,mpnet
the united states is responsible for mexico's drugs war,mexico,colombian,0.1,low,0.5508363842964172,mpnet
the united states is responsible for mexico's drugs war,mexico,drugs war,1.0,high,0.2728111147880554,mpnet
the united states is responsible for mexico's drugs war,mexico,early to mid,0.0,low,0.13135036826133728,mpnet
the united states is responsible for mexico's drugs war,mexico,federal and local,0.1,low,0.28454574942588806,mpnet
the united states is responsible for mexico's drugs war,mexico,federal police,0.0,low,0.2707918882369995,mpnet
the united states is responsible for mexico's drugs war,mexico,gunwalking,0.7,high,0.23290584981441498,mpnet
the united states is responsible for mexico's drugs war,mexico,law enforcement officials,0.2,low,0.27150288224220276,mpnet
the united states is responsible for mexico's drugs war,mexico,mexico,1.0,high,0.9999997615814209,mpnet
the united states is responsible for mexico's drugs war,mexico,michoac??¿1⁄2n,0.7,high,0.20005345344543457,mpnet
the united states is responsible for mexico's drugs war,mexico,united states,0.8,high,0.587679386138916,mpnet
the united states is responsible for mexico's drugs war,michoac?ï¿1⁄2n,drugs war,0.1,low,0.09829618036746979,mpnet
the united states is responsible for mexico's drugs war,michoac?ï¿1⁄2n,mexico,0.6,medium,0.18952299654483795,mpnet
the united states is responsible for mexico's drugs war,michoac?ï¿1⁄2n,united states,0.0,low,0.10137143731117249,mpnet
the united states is responsible for mexico's drugs war,phoenix,drugs war,0.3,low,0.1661010980606079,mpnet
the united states is responsible for mexico's drugs war,phoenix,mexico,0.2,low,0.4389681816101074,mpnet
the united states is responsible for mexico's drugs war,phoenix,united states,0.6,medium,0.3218548893928528,mpnet
the united states is responsible for mexico's drugs war,plan colombia,drugs war,0.9,high,0.3109409511089325,mpnet
the united states is responsible for mexico's drugs war,plan colombia,mexico,0.1,low,0.3857766389846802,mpnet
the united states is responsible for mexico's drugs war,plan colombia,united states,0.9,high,0.28138142824172974,mpnet
the united states is responsible for mexico's drugs war,police forces,drugs war,0.9,high,0.31865572929382324,mpnet
the united states is responsible for mexico's drugs war,police forces,mexico,0.2,low,0.2683337926864624,mpnet
the united states is responsible for mexico's drugs war,police forces,united states,0.2,low,0.32060837745666504,mpnet
the united states is responsible for mexico's drugs war,president felipe calder??n,drugs war,0.6,medium,0.15632396936416626,mpnet
the united states is responsible for mexico's drugs war,president felipe calder??n,mexico,0.9,high,0.26838716864585876,mpnet
the united states is responsible for mexico's drugs war,president felipe calder??n,united states,0.0,low,0.12416939437389374,mpnet
the united states is responsible for mexico's drugs war,project gunrunner,attorney,0.0,low,0.1705460101366043,mpnet
the united states is responsible for mexico's drugs war,project gunrunner,bureau of narcotics,0.4,medium,0.25189051032066345,mpnet
the united states is responsible for mexico's drugs war,project gunrunner,drugs war,0.8,high,0.27777862548828125,mpnet
the united states is responsible for mexico's drugs war,project gunrunner,mexico,0.9,high,0.1769428253173828,mpnet
the united states is responsible for mexico's drugs war,project gunrunner,phoenix,0.5,medium,0.23403435945510864,mpnet
the united states is responsible for mexico's drugs war,project gunrunner,president felipe calder??n,0.1,low,0.08360917866230011,mpnet
the united states is responsible for mexico's drugs war,project gunrunner,smuggling,1.0,high,0.25109201669692993,mpnet
the united states is responsible for mexico's drugs war,project gunrunner,united states,0.9,high,0.1145433709025383,mpnet
the united states is responsible for mexico's drugs war,sinaloa cartel,attorney general,0.0,low,0.3376990258693695,mpnet
the united states is responsible for mexico's drugs war,sinaloa cartel,drug control,1.0,high,0.272271990776062,mpnet
the united states is responsible for mexico's drugs war,sinaloa cartel,drugs war,0.9,high,0.35521870851516724,mpnet
the united states is responsible for mexico's drugs war,sinaloa cartel,gunwalking,0.4,medium,0.2632257640361786,mpnet
the united states is responsible for mexico's drugs war,sinaloa cartel,marijuana,0.8,high,0.30316054821014404,mpnet
the united states is responsible for mexico's drugs war,sinaloa cartel,mexico,0.9,high,0.42478078603744507,mpnet
the united states is responsible for mexico's drugs war,sinaloa cartel,phoenix,0.4,medium,0.2728177309036255,mpnet
the united states is responsible for mexico's drugs war,sinaloa cartel,training and equipment,0.0,low,0.09644916653633118,mpnet
the united states is responsible for mexico's drugs war,sinaloa cartel,united states,0.5,medium,0.2803853154182434,mpnet
the united states is responsible for mexico's drugs war,smuggling,drugs war,0.9,high,0.3334704637527466,mpnet
the united states is responsible for mexico's drugs war,smuggling,mexico,0.5,medium,0.32896310091018677,mpnet
the united states is responsible for mexico's drugs war,smuggling,united states,0.4,medium,0.18006223440170288,mpnet
the united states is responsible for mexico's drugs war,tamaulipas,drugs war,0.4,medium,0.1567489057779312,mpnet
the united states is responsible for mexico's drugs war,tamaulipas,mexico,0.9,high,0.5787574052810669,mpnet
the united states is responsible for mexico's drugs war,tamaulipas,united states,0.1,low,0.4207310974597931,mpnet
the united states is responsible for mexico's drugs war,training and equipment,drugs war,0.1,low,0.10958187282085419,mpnet
the united states is responsible for mexico's drugs war,training and equipment,mexico,0.0,low,0.14820222556591034,mpnet
the united states is responsible for mexico's drugs war,training and equipment,united states,0.0,low,0.12076182663440704,mpnet
the united states is responsible for mexico's drugs war,u.s,colombian,0.1,low,0.3350222706794739,mpnet
the united states is responsible for mexico's drugs war,u.s,district of arizona,1.0,high,0.19354914128780365,mpnet
the united states is responsible for mexico's drugs war,u.s,drugs war,0.6,medium,0.20232321321964264,mpnet
the united states is responsible for mexico's drugs war,u.s,mexico,0.7,high,0.5617433786392212,mpnet
the united states is responsible for mexico's drugs war,u.s,police forces,0.2,low,0.28928226232528687,mpnet
the united states is responsible for mexico's drugs war,u.s,united states,0.9,high,0.9270262718200684,mpnet
the united states is responsible for mexico's drugs war,u.s state department,bureau of narcotics,0.4,medium,0.3972286581993103,mpnet
the united states is responsible for mexico's drugs war,u.s state department,central america,0.2,low,0.19048048555850983,mpnet
the united states is responsible for mexico's drugs war,u.s state department,district of arizona,0.4,medium,0.30060166120529175,mpnet
the united states is responsible for mexico's drugs war,u.s state department,drug trade,0.1,low,0.19841258227825165,mpnet
the united states is responsible for mexico's drugs war,u.s state department,drug trafficking organizations,0.3,low,0.31306612491607666,mpnet
the united states is responsible for mexico's drugs war,u.s state department,drugs war,0.4,medium,0.15132582187652588,mpnet
the united states is responsible for mexico's drugs war,u.s state department,early to mid,0.0,low,0.01609099842607975,mpnet
the united states is responsible for mexico's drugs war,u.s state department,marijuana,0.1,low,0.11579500138759613,mpnet
the united states is responsible for mexico's drugs war,u.s state department,mexico,0.0,low,0.2538317143917084,mpnet
the united states is responsible for mexico's drugs war,u.s state department,michoac??¿1⁄2n,0.0,low,0.07001515477895737,mpnet
the united states is responsible for mexico's drugs war,u.s state department,police forces,0.4,medium,0.3603247404098511,mpnet
the united states is responsible for mexico's drugs war,u.s state department,united states,1.0,high,0.4377969801425934,mpnet
the united states is responsible for mexico's drugs war,u.s state department,wide receiver,0.2,low,0.14139044284820557,mpnet
the united states is responsible for mexico's drugs war,war on drugs,attorney general,0.1,low,0.16947555541992188,mpnet
the united states is responsible for mexico's drugs war,war on drugs,central america,0.8,high,0.17254847288131714,mpnet
the united states is responsible for mexico's drugs war,war on drugs,drug trafficking organizations,0.8,high,0.5414361953735352,mpnet
the united states is responsible for mexico's drugs war,war on drugs,drugs war,1.0,high,0.8824013471603394,mpnet
the united states is responsible for mexico's drugs war,war on drugs,federal police,0.8,high,0.32805001735687256,mpnet
the united states is responsible for mexico's drugs war,war on drugs,law enforcement efforts,1.0,high,0.4902682900428772,mpnet
the united states is responsible for mexico's drugs war,war on drugs,mexico,1.0,high,0.25543832778930664,mpnet
the united states is responsible for mexico's drugs war,war on drugs,united states,1.0,high,0.2373037487268448,mpnet
the united states is responsible for mexico's drugs war,wide receiver,drugs war,0.6,medium,0.1329033374786377,mpnet
the united states is responsible for mexico's drugs war,wide receiver,mexico,0.5,medium,0.22208522260189056,mpnet
the united states is responsible for mexico's drugs war,wide receiver,united states,0.8,high,0.13660085201263428,mpnet
blasphemy should be criminalized,anders fogh rasmussen,blasphemy,0.1,low,0.7418819146719782,gte_small
blasphemy should be criminalized,blasphemous libel,blasphemy,1.0,high,0.9182044741433996,gte_small
blasphemy should be criminalized,blasphemous libel,combating defamation,0.8,high,0.8572409796643253,gte_small
blasphemy should be criminalized,blasphemous libel,islamic conference,0.2,low,0.7332163888405552,gte_small
blasphemy should be criminalized,blasphemous libel,islamic lawyers,0.3,low,0.775219219422057,gte_small
blasphemy should be criminalized,blasphemous libel,religious,0.9,high,0.7800308548213805,gte_small
blasphemy should be criminalized,blasphemous libel,theo van gogh,0.2,low,0.7503293842215125,gte_small
blasphemy should be criminalized,blasphemy,blasphemy,1.0,high,1.0000000000000002,gte_small
blasphemy should be criminalized,blasphemy law,blasphemy,1.0,high,0.9452475243347959,gte_small
blasphemy should be criminalized,blasphemy law,incitement to hatred,0.7,high,0.8349290907222283,gte_small
blasphemy should be criminalized,blasphemy law,muhammad cartoons,0.7,high,0.7874535360423159,gte_small
blasphemy should be criminalized,blasphemy law,prophet mohammed,0.8,high,0.763921115771128,gte_small
blasphemy should be criminalized,blasphemy laws,blasphemy,1.0,high,0.9414685718250778,gte_small
blasphemy should be criminalized,blasphemy laws,law offences,0.7,high,0.8397832730821915,gte_small
blasphemy should be criminalized,blasphemy laws,theo van gogh,0.6,medium,0.7226210935633907,gte_small
blasphemy should be criminalized,cartoonist,blasphemy,0.5,medium,0.790369815412946,gte_small
blasphemy should be criminalized,cartoonists,blasphemy,0.6,medium,0.7761322594668781,gte_small
blasphemy should be criminalized,cartoons,blasphemy,0.3,low,0.7836691271905656,gte_small
blasphemy should be criminalized,cartoons,insult the prophet,0.5,medium,0.76986441328604,gte_small
blasphemy should be criminalized,combating defamation,blasphemy,0.8,high,0.7912374382671968,gte_small
blasphemy should be criminalized,common law offence,blasphemy,0.6,medium,0.7680319871261139,gte_small
blasphemy should be criminalized,common law offence,freedom,0.1,low,0.7776876474339527,gte_small
blasphemy should be criminalized,common law offence,racial and religious,0.4,medium,0.7736111731988468,gte_small
blasphemy should be criminalized,common law offence,thomas aikenhead,0.2,low,0.7489229705767673,gte_small
blasphemy should be criminalized,danish,blasphemy,0.1,low,0.7748463130546142,gte_small
blasphemy should be criminalized,danish,cartoonist,0.6,medium,0.7940003584597033,gte_small
blasphemy should be criminalized,danish,insult the prophet,0.4,medium,0.7298121661661613,gte_small
blasphemy should be criminalized,death threats,blasphemy,0.2,low,0.8215735225012564,gte_small
blasphemy should be criminalized,defamation of religion,blasphemy,1.0,high,0.8234340308551094,gte_small
blasphemy should be criminalized,defamation of religion,incitement to hatred,0.8,high,0.8386133385104517,gte_small
blasphemy should be criminalized,defamation of religion,insult the prophet,1.0,high,0.8468109104172077,gte_small
blasphemy should be criminalized,defamation of religions,blasphemy,1.0,high,0.819552795229822,gte_small
blasphemy should be criminalized,defamation of religions,combating defamation,0.9,high,0.9109406405598189,gte_small
blasphemy should be criminalized,defamation of religions,oic,0.3,low,0.7379594074798946,gte_small
blasphemy should be criminalized,draw mohammed day,blasphemy,0.7,high,0.7630299992630973,gte_small
blasphemy should be criminalized,dutch government,blasphemy,0.1,low,0.7396681333733973,gte_small
blasphemy should be criminalized,editor,blasphemy,0.1,low,0.7772361345899765,gte_small
blasphemy should be criminalized,facebook,blasphemy,0.1,low,0.7994142689734225,gte_small
blasphemy should be criminalized,facebook,government of pakistan,0.0,low,0.7457554671413025,gte_small
blasphemy should be criminalized,facebook,offence,0.0,low,0.7775855056818763,gte_small
blasphemy should be criminalized,february,blasphemy,0.0,low,0.7600251930762802,gte_small
blasphemy should be criminalized,film,anders fogh rasmussen,0.2,low,0.7481041725032584,gte_small
blasphemy should be criminalized,film,blasphemy,0.2,low,0.7717750609478005,gte_small
blasphemy should be criminalized,film,islamic lawyers,0.1,low,0.7422279119137192,gte_small
blasphemy should be criminalized,film,muhammad cartoons,0.1,low,0.7536002624969945,gte_small
blasphemy should be criminalized,film,thomas aikenhead,0.0,low,0.7618717122278379,gte_small
blasphemy should be criminalized,free speech,blasphemy,1.0,high,0.8140860683757679,gte_small
blasphemy should be criminalized,free speech,february,0.0,low,0.7700148558944288,gte_small
blasphemy should be criminalized,freedom,blasphemy,0.5,medium,0.7786813061229978,gte_small
blasphemy should be criminalized,freedom of expression,blasphemy,0.9,high,0.7928604447215772,gte_small
blasphemy should be criminalized,freedom of expression,death threats,0.4,medium,0.8308972105847197,gte_small
blasphemy should be criminalized,freedom of expression,incitement to hatred,0.9,high,0.832520970270258,gte_small
blasphemy should be criminalized,freedom of expression,law offences,0.3,low,0.7954765740506331,gte_small
blasphemy should be criminalized,freedom of speech,blasphemy,0.9,high,0.8046999464452528,gte_small
blasphemy should be criminalized,geert wilders,blasphemy,0.3,low,0.7592180897807885,gte_small
blasphemy should be criminalized,geert wilders,law offences,0.2,low,0.7369858444347999,gte_small
blasphemy should be criminalized,government of pakistan,blasphemy,0.2,low,0.7325138601443131,gte_small
blasphemy should be criminalized,incitement to hatred,blasphemy,0.8,high,0.8270452413925957,gte_small
blasphemy should be criminalized,insult the prophet,blasphemy,1.0,high,0.8233810097631818,gte_small
blasphemy should be criminalized,insulting,blasphemy,0.9,high,0.8318585486325304,gte_small
blasphemy should be criminalized,islam,blasphemy,0.9,high,0.7975147023191048,gte_small
blasphemy should be criminalized,islam,islamic conference,1.0,high,0.8951169949215996,gte_small
blasphemy should be criminalized,islam,racial and religious,0.5,medium,0.8716360518426222,gte_small
blasphemy should be criminalized,islamic conference,blasphemy,0.4,medium,0.7490400550357617,gte_small
blasphemy should be criminalized,islamic lawyers,blasphemy,0.3,low,0.7543793037322917,gte_small
blasphemy should be criminalized,jyllands posten,anders fogh rasmussen,0.7,high,0.7685354539400991,gte_small
blasphemy should be criminalized,jyllands posten,blasphemy,0.7,high,0.7515000615230559,gte_small
blasphemy should be criminalized,jyllands posten,cartoonists,0.8,high,0.7438602358383358,gte_small
blasphemy should be criminalized,jyllands posten,combating defamation,0.4,medium,0.7279857438418662,gte_small
blasphemy should be criminalized,lahore high court,blasphemy,0.3,low,0.7365170306156296,gte_small
blasphemy should be criminalized,law against blasphemy,blasphemy,1.0,high,0.9324681812125285,gte_small
blasphemy should be criminalized,law offences,blasphemy,0.5,medium,0.7787188553034261,gte_small
blasphemy should be criminalized,mohammed,blasphemy,0.6,medium,0.7845728984500767,gte_small
blasphemy should be criminalized,mohammed,freedom,0.0,low,0.7806428609005331,gte_small
blasphemy should be criminalized,mohammed,government of pakistan,0.1,low,0.7717998742583351,gte_small
blasphemy should be criminalized,mohammed,insulting,0.2,low,0.7684663065298181,gte_small
blasphemy should be criminalized,mohammed,prophet mohammed,1.0,high,0.9645221399783198,gte_small
blasphemy should be criminalized,mohammed,theo van gogh,0.2,low,0.7515253655599904,gte_small
blasphemy should be criminalized,molly norris,blasphemy,0.6,medium,0.7474194882082017,gte_small
blasphemy should be criminalized,muhammad,blasphemy,0.6,medium,0.7850274807879343,gte_small
blasphemy should be criminalized,muhammad,death threats,0.1,low,0.7633437628455753,gte_small
blasphemy should be criminalized,muhammad,insulting,0.3,low,0.7603272662134604,gte_small
blasphemy should be criminalized,muhammad,website,0.0,low,0.7552481239785649,gte_small
blasphemy should be criminalized,muhammad cartoons,blasphemy,1.0,high,0.7904964339867981,gte_small
blasphemy should be criminalized,muslim,blasphemy,0.7,high,0.8022234387389077,gte_small
blasphemy should be criminalized,muslim,muhammad cartoons,1.0,high,0.8693269508013315,gte_small
blasphemy should be criminalized,muslims,blasphemy,0.7,high,0.8015668444195183,gte_small
blasphemy should be criminalized,muslims,religious,1.0,high,0.8773641417910769,gte_small
blasphemy should be criminalized,newspaper jyllands posten,blasphemy,0.7,high,0.753011560732656,gte_small
blasphemy should be criminalized,offence,blasphemy,0.7,high,0.8277246080838156,gte_small
blasphemy should be criminalized,oic,blasphemy,0.4,medium,0.759056293734816,gte_small
blasphemy should be criminalized,prophet mohammed,blasphemy,0.7,high,0.7680862101332829,gte_small
blasphemy should be criminalized,prophet muhammad,blasphemy,0.8,high,0.7646203174482009,gte_small
blasphemy should be criminalized,prophet muhammad,islamic conference,0.5,medium,0.8437687935958504,gte_small
blasphemy should be criminalized,prophet muhammad,thomas aikenhead,0.3,low,0.7354703299742494,gte_small
blasphemy should be criminalized,prosecution for blasphemy,blasphemy,1.0,high,0.928899310653734,gte_small
blasphemy should be criminalized,prosecution for blasphemy,dutch government,0.3,low,0.7366210766107117,gte_small
blasphemy should be criminalized,prosecution for blasphemy,editor,0.0,low,0.7328734328417127,gte_small
blasphemy should be criminalized,prosecution for blasphemy,insult the prophet,0.9,high,0.8100210856987555,gte_small
blasphemy should be criminalized,prosecution for blasphemy,theo van gogh,0.5,medium,0.7297822580416418,gte_small
blasphemy should be criminalized,prosecution for blasphemy,website,0.0,low,0.7416120264678099,gte_small
blasphemy should be criminalized,protest movement,blasphemy,0.1,low,0.7628350290227236,gte_small
blasphemy should be criminalized,protest movement,cartoonists,0.3,low,0.7682340410258786,gte_small
blasphemy should be criminalized,protest movement,death threats,0.3,low,0.7889985228919243,gte_small
blasphemy should be criminalized,protest movement,islamic conference,0.2,low,0.7585104605196648,gte_small
blasphemy should be criminalized,racial and religious,blasphemy,0.7,high,0.7887646919252498,gte_small
blasphemy should be criminalized,religious,blasphemy,1.0,high,0.8120999449574237,gte_small
blasphemy should be criminalized,religious insult,blasphemy,1.0,high,0.8528406273036988,gte_small
blasphemy should be criminalized,religious insult,freedom,0.3,low,0.7836989929409722,gte_small
blasphemy should be criminalized,south park,blasphemy,0.4,medium,0.7730273252067434,gte_small
blasphemy should be criminalized,south park,religious,0.0,low,0.779233120026632,gte_small
blasphemy should be criminalized,south park episode,blasphemy,0.5,medium,0.7506669628998219,gte_small
blasphemy should be criminalized,south park episode,combating defamation,0.1,low,0.7238861166202852,gte_small
blasphemy should be criminalized,south park episode,death threats,0.1,low,0.759320637617671,gte_small
blasphemy should be criminalized,theo van gogh,blasphemy,0.4,medium,0.7495624925225175,gte_small
blasphemy should be criminalized,thomas aikenhead,blasphemy,0.7,high,0.769233363956404,gte_small
blasphemy should be criminalized,website,blasphemy,0.0,low,0.771399989520461,gte_small
multiculturalism should be embraced,acculturation,ethnic enclaves,0.8,high,0.8380306267437759,gte_small
multiculturalism should be embraced,acculturation,minority,0.8,high,0.8257995080086858,gte_small
multiculturalism should be embraced,acculturation,multiculturalism,1.0,high,0.8552583258453912,gte_small
multiculturalism should be embraced,acculturation strategies,multiculturalism,1.0,high,0.8370063962376257,gte_small
multiculturalism should be embraced,alliance of civilizations,level of immigration,0.3,low,0.7755934821164792,gte_small
multiculturalism should be embraced,alliance of civilizations,multiculturalism,0.6,medium,0.8101566142148032,gte_small
multiculturalism should be embraced,alliance of civilizations,values,0.2,low,0.7729286344170623,gte_small
multiculturalism should be embraced,americans,multiculturalism,0.4,medium,0.792163555230545,gte_small
multiculturalism should be embraced,assimilation of immigrants,multiculturalism,1.0,high,0.8480550675459889,gte_small
multiculturalism should be embraced,canadian identity,acculturation strategies,0.6,medium,0.7680422228927196,gte_small
multiculturalism should be embraced,canadian identity,ethnic group,0.6,medium,0.7809023048818374,gte_small
multiculturalism should be embraced,canadian identity,groups,0.3,low,0.7483806682796084,gte_small
multiculturalism should be embraced,canadian identity,multiculturalism,0.7,high,0.783182075758041,gte_small
multiculturalism should be embraced,canadians,multiculturalism,0.5,medium,0.7888515028420895,gte_small
multiculturalism should be embraced,charter of rights,multiculturalism,0.4,medium,0.7745572059560123,gte_small
multiculturalism should be embraced,cosmopolitanism,multiculturalism,0.8,high,0.8848212210030852,gte_small
multiculturalism should be embraced,critic of multiculturalism,assimilation of immigrants,0.7,high,0.851148066470059,gte_small
multiculturalism should be embraced,critic of multiculturalism,declaration,0.0,low,0.741783639780578,gte_small
multiculturalism should be embraced,critic of multiculturalism,multiculturalism,1.0,high,0.9366294032959135,gte_small
multiculturalism should be embraced,critic of multiculturalism,society,0.2,low,0.7931704152922066,gte_small
multiculturalism should be embraced,critics of multiculturalism,multiculturalism,1.0,high,0.9361358483358982,gte_small
multiculturalism should be embraced,critics of multiculturalism,race and ethnicity,0.7,high,0.8116298313444246,gte_small
multiculturalism should be embraced,cultural,group or groups,0.4,medium,0.8054108664799978,gte_small
multiculturalism should be embraced,cultural,groups,0.5,medium,0.8154210601451454,gte_small
multiculturalism should be embraced,cultural,multiculturalism,0.8,high,0.8519255743583362,gte_small
multiculturalism should be embraced,cultural,protection and promotion,0.2,low,0.7804412810567255,gte_small
multiculturalism should be embraced,cultural,race and ethnicity,0.9,high,0.8370849699552785,gte_small
multiculturalism should be embraced,cultural communities,multiculturalism,1.0,high,0.8545362364833189,gte_small
multiculturalism should be embraced,cultural competence,ethnic and cultural,0.6,medium,0.8912852020209565,gte_small
multiculturalism should be embraced,cultural competence,multiculturalism,0.8,high,0.8544545120160331,gte_small
multiculturalism should be embraced,cultural diversity,cultural communities,0.9,high,0.8966124634841232,gte_small
multiculturalism should be embraced,cultural diversity,international students,0.8,high,0.8029607341973578,gte_small
multiculturalism should be embraced,cultural diversity,multiculturalism,1.0,high,0.8891792820544886,gte_small
multiculturalism should be embraced,cultural diversity,values,0.3,low,0.8155462777401529,gte_small
multiculturalism should be embraced,cultural imperialism,multiculturalism,0.8,high,0.8473829227223875,gte_small
multiculturalism should be embraced,cultural imperialism,multiculturalism act,0.8,high,0.8075592878968313,gte_small
multiculturalism should be embraced,cultural imperialism,protection and promotion,0.3,low,0.7605073341038905,gte_small
multiculturalism should be embraced,culture,canadians,0.1,low,0.8046527863610878,gte_small
multiculturalism should be embraced,culture,multiculturalism,1.0,high,0.8378663968986703,gte_small
multiculturalism should be embraced,culture,values,0.6,medium,0.8188523971262044,gte_small
multiculturalism should be embraced,cultures,cosmopolitanism,0.5,medium,0.8263728373788798,gte_small
multiculturalism should be embraced,cultures,multiculturalism,1.0,high,0.8500617439161825,gte_small
multiculturalism should be embraced,diverse communities,multiculturalism,1.0,high,0.8642493391012042,gte_small
multiculturalism should be embraced,diversity,interculturalism,0.7,high,0.8179931134059939,gte_small
multiculturalism should be embraced,diversity,levels of immigration,0.4,medium,0.7941300438074603,gte_small
multiculturalism should be embraced,diversity,multiculturalism,1.0,high,0.871780807088705,gte_small
multiculturalism should be embraced,donât trust people,multiculturalism,0.0,low,0.7572624315498347,gte_small
multiculturalism should be embraced,ethnic,cultural communities,0.7,high,0.8427764094225849,gte_small
multiculturalism should be embraced,ethnic,multiculturalism,0.7,high,0.8428672694101434,gte_small
multiculturalism should be embraced,ethnic and cultural,multiculturalism,0.9,high,0.8651661222589017,gte_small
multiculturalism should be embraced,ethnic enclaves,multiculturalism,0.9,high,0.8287580169967401,gte_small
multiculturalism should be embraced,ethnic group,multiculturalism,1.0,high,0.8284434536639593,gte_small
multiculturalism should be embraced,ethnic groups,americans,0.6,medium,0.8407168147695155,gte_small
multiculturalism should be embraced,ethnic groups,indigenous individuals,0.9,high,0.8501937071191045,gte_small
multiculturalism should be embraced,ethnic groups,minority,1.0,high,0.8680004625200918,gte_small
multiculturalism should be embraced,ethnic groups,multiculturalism,1.0,high,0.8287461463914707,gte_small
multiculturalism should be embraced,ethnic groups,national,0.6,medium,0.805503652108108,gte_small
multiculturalism should be embraced,ethnic groups,protection and promotion,0.4,medium,0.7722931906678141,gte_small
multiculturalism should be embraced,group or groups,multiculturalism,0.5,medium,0.7858739460929495,gte_small
multiculturalism should be embraced,groups,multiculturalism,0.5,medium,0.7691665797522508,gte_small
multiculturalism should be embraced,gudykunst and kim,multiculturalism,0.7,high,0.7482009296421476,gte_small
multiculturalism should be embraced,identity,assimilation of immigrants,0.7,high,0.7885369946588466,gte_small
multiculturalism should be embraced,identity,canadians,0.3,low,0.7818442667064397,gte_small
multiculturalism should be embraced,identity,interculturalism,0.4,medium,0.7780688526713688,gte_small
multiculturalism should be embraced,identity,multiculturalism,0.7,high,0.7935391851841666,gte_small
multiculturalism should be embraced,indigenous individuals,multiculturalism,0.8,high,0.7925816282899798,gte_small
multiculturalism should be embraced,indigenous peoples,multiculturalism,0.8,high,0.8054089719399686,gte_small
multiculturalism should be embraced,indigenous peoples,white australia policy,0.6,medium,0.8118209258147014,gte_small
multiculturalism should be embraced,interculturalism,multiculturalism,1.0,high,0.9087104486226072,gte_small
multiculturalism should be embraced,international students,multiculturalism,0.5,medium,0.7828357065459629,gte_small
multiculturalism should be embraced,john ralston saul,multiculturalism,0.5,medium,0.721951879294433,gte_small
multiculturalism should be embraced,knowledge and skills,assimilation of immigrants,0.1,low,0.7599181599897659,gte_small
multiculturalism should be embraced,knowledge and skills,multiculturalism,0.0,low,0.7751568632269397,gte_small
multiculturalism should be embraced,kramer's dad theory,ethnic and cultural,0.5,medium,0.7197183181927536,gte_small
multiculturalism should be embraced,kramer's dad theory,multiculturalism,0.7,high,0.718073404946173,gte_small
multiculturalism should be embraced,level of immigration,multiculturalism,0.7,high,0.8040964638963953,gte_small
multiculturalism should be embraced,levels of immigration,multiculturalism,0.6,medium,0.8040234282379762,gte_small
multiculturalism should be embraced,melting,multiculturalism,0.1,low,0.7554333620461371,gte_small
multiculturalism should be embraced,melting pot,ethnic and cultural,0.7,high,0.8044012910730769,gte_small
multiculturalism should be embraced,melting pot,ethnic group,1.0,high,0.7840749006350445,gte_small
multiculturalism should be embraced,melting pot,multiculturalism,1.0,high,0.7923837131375703,gte_small
multiculturalism should be embraced,melting pot theory,level of immigration,0.8,high,0.7889847809507871,gte_small
multiculturalism should be embraced,melting pot theory,levels of immigration,0.8,high,0.7903551986053806,gte_small
multiculturalism should be embraced,melting pot theory,multiculturalism,1.0,high,0.8007074855029659,gte_small
multiculturalism should be embraced,minority,multiculturalism,0.8,high,0.8600134727783145,gte_small
multiculturalism should be embraced,minority groups,multiculturalism,0.9,high,0.8486472929858375,gte_small
multiculturalism should be embraced,multicultural,group or groups,0.4,medium,0.8159361114028023,gte_small
multiculturalism should be embraced,multicultural,multiculturalism,1.0,high,0.9534857938408561,gte_small
multiculturalism should be embraced,multicultural,white australia policy,0.9,high,0.8111186662685455,gte_small
multiculturalism should be embraced,multicultural education,ethnic group,0.8,high,0.8174647527809885,gte_small
multiculturalism should be embraced,multicultural education,multiculturalism,1.0,high,0.9284938432688596,gte_small
multiculturalism should be embraced,multicultural education,protection and promotion,0.3,low,0.7604896695338954,gte_small
multiculturalism should be embraced,multicultural education,race and ethnicity,0.9,high,0.831841810200372,gte_small
multiculturalism should be embraced,multicultural society,cultural communities,0.9,high,0.8689479760727864,gte_small
multiculturalism should be embraced,multicultural society,diverse communities,0.9,high,0.879277369663333,gte_small
multiculturalism should be embraced,multicultural society,minority,0.7,high,0.8646701436657738,gte_small
multiculturalism should be embraced,multicultural society,multiculturalism,1.0,high,0.9425773984167829,gte_small
multiculturalism should be embraced,multicultural society,multiculturalism act,0.9,high,0.9117973823833634,gte_small
multiculturalism should be embraced,multiculturalism,declaration,0.0,low,0.771506545822856,gte_small
multiculturalism should be embraced,multiculturalism,donât trust people,0.0,low,0.7572624315498347,gte_small
multiculturalism should be embraced,multiculturalism,ethnic group,1.0,high,0.8284434536639593,gte_small
multiculturalism should be embraced,multiculturalism,john ralston saul,0.4,medium,0.721951879294433,gte_small
multiculturalism should be embraced,multiculturalism,multiculturalism,1.0,high,0.9999999999999997,gte_small
multiculturalism should be embraced,multiculturalism,protection and promotion,0.3,low,0.7623237065378187,gte_small
multiculturalism should be embraced,multiculturalism act,multiculturalism,1.0,high,0.9412814757480742,gte_small
multiculturalism should be embraced,national,multiculturalism,0.4,medium,0.7732560344052495,gte_small
multiculturalism should be embraced,national culture,multiculturalism,1.0,high,0.8218596644601788,gte_small
multiculturalism should be embraced,national identity,diverse communities,0.9,high,0.798458212836864,gte_small
multiculturalism should be embraced,national identity,multiculturalism,0.9,high,0.8135762385719872,gte_small
multiculturalism should be embraced,policy of multiculturalism,group or groups,0.3,low,0.7796662078197777,gte_small
multiculturalism should be embraced,policy of multiculturalism,multiculturalism,1.0,high,0.9527859785122169,gte_small
multiculturalism should be embraced,policy of multiculturalism,white australia policy,0.8,high,0.8530142671598419,gte_small
multiculturalism should be embraced,protection and promotion,multiculturalism,0.3,low,0.7623237065378187,gte_small
multiculturalism should be embraced,race and ethnicity,multiculturalism,1.0,high,0.8325198700905635,gte_small
multiculturalism should be embraced,society,multiculturalism,0.8,high,0.8157360966920255,gte_small
multiculturalism should be embraced,southern and eastern,multiculturalism,0.1,low,0.7826130446474306,gte_small
multiculturalism should be embraced,southern and eastern,protection and promotion,0.0,low,0.7718666633499851,gte_small
multiculturalism should be embraced,values,multiculturalism,0.2,low,0.7930861821212952,gte_small
multiculturalism should be embraced,white australia policy,multiculturalism,0.8,high,0.8137894268957023,gte_small
previous convictions should be disclosed in court,acts of union,court,0.0,low,0.7861229335454907,gte_small
previous convictions should be disclosed in court,acts of union,previous convictions,0.0,low,0.7790275460329376,gte_small
previous convictions should be disclosed in court,american law institute,court,0.6,medium,0.7867465182409343,gte_small
previous convictions should be disclosed in court,american law institute,previous convictions,0.4,medium,0.7795576240237966,gte_small
previous convictions should be disclosed in court,bad character evidence,court,0.8,high,0.7939260505768547,gte_small
previous convictions should be disclosed in court,bad character evidence,previous convictions,0.9,high,0.8180387466841005,gte_small
previous convictions should be disclosed in court,civil and criminal,american law institute,0.8,high,0.7995730747765869,gte_small
previous convictions should be disclosed in court,civil and criminal,civil law systems,0.9,high,0.8839991868469923,gte_small
previous convictions should be disclosed in court,civil and criminal,court,1.0,high,0.8287856469409554,gte_small
previous convictions should be disclosed in court,civil and criminal,criminal trials,1.0,high,0.8804968065899171,gte_small
previous convictions should be disclosed in court,civil and criminal,fair trial rights,0.7,high,0.8370087304602598,gte_small
previous convictions should be disclosed in court,civil and criminal,jurisdiction,0.7,high,0.8277672033633894,gte_small
previous convictions should be disclosed in court,civil and criminal,legal profession,0.7,high,0.8191064689544345,gte_small
previous convictions should be disclosed in court,civil and criminal,previous convictions,0.6,medium,0.8582016527538476,gte_small
previous convictions should be disclosed in court,civil and criminal,prospective jurors,0.5,medium,0.7952570597605756,gte_small
previous convictions should be disclosed in court,civil cases,court,1.0,high,0.8466599950803453,gte_small
previous convictions should be disclosed in court,civil cases,previous convictions,0.5,medium,0.8260697977677002,gte_small
previous convictions should be disclosed in court,civil cases,rules,0.3,low,0.7792150733401224,gte_small
previous convictions should be disclosed in court,civil law,civil procedure,1.0,high,0.9271408643062466,gte_small
previous convictions should be disclosed in court,civil law,common law systems,1.0,high,0.8624911766752186,gte_small
previous convictions should be disclosed in court,civil law,court,0.9,high,0.837007656561318,gte_small
previous convictions should be disclosed in court,civil law,previous convictions,0.6,medium,0.7972525545008965,gte_small
previous convictions should be disclosed in court,civil law,prospective jurors,0.4,medium,0.7809897760984774,gte_small
previous convictions should be disclosed in court,civil law,scotland,0.2,low,0.777732516112545,gte_small
previous convictions should be disclosed in court,civil law systems,court,1.0,high,0.8236848807282384,gte_small
previous convictions should be disclosed in court,civil law systems,previous convictions,0.5,medium,0.7917795403584207,gte_small
previous convictions should be disclosed in court,civil procedure,court,1.0,high,0.8244466853246167,gte_small
previous convictions should be disclosed in court,civil procedure,previous convictions,0.5,medium,0.8075446692159797,gte_small
previous convictions should be disclosed in court,common law,acts of union,0.2,low,0.8296225332948177,gte_small
previous convictions should be disclosed in court,common law,common law jurisdictions,1.0,high,0.9557261808665357,gte_small
previous convictions should be disclosed in court,common law,conviction,0.5,medium,0.7863855391898482,gte_small
previous convictions should be disclosed in court,common law,court,0.8,high,0.8331315247681429,gte_small
previous convictions should be disclosed in court,common law,criminal history,0.5,medium,0.7980554342176488,gte_small
previous convictions should be disclosed in court,common law,jury tampering,0.4,medium,0.7909264819133783,gte_small
previous convictions should be disclosed in court,common law,previous convictions,0.5,medium,0.7942022061392905,gte_small
previous convictions should be disclosed in court,common law,scottish parliament,0.1,low,0.7909820917820571,gte_small
previous convictions should be disclosed in court,common law jurisdictions,court,0.8,high,0.8153803121837148,gte_small
previous convictions should be disclosed in court,common law jurisdictions,previous convictions,0.4,medium,0.7918535788092265,gte_small
previous convictions should be disclosed in court,common law systems,court,1.0,high,0.8235089764918146,gte_small
previous convictions should be disclosed in court,common law systems,previous convictions,0.5,medium,0.7872872069927285,gte_small
previous convictions should be disclosed in court,convicted,court,1.0,high,0.8248611578508566,gte_small
previous convictions should be disclosed in court,convicted,previous convictions,1.0,high,0.9250233734370715,gte_small
previous convictions should be disclosed in court,conviction,court,1.0,high,0.831146177881646,gte_small
previous convictions should be disclosed in court,conviction,previous convictions,1.0,high,0.9169411344442153,gte_small
previous convictions should be disclosed in court,court,common law systems,0.9,high,0.8235169492969654,gte_small
previous convictions should be disclosed in court,court,court,1.0,high,0.9999996610814269,gte_small
previous convictions should be disclosed in court,court,criminal trials,1.0,high,0.8374843629531887,gte_small
previous convictions should be disclosed in court,court,previous convictions,0.9,high,0.8069021306018181,gte_small
previous convictions should be disclosed in court,court,scotland,0.0,low,0.790905353128357,gte_small
previous convictions should be disclosed in court,court of appeal,court,1.0,high,0.8928781113375075,gte_small
previous convictions should be disclosed in court,court of appeal,court was established,0.3,low,0.8765059144923332,gte_small
previous convictions should be disclosed in court,court of appeal,federal,0.2,low,0.7577746271619483,gte_small
previous convictions should be disclosed in court,court of appeal,previous convictions,0.6,medium,0.8040726661099453,gte_small
previous convictions should be disclosed in court,court of appeal,scotland,0.0,low,0.7713192505843981,gte_small
previous convictions should be disclosed in court,court of appeal,scottish parliament,0.1,low,0.7800073350087576,gte_small
previous convictions should be disclosed in court,court was established,court,0.7,high,0.9315709199538226,gte_small
previous convictions should be disclosed in court,court was established,previous convictions,0.3,low,0.817322383164956,gte_small
previous convictions should be disclosed in court,courts,common law systems,0.9,high,0.8386848359442587,gte_small
previous convictions should be disclosed in court,courts,court,1.0,high,0.9595982417147008,gte_small
previous convictions should be disclosed in court,courts,previous convictions,1.0,high,0.8176235749715881,gte_small
previous convictions should be disclosed in court,courts,scotland,0.0,low,0.7961850478716667,gte_small
previous convictions should be disclosed in court,criminal,civil law systems,0.6,medium,0.7914308628093868,gte_small
previous convictions should be disclosed in court,criminal,common law jurisdictions,0.6,medium,0.788380479324895,gte_small
previous convictions should be disclosed in court,criminal,court,0.9,high,0.8404987996700853,gte_small
previous convictions should be disclosed in court,criminal,fair trial rights,0.7,high,0.8152414767596502,gte_small
previous convictions should be disclosed in court,criminal,legal profession,0.3,low,0.8034802152839261,gte_small
previous convictions should be disclosed in court,criminal,previous convictions,0.8,high,0.8673386119439008,gte_small
previous convictions should be disclosed in court,criminal and civil,court,1.0,high,0.8294555327962422,gte_small
previous convictions should be disclosed in court,criminal and civil,previous convictions,0.6,medium,0.8596354651636375,gte_small
previous convictions should be disclosed in court,criminal case,court,1.0,high,0.8641945636478421,gte_small
previous convictions should be disclosed in court,criminal case,previous convictions,0.8,high,0.8621203595075714,gte_small
previous convictions should be disclosed in court,criminal cases,acts of union,0.0,low,0.7797031260593137,gte_small
previous convictions should be disclosed in court,criminal cases,common law systems,0.9,high,0.8181208157718494,gte_small
previous convictions should be disclosed in court,criminal cases,court,1.0,high,0.8551002837864636,gte_small
previous convictions should be disclosed in court,criminal cases,criminal and civil,0.8,high,0.9023645540073664,gte_small
previous convictions should be disclosed in court,criminal cases,jury tampering,0.6,medium,0.8307380725640614,gte_small
previous convictions should be disclosed in court,criminal cases,previous convictions,0.8,high,0.8699883386348651,gte_small
previous convictions should be disclosed in court,criminal cases,rules of evidence,0.7,high,0.8124059788432113,gte_small
previous convictions should be disclosed in court,criminal history,court,0.5,medium,0.7946747229138058,gte_small
previous convictions should be disclosed in court,criminal history,previous convictions,1.0,high,0.8956069014824641,gte_small
previous convictions should be disclosed in court,criminal history category,court,0.7,high,0.7882115915930737,gte_small
previous convictions should be disclosed in court,criminal history category,previous convictions,0.8,high,0.8750034635211573,gte_small
previous convictions should be disclosed in court,criminal history category,stare decisis,0.4,medium,0.7512417438255924,gte_small
previous convictions should be disclosed in court,criminal justice act,common law jurisdictions,0.4,medium,0.8175003185465737,gte_small
previous convictions should be disclosed in court,criminal justice act,court,0.8,high,0.8159747695203529,gte_small
previous convictions should be disclosed in court,criminal justice act,criminal history,0.7,high,0.8673991431280054,gte_small
previous convictions should be disclosed in court,criminal justice act,criminal trials,1.0,high,0.8643555376534706,gte_small
previous convictions should be disclosed in court,criminal justice act,federal,0.2,low,0.7865573191523492,gte_small
previous convictions should be disclosed in court,criminal justice act,mens rea,0.6,medium,0.753432594114896,gte_small
previous convictions should be disclosed in court,criminal justice act,parliament,0.6,medium,0.7885308405481192,gte_small
previous convictions should be disclosed in court,criminal justice act,previous convictions,0.4,medium,0.8379862728039904,gte_small
previous convictions should be disclosed in court,criminal law,convicted,0.7,high,0.8488138548662937,gte_small
previous convictions should be disclosed in court,criminal law,court,1.0,high,0.8388724079126518,gte_small
previous convictions should be disclosed in court,criminal law,criminal and civil,0.9,high,0.8966684774497263,gte_small
previous convictions should be disclosed in court,criminal law,federal,0.3,low,0.7900107144381143,gte_small
previous convictions should be disclosed in court,criminal law,judicial,0.7,high,0.8366880092889032,gte_small
previous convictions should be disclosed in court,criminal law,previous convictions,0.9,high,0.8480572337104191,gte_small
previous convictions should be disclosed in court,criminal law,rules of evidence,0.8,high,0.8111524475761989,gte_small
previous convictions should be disclosed in court,criminal law,scotland,0.0,low,0.7740632780322934,gte_small
previous convictions should be disclosed in court,criminal trials,court,1.0,high,0.8374553576382009,gte_small
previous convictions should be disclosed in court,criminal trials,previous convictions,0.8,high,0.8601560270445052,gte_small
previous convictions should be disclosed in court,defendant,court,1.0,high,0.8814851119781889,gte_small
previous convictions should be disclosed in court,defendant,criminal history,0.7,high,0.8386490360114283,gte_small
previous convictions should be disclosed in court,defendant,previous convictions,0.7,high,0.8540190975716034,gte_small
previous convictions should be disclosed in court,defendant,prospective jurors,0.5,medium,0.8220454369769453,gte_small
previous convictions should be disclosed in court,defendant,scotland,0.0,low,0.7628415184338778,gte_small
previous convictions should be disclosed in court,double jeopardy,american law institute,0.5,medium,0.7810488931288688,gte_small
previous convictions should be disclosed in court,double jeopardy,court,0.8,high,0.8143413011745584,gte_small
previous convictions should be disclosed in court,double jeopardy,criminal and civil,0.5,medium,0.8406775025260954,gte_small
previous convictions should be disclosed in court,double jeopardy,previous convictions,0.6,medium,0.8505612137105025,gte_small
previous convictions should be disclosed in court,double jeopardy,prosecution,0.7,high,0.8316749204081118,gte_small
previous convictions should be disclosed in court,england and wales,court,0.0,low,0.7745901593346427,gte_small
previous convictions should be disclosed in court,england and wales,court was established,0.1,low,0.7711602567359573,gte_small
previous convictions should be disclosed in court,england and wales,criminal and civil,0.0,low,0.7992753785884258,gte_small
previous convictions should be disclosed in court,england and wales,jury tampering,0.1,low,0.7473063181522499,gte_small
previous convictions should be disclosed in court,england and wales,previous convictions,0.0,low,0.7675038643848463,gte_small
previous convictions should be disclosed in court,england and wales,stare decisis,0.0,low,0.7644809854361464,gte_small
previous convictions should be disclosed in court,english common law,bad character evidence,0.5,medium,0.7742261341875009,gte_small
previous convictions should be disclosed in court,english common law,civil procedure,0.7,high,0.8228845412786032,gte_small
previous convictions should be disclosed in court,english common law,court,0.7,high,0.8211166064447238,gte_small
previous convictions should be disclosed in court,english common law,previous convictions,0.3,low,0.7846346607085153,gte_small
previous convictions should be disclosed in court,fair trial rights,court,1.0,high,0.8331437587999478,gte_small
previous convictions should be disclosed in court,fair trial rights,previous convictions,0.7,high,0.8264363687731231,gte_small
previous convictions should be disclosed in court,federal,court,0.6,medium,0.7982272963277324,gte_small
previous convictions should be disclosed in court,federal,previous convictions,0.1,low,0.7782249654037859,gte_small
previous convictions should be disclosed in court,judicial,court,1.0,high,0.9345120854029145,gte_small
previous convictions should be disclosed in court,judicial,previous convictions,0.6,medium,0.804551084869373,gte_small
previous convictions should be disclosed in court,juries,american law institute,0.5,medium,0.790457877603058,gte_small
previous convictions should be disclosed in court,juries,civil procedure,0.7,high,0.8213439613812965,gte_small
previous convictions should be disclosed in court,juries,court,1.0,high,0.8519797463476263,gte_small
previous convictions should be disclosed in court,juries,criminal history,0.5,medium,0.8031617207623447,gte_small
previous convictions should be disclosed in court,juries,federal,0.2,low,0.7886620554867471,gte_small
previous convictions should be disclosed in court,juries,previous convictions,0.5,medium,0.8311906280978323,gte_small
previous convictions should be disclosed in court,juries,prosecution,1.0,high,0.8668565437346181,gte_small
previous convictions should be disclosed in court,jurisdiction,court,0.9,high,0.8578759025907919,gte_small
previous convictions should be disclosed in court,jurisdiction,previous convictions,0.5,medium,0.7913181595180233,gte_small
previous convictions should be disclosed in court,jurors,conviction,1.0,high,0.8251925390988022,gte_small
previous convictions should be disclosed in court,jurors,court,1.0,high,0.8116729837330432,gte_small
previous convictions should be disclosed in court,jurors,jury tampering,0.9,high,0.8851359367029485,gte_small
previous convictions should be disclosed in court,jurors,previous convictions,0.5,medium,0.8318326306551144,gte_small
previous convictions should be disclosed in court,jury,court,1.0,high,0.8524089778305639,gte_small
previous convictions should be disclosed in court,jury,fair trial rights,0.9,high,0.8457097256875031,gte_small
previous convictions should be disclosed in court,jury,previous convictions,0.7,high,0.8315585859378088,gte_small
previous convictions should be disclosed in court,jury,prosecution,0.9,high,0.8820919837468634,gte_small
previous convictions should be disclosed in court,jury,rules,0.3,low,0.8057095614658061,gte_small
previous convictions should be disclosed in court,jury tampering,court,0.9,high,0.8125029312733104,gte_small
previous convictions should be disclosed in court,jury tampering,previous convictions,0.3,low,0.8369392647495001,gte_small
previous convictions should be disclosed in court,jury trial,civil procedure,0.9,high,0.7966396709609599,gte_small
previous convictions should be disclosed in court,jury trial,common law systems,0.8,high,0.7644275424216812,gte_small
previous convictions should be disclosed in court,jury trial,conviction,0.9,high,0.8304136989109985,gte_small
previous convictions should be disclosed in court,jury trial,court,1.0,high,0.8317656894405858,gte_small
previous convictions should be disclosed in court,jury trial,criminal trials,1.0,high,0.9003786838235248,gte_small
previous convictions should be disclosed in court,jury trial,federal,0.2,low,0.761141479227674,gte_small
previous convictions should be disclosed in court,jury trial,previous convictions,0.6,medium,0.8220568358896309,gte_small
previous convictions should be disclosed in court,jury trials,common law jurisdictions,0.5,medium,0.7698192626870136,gte_small
previous convictions should be disclosed in court,jury trials,court,1.0,high,0.8235186097478292,gte_small
previous convictions should be disclosed in court,jury trials,court was established,0.4,medium,0.8254779485175274,gte_small
previous convictions should be disclosed in court,jury trials,criminal and civil,0.8,high,0.810061293891082,gte_small
previous convictions should be disclosed in court,jury trials,previous convictions,0.7,high,0.8316088620350066,gte_small
previous convictions should be disclosed in court,law,convicted,0.7,high,0.815267521359382,gte_small
previous convictions should be disclosed in court,law,court,1.0,high,0.8847315078009865,gte_small
previous convictions should be disclosed in court,law,previous convictions,0.5,medium,0.8095993752649616,gte_small
previous convictions should be disclosed in court,legal,american law institute,0.6,medium,0.7964624471372144,gte_small
previous convictions should be disclosed in court,legal,bad character evidence,0.3,low,0.8065848065985735,gte_small
previous convictions should be disclosed in court,legal,common law jurisdictions,0.6,medium,0.8286090990590496,gte_small
previous convictions should be disclosed in court,legal,common law systems,0.9,high,0.8298516946285633,gte_small
previous convictions should be disclosed in court,legal,court,0.8,high,0.8598687083375983,gte_small
previous convictions should be disclosed in court,legal,judicial,0.9,high,0.8549322425553763,gte_small
previous convictions should be disclosed in court,legal,previous convictions,0.7,high,0.7964661261191778,gte_small
previous convictions should be disclosed in court,legal profession,court,0.7,high,0.8112732049710288,gte_small
previous convictions should be disclosed in court,legal profession,previous convictions,0.3,low,0.7956894132804404,gte_small
previous convictions should be disclosed in court,legal system,conviction,0.7,high,0.8077892972295977,gte_small
previous convictions should be disclosed in court,legal system,court,1.0,high,0.8570786573518494,gte_small
previous convictions should be disclosed in court,legal system,court was established,0.4,medium,0.8409564274246694,gte_small
previous convictions should be disclosed in court,legal system,criminal and civil,0.9,high,0.8498389524649385,gte_small
previous convictions should be disclosed in court,legal system,criminal case,0.9,high,0.8363991961486414,gte_small
previous convictions should be disclosed in court,legal system,federal,0.3,low,0.8176914671152864,gte_small
previous convictions should be disclosed in court,legal system,previous convictions,0.8,high,0.8039522863097713,gte_small
previous convictions should be disclosed in court,legal system,statutes,0.7,high,0.8504736556356244,gte_small
previous convictions should be disclosed in court,mens rea,court,0.8,high,0.7896793333887404,gte_small
previous convictions should be disclosed in court,mens rea,previous convictions,0.5,medium,0.7834602667214453,gte_small
previous convictions should be disclosed in court,miscarriage of justice,court,0.8,high,0.8403402336674044,gte_small
previous convictions should be disclosed in court,miscarriage of justice,court was established,0.2,low,0.8435018745769164,gte_small
previous convictions should be disclosed in court,miscarriage of justice,criminal and civil,0.4,medium,0.8335190042070022,gte_small
previous convictions should be disclosed in court,miscarriage of justice,previous convictions,0.7,high,0.8284542995636575,gte_small
previous convictions should be disclosed in court,parliament,court,0.3,low,0.8405280591842185,gte_small
previous convictions should be disclosed in court,parliament,previous convictions,0.1,low,0.772782719714391,gte_small
previous convictions should be disclosed in court,presumption of innocence,court,0.9,high,0.8146309033857283,gte_small
previous convictions should be disclosed in court,presumption of innocence,court was established,0.3,low,0.8021444486768623,gte_small
previous convictions should be disclosed in court,presumption of innocence,criminal case,1.0,high,0.8475935724894849,gte_small
previous convictions should be disclosed in court,presumption of innocence,fair trial rights,1.0,high,0.859276969631733,gte_small
previous convictions should be disclosed in court,presumption of innocence,legal profession,0.4,medium,0.7916557225312414,gte_small
previous convictions should be disclosed in court,presumption of innocence,previous convictions,0.7,high,0.8558165693753158,gte_small
previous convictions should be disclosed in court,presumption of innocence,prospective jurors,0.2,low,0.8084217021912676,gte_small
previous convictions should be disclosed in court,presumption of innocence,statutes,0.4,medium,0.8049396970024044,gte_small
previous convictions should be disclosed in court,prosecution,court,1.0,high,0.8462286242356871,gte_small
previous convictions should be disclosed in court,prosecution,previous convictions,0.6,medium,0.8783934535248776,gte_small
previous convictions should be disclosed in court,prospective jurors,court,1.0,high,0.7984650194836341,gte_small
previous convictions should be disclosed in court,prospective jurors,previous convictions,0.3,low,0.8269066330681006,gte_small
previous convictions should be disclosed in court,rule of law,bad character evidence,0.3,low,0.7710169735944215,gte_small
previous convictions should be disclosed in court,rule of law,civil law systems,1.0,high,0.8450269139020209,gte_small
previous convictions should be disclosed in court,rule of law,common law jurisdictions,0.7,high,0.8523771706384073,gte_small
previous convictions should be disclosed in court,rule of law,court,1.0,high,0.8305495346635091,gte_small
previous convictions should be disclosed in court,rule of law,criminal and civil,0.7,high,0.8154286115923868,gte_small
previous convictions should be disclosed in court,rule of law,legal profession,0.5,medium,0.8413113320999869,gte_small
previous convictions should be disclosed in court,rule of law,mens rea,0.5,medium,0.7604752232004134,gte_small
previous convictions should be disclosed in court,rule of law,previous convictions,0.3,low,0.7927634529898779,gte_small
previous convictions should be disclosed in court,rules,court,0.6,medium,0.8039127880853665,gte_small
previous convictions should be disclosed in court,rules,previous convictions,0.0,low,0.7757161664154324,gte_small
previous convictions should be disclosed in court,rules of evidence,court,0.9,high,0.8070393452601302,gte_small
previous convictions should be disclosed in court,rules of evidence,previous convictions,0.6,medium,0.8098124702818681,gte_small
previous convictions should be disclosed in court,scotland,court,0.0,low,0.7909191725382185,gte_small
previous convictions should be disclosed in court,scotland,previous convictions,0.0,low,0.7829404557532544,gte_small
previous convictions should be disclosed in court,scots law,acts of union,0.1,low,0.8160428764146502,gte_small
previous convictions should be disclosed in court,scots law,american law institute,0.1,low,0.795542362566565,gte_small
previous convictions should be disclosed in court,scots law,civil law systems,0.8,high,0.8437686540034767,gte_small
previous convictions should be disclosed in court,scots law,common law jurisdictions,0.7,high,0.848802168973249,gte_small
previous convictions should be disclosed in court,scots law,court,0.7,high,0.8145183896308207,gte_small
previous convictions should be disclosed in court,scots law,fair trial rights,0.4,medium,0.810378392655411,gte_small
previous convictions should be disclosed in court,scots law,mens rea,0.3,low,0.7688529766320982,gte_small
previous convictions should be disclosed in court,scots law,previous convictions,0.0,low,0.804332828335312,gte_small
previous convictions should be disclosed in court,scots law,scottish parliament,0.8,high,0.9093400595733556,gte_small
previous convictions should be disclosed in court,scots law,stare decisis,0.3,low,0.7882290908972354,gte_small
previous convictions should be disclosed in court,scottish parliament,court,0.0,low,0.7853023829590984,gte_small
previous convictions should be disclosed in court,scottish parliament,previous convictions,0.0,low,0.776090829376681,gte_small
previous convictions should be disclosed in court,stare decisis,court,1.0,high,0.8024062140010159,gte_small
previous convictions should be disclosed in court,stare decisis,previous convictions,0.6,medium,0.7923070412337457,gte_small
previous convictions should be disclosed in court,statutes,court,0.5,medium,0.8083518236589939,gte_small
previous convictions should be disclosed in court,statutes,previous convictions,0.0,low,0.7920422787907699,gte_small
previous convictions should be disclosed in court,trial,civil law systems,0.8,high,0.7820113528626459,gte_small
previous convictions should be disclosed in court,trial,civil procedure,1.0,high,0.8115776701740176,gte_small
previous convictions should be disclosed in court,trial,court,1.0,high,0.8794940905065747,gte_small
previous convictions should be disclosed in court,trial,previous convictions,0.9,high,0.8328337823210921,gte_small
previous convictions should be disclosed in court,trial by jury,american law institute,0.4,medium,0.774752923537388,gte_small
previous convictions should be disclosed in court,trial by jury,civil procedure,0.9,high,0.8081390841534617,gte_small
previous convictions should be disclosed in court,trial by jury,convicted,0.8,high,0.8446697990078431,gte_small
previous convictions should be disclosed in court,trial by jury,court,1.0,high,0.8382494152164581,gte_small
previous convictions should be disclosed in court,trial by jury,jurisdiction,0.5,medium,0.7879832847022242,gte_small
previous convictions should be disclosed in court,trial by jury,jury tampering,1.0,high,0.885017419723144,gte_small
previous convictions should be disclosed in court,trial by jury,previous convictions,0.6,medium,0.8295330048573604,gte_small
the right to bear arms should be limited,amendment,right to bear arms,0.5,medium,0.8543827720585793,gte_small
the right to bear arms should be limited,american gun culture,right to bear arms,1.0,high,0.8255935851312863,gte_small
the right to bear arms should be limited,ammunition,right to bear arms,0.7,high,0.8187468161426217,gte_small
the right to bear arms should be limited,arms,right to bear arms,1.0,high,0.8761414581985837,gte_small
the right to bear arms should be limited,assault weapons ban,right to bear arms,0.9,high,0.8607111880471522,gte_small
the right to bear arms should be limited,automatic,right to bear arms,0.2,low,0.7768083035851174,gte_small
the right to bear arms should be limited,automatic weapons,right to bear arms,0.8,high,0.838945967843469,gte_small
the right to bear arms should be limited,bear arms,right to bear arms,1.0,high,0.9380227132044012,gte_small
the right to bear arms should be limited,bill of rights,carrying of arms,0.6,medium,0.7819251226663497,gte_small
the right to bear arms should be limited,bill of rights,homicide,0.1,low,0.7585230195134782,gte_small
the right to bear arms should be limited,bill of rights,license,0.0,low,0.7924387828810254,gte_small
the right to bear arms should be limited,bill of rights,right to bear arms,0.6,medium,0.8628607613552173,gte_small
the right to bear arms should be limited,bill of rights,shotguns,0.0,low,0.7323859693418006,gte_small
the right to bear arms should be limited,carrying of arms,right to bear arms,1.0,high,0.8742415973204245,gte_small
the right to bear arms should be limited,citizens,right to bear arms,0.4,medium,0.7956046660940357,gte_small
the right to bear arms should be limited,collective rights model,right to bear arms,0.5,medium,0.8294300677118259,gte_small
the right to bear arms should be limited,defense,right to bear arms,0.5,medium,0.8151248913085282,gte_small
the right to bear arms should be limited,district of columbia,right to bear arms,0.3,low,0.7783569514430158,gte_small
the right to bear arms should be limited,domestic violence,right to bear arms,0.4,medium,0.7817398575962236,gte_small
the right to bear arms should be limited,firearm,automatic,0.7,high,0.8251397122586479,gte_small
the right to bear arms should be limited,firearm,citizens,0.1,low,0.7849827318691525,gte_small
the right to bear arms should be limited,firearm,right to bear arms,1.0,high,0.8664765059893461,gte_small
the right to bear arms should be limited,firearm ownership,right to bear arms,0.8,high,0.8700686229707436,gte_small
the right to bear arms should be limited,firearms,firearm ownership,1.0,high,0.9349172474452853,gte_small
the right to bear arms should be limited,firearms,right to bear arms,1.0,high,0.8676664820009741,gte_small
the right to bear arms should be limited,firearms,shotguns,1.0,high,0.8906984536177481,gte_small
the right to bear arms should be limited,firearms,type of weapon,1.0,high,0.886465500975304,gte_small
the right to bear arms should be limited,firearms and ammunition,license,0.6,medium,0.7749215174818725,gte_small
the right to bear arms should be limited,firearms and ammunition,right to bear arms,1.0,high,0.8427877546862563,gte_small
the right to bear arms should be limited,fully automatic,right to bear arms,0.2,low,0.7764993232977714,gte_small
the right to bear arms should be limited,fully automatic firearms,right to bear arms,0.7,high,0.8413914794602333,gte_small
the right to bear arms should be limited,gary kleck,right to bear arms,0.7,high,0.7454733752692556,gte_small
the right to bear arms should be limited,gun,ammunition,1.0,high,0.8824104222702546,gte_small
the right to bear arms should be limited,gun,automatic weapons,0.9,high,0.8781924525179216,gte_small
the right to bear arms should be limited,gun,fully automatic,0.8,high,0.8080125614494875,gte_small
the right to bear arms should be limited,gun,homicide,0.9,high,0.8327979730459345,gte_small
the right to bear arms should be limited,gun,right to bear arms,1.0,high,0.8354891271081805,gte_small
the right to bear arms should be limited,gun control,american gun culture,0.9,high,0.8657921324110891,gte_small
the right to bear arms should be limited,gun control,district of columbia,0.3,low,0.7858020164348649,gte_small
the right to bear arms should be limited,gun control,gary kleck,0.7,high,0.7594762098247603,gte_small
the right to bear arms should be limited,gun control,homicide,0.6,medium,0.823609313392713,gte_small
the right to bear arms should be limited,gun control,pro gun,0.9,high,0.887296127251114,gte_small
the right to bear arms should be limited,gun control,right to bear arms,1.0,high,0.8655979856312088,gte_small
the right to bear arms should be limited,gun control act,automatic weapons,0.7,high,0.8322703693422848,gte_small
the right to bear arms should be limited,gun control act,fully automatic firearms,0.4,medium,0.8549800439251679,gte_small
the right to bear arms should be limited,gun control act,homicide,0.4,medium,0.8084618471081304,gte_small
the right to bear arms should be limited,gun control act,right to bear arms,0.9,high,0.8575719837909997,gte_small
the right to bear arms should be limited,gun control advocates,fully automatic,0.1,low,0.7452549494900489,gte_small
the right to bear arms should be limited,gun control advocates,gun crime,0.8,high,0.8848984245513615,gte_small
the right to bear arms should be limited,gun control advocates,right to bear arms,0.9,high,0.8569124555679838,gte_small
the right to bear arms should be limited,gun control laws,automatic weapons,0.6,medium,0.8394962287540695,gte_small
the right to bear arms should be limited,gun control laws,gary kleck,0.8,high,0.7414610006718757,gte_small
the right to bear arms should be limited,gun control laws,right to bear arms,1.0,high,0.8589117533060743,gte_small
the right to bear arms should be limited,gun control legislation,carrying of arms,0.9,high,0.8163944384264274,gte_small
the right to bear arms should be limited,gun control legislation,citizens,0.1,low,0.760272221307755,gte_small
the right to bear arms should be limited,gun control legislation,right to bear arms,0.9,high,0.852497555288402,gte_small
the right to bear arms should be limited,gun control legislation,type of weapon,0.7,high,0.8014569323845104,gte_small
the right to bear arms should be limited,gun crime,right to bear arms,0.6,medium,0.8348693974666829,gte_small
the right to bear arms should be limited,gun laws,rates of gun,0.5,medium,0.8661632134697589,gte_small
the right to bear arms should be limited,gun laws,right to bear arms,1.0,high,0.8672279871825596,gte_small
the right to bear arms should be limited,gun owners,collective rights model,0.3,low,0.7795786373852672,gte_small
the right to bear arms should be limited,gun owners,homicide,0.3,low,0.8140440520632871,gte_small
the right to bear arms should be limited,gun owners,right to bear arms,1.0,high,0.8545828282939065,gte_small
the right to bear arms should be limited,gun ownership,gun crime,0.8,high,0.906262112841676,gte_small
the right to bear arms should be limited,gun ownership,pro gun,1.0,high,0.9061336584383692,gte_small
the right to bear arms should be limited,gun ownership,right to bear arms,1.0,high,0.8674517430534775,gte_small
the right to bear arms should be limited,gun possession,right to bear arms,1.0,high,0.8593209082217577,gte_small
the right to bear arms should be limited,gun related,homicide,0.8,high,0.8261035809832716,gte_small
the right to bear arms should be limited,gun related,right to bear arms,0.8,high,0.8513629019851158,gte_small
the right to bear arms should be limited,gun related,shotguns,0.4,medium,0.8765909078930612,gte_small
the right to bear arms should be limited,gun rights,assault weapons ban,0.8,high,0.8606391706547176,gte_small
the right to bear arms should be limited,gun rights,right to bear arms,0.9,high,0.9178426569336636,gte_small
the right to bear arms should be limited,gun rights advocates,license,0.4,medium,0.7677356476171652,gte_small
the right to bear arms should be limited,gun rights advocates,right to bear arms,0.9,high,0.8879292104413511,gte_small
the right to bear arms should be limited,gun violence,ammunition,0.4,medium,0.8318453840080668,gte_small
the right to bear arms should be limited,gun violence,license,0.0,low,0.7647329604995607,gte_small
the right to bear arms should be limited,gun violence,right to bear arms,0.9,high,0.8387318352821856,gte_small
the right to bear arms should be limited,guns,american gun culture,0.9,high,0.8971375531832018,gte_small
the right to bear arms should be limited,guns,automatic,0.7,high,0.8125590661706421,gte_small
the right to bear arms should be limited,guns,number of guns,1.0,high,0.9325841923759514,gte_small
the right to bear arms should be limited,guns,right to bear arms,1.0,high,0.857586778113308,gte_small
the right to bear arms should be limited,handguns,automatic weapons,0.8,high,0.8564055604919464,gte_small
the right to bear arms should be limited,handguns,law enforcement,0.3,low,0.8294407553962466,gte_small
the right to bear arms should be limited,handguns,right to bear arms,1.0,high,0.8451936241126448,gte_small
the right to bear arms should be limited,homicide,right to bear arms,0.3,low,0.7860152398937803,gte_small
the right to bear arms should be limited,kleck,right to bear arms,0.6,medium,0.7479906080927435,gte_small
the right to bear arms should be limited,law abiding citizens,fully automatic firearms,0.0,low,0.7714019985970271,gte_small
the right to bear arms should be limited,law abiding citizens,gun possession,0.5,medium,0.8204711230828721,gte_small
the right to bear arms should be limited,law abiding citizens,law enforcement,0.7,high,0.8559917653815458,gte_small
the right to bear arms should be limited,law abiding citizens,right to bear arms,0.3,low,0.8062337728072737,gte_small
the right to bear arms should be limited,law enforcement,right to bear arms,0.5,medium,0.8023296939404168,gte_small
the right to bear arms should be limited,license,right to bear arms,0.6,medium,0.7696794534877185,gte_small
the right to bear arms should be limited,militia,district of columbia,0.1,low,0.7638989422040661,gte_small
the right to bear arms should be limited,militia,license,0.0,low,0.7837440886029842,gte_small
the right to bear arms should be limited,militia,right to bear arms,0.9,high,0.8526875561166457,gte_small
the right to bear arms should be limited,national firearms act,gary kleck,0.1,low,0.7219041161192721,gte_small
the right to bear arms should be limited,national firearms act,kleck,0.1,low,0.7325438767139311,gte_small
the right to bear arms should be limited,national firearms act,operation ceasefire,0.4,medium,0.7399348903899672,gte_small
the right to bear arms should be limited,national firearms act,police,0.3,low,0.7736761119299709,gte_small
the right to bear arms should be limited,national firearms act,pro gun,0.8,high,0.8711824129714278,gte_small
the right to bear arms should be limited,national firearms act,right to bear arms,0.9,high,0.8606846963526924,gte_small
the right to bear arms should be limited,national rifle association,right to bear arms,0.9,high,0.8509698482398366,gte_small
the right to bear arms should be limited,national rifle association,weapons and ammunition,0.7,high,0.8378222881818481,gte_small
the right to bear arms should be limited,nra,right to bear arms,1.0,high,0.8587248599666648,gte_small
the right to bear arms should be limited,number of guns,right to bear arms,0.7,high,0.8446447028348557,gte_small
the right to bear arms should be limited,operation ceasefire,right to bear arms,0.6,medium,0.7857988783100961,gte_small
the right to bear arms should be limited,ownership,carrying of arms,0.8,high,0.7993839766719668,gte_small
the right to bear arms should be limited,ownership,fully automatic,0.0,low,0.7863144763866888,gte_small
the right to bear arms should be limited,ownership,right to bear arms,0.6,medium,0.7905758130817765,gte_small
the right to bear arms should be limited,police,right to bear arms,0.2,low,0.7859675350626674,gte_small
the right to bear arms should be limited,pro gun,right to bear arms,0.8,high,0.8507736537970947,gte_small
the right to bear arms should be limited,rates of gun,right to bear arms,0.4,medium,0.8209288249579734,gte_small
the right to bear arms should be limited,rifle,right to bear arms,1.0,high,0.8212750477569803,gte_small
the right to bear arms should be limited,shotguns,right to bear arms,0.9,high,0.8005098030115447,gte_small
the right to bear arms should be limited,type of weapon,right to bear arms,0.5,medium,0.8081064556770026,gte_small
the right to bear arms should be limited,united states,number of guns,0.2,low,0.7768651459816966,gte_small
the right to bear arms should be limited,united states,right to bear arms,0.6,medium,0.7473816284665666,gte_small
the right to bear arms should be limited,united states,shotguns,0.0,low,0.771015217495432,gte_small
the right to bear arms should be limited,violent crime,right to bear arms,0.6,medium,0.785197313542721,gte_small
the right to bear arms should be limited,weapons and ammunition,right to bear arms,1.0,high,0.8373008071301473,gte_small
the united states is responsible for mexico's drugs war,agent brian terry,bureau of narcotics,0.3,low,0.7928523910857026,gte_small
the united states is responsible for mexico's drugs war,agent brian terry,colombia,0.0,low,0.7501929169529802,gte_small
the united states is responsible for mexico's drugs war,agent brian terry,drug trafficking organizations,0.4,medium,0.75790711771763,gte_small
the united states is responsible for mexico's drugs war,agent brian terry,drugs war,0.6,medium,0.7585849356434927,gte_small
the united states is responsible for mexico's drugs war,agent brian terry,federal and local,0.2,low,0.7707380438520489,gte_small
the united states is responsible for mexico's drugs war,agent brian terry,mexico,0.5,medium,0.7526747035464837,gte_small
the united states is responsible for mexico's drugs war,agent brian terry,phoenix,0.2,low,0.7596648226026472,gte_small
the united states is responsible for mexico's drugs war,agent brian terry,police forces,0.6,medium,0.7612159459989473,gte_small
the united states is responsible for mexico's drugs war,agent brian terry,president felipe calder??n,0.0,low,0.7546087280764361,gte_small
the united states is responsible for mexico's drugs war,agent brian terry,training and equipment,0.0,low,0.7493495391073023,gte_small
the united states is responsible for mexico's drugs war,agent brian terry,united states,0.9,high,0.7334148363882398,gte_small
the united states is responsible for mexico's drugs war,atf agents,attorney general,0.3,low,0.7873445826526151,gte_small
the united states is responsible for mexico's drugs war,atf agents,drug enforcement administration,0.6,medium,0.8058444464520701,gte_small
the united states is responsible for mexico's drugs war,atf agents,drug trade,0.8,high,0.760656351555995,gte_small
the united states is responsible for mexico's drugs war,atf agents,drug trafficking organizations,0.6,medium,0.784304112616011,gte_small
the united states is responsible for mexico's drugs war,atf agents,drugs war,0.8,high,0.7576983015426103,gte_small
the united states is responsible for mexico's drugs war,atf agents,mexico,0.5,medium,0.7610071182852475,gte_small
the united states is responsible for mexico's drugs war,atf agents,phoenix,0.2,low,0.7951275034965454,gte_small
the united states is responsible for mexico's drugs war,atf agents,smuggling,0.7,high,0.7669371305473387,gte_small
the united states is responsible for mexico's drugs war,atf agents,united states,0.9,high,0.7656006044469359,gte_small
the united states is responsible for mexico's drugs war,attorney,drugs war,0.0,low,0.762269406805341,gte_small
the united states is responsible for mexico's drugs war,attorney,mexico,0.0,low,0.743895810140461,gte_small
the united states is responsible for mexico's drugs war,attorney,united states,0.1,low,0.7634492785603524,gte_small
the united states is responsible for mexico's drugs war,attorney general,drugs war,0.1,low,0.7517623538372085,gte_small
the united states is responsible for mexico's drugs war,attorney general,mexico,0.0,low,0.7250655077895553,gte_small
the united states is responsible for mexico's drugs war,attorney general,united states,0.2,low,0.739842984903305,gte_small
the united states is responsible for mexico's drugs war,attorney general holder,attorney general,1.0,high,0.9431049727022764,gte_small
the united states is responsible for mexico's drugs war,attorney general holder,central america,0.0,low,0.7137561103595684,gte_small
the united states is responsible for mexico's drugs war,attorney general holder,district of arizona,0.2,low,0.759613040912826,gte_small
the united states is responsible for mexico's drugs war,attorney general holder,drug enforcement administration,0.2,low,0.7962164416967703,gte_small
the united states is responsible for mexico's drugs war,attorney general holder,drug trafficking organizations,0.2,low,0.746663571762872,gte_small
the united states is responsible for mexico's drugs war,attorney general holder,drugs war,0.5,medium,0.7471189191925126,gte_small
the united states is responsible for mexico's drugs war,attorney general holder,law enforcement officials,0.7,high,0.8192427112484996,gte_small
the united states is responsible for mexico's drugs war,attorney general holder,marijuana,0.0,low,0.7721877978805446,gte_small
the united states is responsible for mexico's drugs war,attorney general holder,mexico,0.1,low,0.7301125791643396,gte_small
the united states is responsible for mexico's drugs war,attorney general holder,plan colombia,0.1,low,0.7239687817509654,gte_small
the united states is responsible for mexico's drugs war,attorney general holder,united states,0.6,medium,0.7569744378578679,gte_small
the united states is responsible for mexico's drugs war,bureau of narcotics,drugs war,0.9,high,0.8627581778784911,gte_small
the united states is responsible for mexico's drugs war,bureau of narcotics,mexico,0.2,low,0.8031477738444633,gte_small
the united states is responsible for mexico's drugs war,bureau of narcotics,united states,0.8,high,0.7552291406266415,gte_small
the united states is responsible for mexico's drugs war,cartel,attorney,0.0,low,0.7629715310724247,gte_small
the united states is responsible for mexico's drugs war,cartel,department,0.0,low,0.7639590621296701,gte_small
the united states is responsible for mexico's drugs war,cartel,drugs war,0.9,high,0.8369662925064058,gte_small
the united states is responsible for mexico's drugs war,cartel,federal and local,0.0,low,0.7702011883652354,gte_small
the united states is responsible for mexico's drugs war,cartel,mexico,0.6,medium,0.8261569648841273,gte_small
the united states is responsible for mexico's drugs war,cartel,phoenix,0.1,low,0.7695725822160813,gte_small
the united states is responsible for mexico's drugs war,cartel,plan colombia,0.7,high,0.7961440221275266,gte_small
the united states is responsible for mexico's drugs war,cartel,united states,0.0,low,0.7541545174613554,gte_small
the united states is responsible for mexico's drugs war,cartels,drugs war,0.9,high,0.8627591353115586,gte_small
the united states is responsible for mexico's drugs war,cartels,federal and local,0.1,low,0.7816597201064152,gte_small
the united states is responsible for mexico's drugs war,cartels,mexico,0.6,medium,0.841298460767592,gte_small
the united states is responsible for mexico's drugs war,cartels,plan colombia,0.7,high,0.801659639357309,gte_small
the united states is responsible for mexico's drugs war,cartels,united states,0.0,low,0.7695773972234259,gte_small
the united states is responsible for mexico's drugs war,cartels,wide receiver,0.5,medium,0.754732176534553,gte_small
the united states is responsible for mexico's drugs war,central america,drugs war,0.7,high,0.7520568642734703,gte_small
the united states is responsible for mexico's drugs war,central america,mexico,1.0,high,0.8335522863183218,gte_small
the united states is responsible for mexico's drugs war,central america,united states,0.4,medium,0.7695035737182924,gte_small
the united states is responsible for mexico's drugs war,central american countries,drug enforcement administration,0.2,low,0.7481930925247064,gte_small
the united states is responsible for mexico's drugs war,central american countries,drug trafficking organizations,0.6,medium,0.7745267845320352,gte_small
the united states is responsible for mexico's drugs war,central american countries,drugs war,0.6,medium,0.7548898877983035,gte_small
the united states is responsible for mexico's drugs war,central american countries,gunwalking,0.3,low,0.7292251999867486,gte_small
the united states is responsible for mexico's drugs war,central american countries,la familia,0.3,low,0.7604207687860828,gte_small
the united states is responsible for mexico's drugs war,central american countries,marijuana,0.6,medium,0.7492970399665995,gte_small
the united states is responsible for mexico's drugs war,central american countries,mexico,0.7,high,0.8386345650438128,gte_small
the united states is responsible for mexico's drugs war,central american countries,michoac??¿1⁄2n,0.3,low,0.7873937878439863,gte_small
the united states is responsible for mexico's drugs war,central american countries,phoenix,0.0,low,0.730261984335028,gte_small
the united states is responsible for mexico's drugs war,central american countries,police forces,0.3,low,0.7299038783209514,gte_small
the united states is responsible for mexico's drugs war,central american countries,president felipe calder??n,0.5,medium,0.7873239205540343,gte_small
the united states is responsible for mexico's drugs war,central american countries,united states,0.5,medium,0.7752869594982176,gte_small
the united states is responsible for mexico's drugs war,central american countries,wide receiver,0.2,low,0.7077160054702593,gte_small
the united states is responsible for mexico's drugs war,cocaine,bureau of narcotics,1.0,high,0.8461486120591879,gte_small
the united states is responsible for mexico's drugs war,cocaine,colombian,0.5,medium,0.8558425239047525,gte_small
the united states is responsible for mexico's drugs war,cocaine,drug trade,1.0,high,0.8490993375461967,gte_small
the united states is responsible for mexico's drugs war,cocaine,drugs war,1.0,high,0.8749153231485737,gte_small
the united states is responsible for mexico's drugs war,cocaine,la familia,1.0,high,0.7731337392295592,gte_small
the united states is responsible for mexico's drugs war,cocaine,mexico,0.2,low,0.8041731641842188,gte_small
the united states is responsible for mexico's drugs war,cocaine,united states,0.0,low,0.7775781222194914,gte_small
the united states is responsible for mexico's drugs war,colombia,drugs war,0.7,high,0.7960463532813239,gte_small
the united states is responsible for mexico's drugs war,colombia,mexico,0.3,low,0.8269315132460402,gte_small
the united states is responsible for mexico's drugs war,colombia,united states,0.2,low,0.7878072959764326,gte_small
the united states is responsible for mexico's drugs war,colombian,drugs war,0.7,high,0.7945358536210221,gte_small
the united states is responsible for mexico's drugs war,colombian,mexico,0.1,low,0.8212989169187342,gte_small
the united states is responsible for mexico's drugs war,colombian,united states,0.0,low,0.776788540338381,gte_small
the united states is responsible for mexico's drugs war,department,drugs war,0.0,low,0.7562144159299493,gte_small
the united states is responsible for mexico's drugs war,department,mexico,0.0,low,0.7763751697659896,gte_small
the united states is responsible for mexico's drugs war,department,united states,0.0,low,0.7759079298358796,gte_small
the united states is responsible for mexico's drugs war,district of arizona,drugs war,0.3,low,0.7493161810882443,gte_small
the united states is responsible for mexico's drugs war,district of arizona,mexico,0.2,low,0.791069057219141,gte_small
the united states is responsible for mexico's drugs war,district of arizona,united states,0.7,high,0.7406544953658875,gte_small
the united states is responsible for mexico's drugs war,drug,colombia,0.4,medium,0.8045229616435707,gte_small
the united states is responsible for mexico's drugs war,drug,drugs war,1.0,high,0.8934676771780632,gte_small
the united states is responsible for mexico's drugs war,drug,gunwalking,0.2,low,0.7694417310894666,gte_small
the united states is responsible for mexico's drugs war,drug,law enforcement efforts,0.6,medium,0.7514674335168333,gte_small
the united states is responsible for mexico's drugs war,drug,mexico,0.4,medium,0.7922261815983309,gte_small
the united states is responsible for mexico's drugs war,drug,training and equipment,0.0,low,0.7797452265057996,gte_small
the united states is responsible for mexico's drugs war,drug,united states,0.2,low,0.775193263940505,gte_small
the united states is responsible for mexico's drugs war,drug cartels,attorney general,0.1,low,0.7196564287356212,gte_small
the united states is responsible for mexico's drugs war,drug cartels,colombia,0.8,high,0.81091278147497,gte_small
the united states is responsible for mexico's drugs war,drug cartels,drug trade,1.0,high,0.8841218413313126,gte_small
the united states is responsible for mexico's drugs war,drug cartels,drug trafficking organizations,0.9,high,0.8948789755008633,gte_small
the united states is responsible for mexico's drugs war,drug cartels,drugs war,1.0,high,0.8957993682069879,gte_small
the united states is responsible for mexico's drugs war,drug cartels,ju??¿1⁄2rez cartel,0.9,high,0.9161408245987805,gte_small
the united states is responsible for mexico's drugs war,drug cartels,la familia,1.0,high,0.7446668337492162,gte_small
the united states is responsible for mexico's drugs war,drug cartels,mexico,0.8,high,0.8316477301692052,gte_small
the united states is responsible for mexico's drugs war,drug cartels,training and equipment,0.1,low,0.7192977241827914,gte_small
the united states is responsible for mexico's drugs war,drug cartels,united states,0.1,low,0.7662204474368071,gte_small
the united states is responsible for mexico's drugs war,drug control,drugs war,1.0,high,0.8823912316346043,gte_small
the united states is responsible for mexico's drugs war,drug control,mexico,0.6,medium,0.7854358466961582,gte_small
the united states is responsible for mexico's drugs war,drug control,united states,0.5,medium,0.7660384558685381,gte_small
the united states is responsible for mexico's drugs war,drug enforcement administration,drugs war,1.0,high,0.8582865692364687,gte_small
the united states is responsible for mexico's drugs war,drug enforcement administration,mexico,0.5,medium,0.7766776894569947,gte_small
the united states is responsible for mexico's drugs war,drug enforcement administration,united states,0.8,high,0.7824397702562017,gte_small
the united states is responsible for mexico's drugs war,drug trade,drugs war,1.0,high,0.883192049544766,gte_small
the united states is responsible for mexico's drugs war,drug trade,mexico,0.6,medium,0.8121124261663356,gte_small
the united states is responsible for mexico's drugs war,drug trade,united states,0.3,low,0.7744029501484139,gte_small
the united states is responsible for mexico's drugs war,drug traffickers,attorney general,0.1,low,0.7406168041064037,gte_small
the united states is responsible for mexico's drugs war,drug traffickers,colombia,0.6,medium,0.8022872186242396,gte_small
the united states is responsible for mexico's drugs war,drug traffickers,drug trade,1.0,high,0.8711436175057403,gte_small
the united states is responsible for mexico's drugs war,drug traffickers,drugs war,1.0,high,0.8813948476793475,gte_small
the united states is responsible for mexico's drugs war,drug traffickers,early to mid,0.0,low,0.7570324277437469,gte_small
the united states is responsible for mexico's drugs war,drug traffickers,ju??¿1⁄2rez cartel,1.0,high,0.8646996982938003,gte_small
the united states is responsible for mexico's drugs war,drug traffickers,mexico,0.9,high,0.7904427319403537,gte_small
the united states is responsible for mexico's drugs war,drug traffickers,tamaulipas,0.4,medium,0.759654530337839,gte_small
the united states is responsible for mexico's drugs war,drug traffickers,united states,0.7,high,0.7625794052350884,gte_small
the united states is responsible for mexico's drugs war,drug traffickers,wide receiver,0.5,medium,0.7684950755914376,gte_small
the united states is responsible for mexico's drugs war,drug trafficking,colombian,0.4,medium,0.8118552099072183,gte_small
the united states is responsible for mexico's drugs war,drug trafficking,drugs war,1.0,high,0.8937586974366413,gte_small
the united states is responsible for mexico's drugs war,drug trafficking,law enforcement officials,0.5,medium,0.7816019380911271,gte_small
the united states is responsible for mexico's drugs war,drug trafficking,mexico,0.8,high,0.8008139739277355,gte_small
the united states is responsible for mexico's drugs war,drug trafficking,united states,0.7,high,0.7635029598737765,gte_small
the united states is responsible for mexico's drugs war,drug trafficking organizations,drugs war,1.0,high,0.869610226996612,gte_small
the united states is responsible for mexico's drugs war,drug trafficking organizations,mexico,0.9,high,0.788766675078833,gte_small
the united states is responsible for mexico's drugs war,drug trafficking organizations,united states,0.5,medium,0.770666991905625,gte_small
the united states is responsible for mexico's drugs war,drugs,district of arizona,0.1,low,0.7583177753424202,gte_small
the united states is responsible for mexico's drugs war,drugs,drug trafficking organizations,0.9,high,0.8492238851810376,gte_small
the united states is responsible for mexico's drugs war,drugs,drugs war,1.0,high,0.9006163042461584,gte_small
the united states is responsible for mexico's drugs war,drugs,federal police,0.6,medium,0.7687105273704329,gte_small
the united states is responsible for mexico's drugs war,drugs,law enforcement efforts,0.6,medium,0.779724148506772,gte_small
the united states is responsible for mexico's drugs war,drugs,mexico,0.5,medium,0.8070364191569147,gte_small
the united states is responsible for mexico's drugs war,drugs,police forces,0.4,medium,0.7824934883703988,gte_small
the united states is responsible for mexico's drugs war,drugs,president felipe calder??n,0.2,low,0.7832790308068398,gte_small
the united states is responsible for mexico's drugs war,drugs,united states,0.1,low,0.7843407691112076,gte_small
the united states is responsible for mexico's drugs war,early to mid,drugs war,0.0,low,0.750578635641675,gte_small
the united states is responsible for mexico's drugs war,early to mid,mexico,0.0,low,0.7671662806383244,gte_small
the united states is responsible for mexico's drugs war,early to mid,united states,0.0,low,0.7609721222241018,gte_small
the united states is responsible for mexico's drugs war,fast and furious,bureau of narcotics,0.2,low,0.7626616228548684,gte_small
the united states is responsible for mexico's drugs war,fast and furious,drugs war,0.6,medium,0.780240964246602,gte_small
the united states is responsible for mexico's drugs war,fast and furious,mexico,0.7,high,0.7549760851120043,gte_small
the united states is responsible for mexico's drugs war,fast and furious,smuggling,0.8,high,0.7772400788282445,gte_small
the united states is responsible for mexico's drugs war,fast and furious,tamaulipas,0.1,low,0.746145259735507,gte_small
the united states is responsible for mexico's drugs war,fast and furious,united states,0.8,high,0.7544143912617615,gte_small
the united states is responsible for mexico's drugs war,federal and local,drugs war,0.1,low,0.7620123417101843,gte_small
the united states is responsible for mexico's drugs war,federal and local,mexico,0.1,low,0.7992048309206718,gte_small
the united states is responsible for mexico's drugs war,federal and local,united states,0.2,low,0.7820726488528513,gte_small
the united states is responsible for mexico's drugs war,federal police,drugs war,0.8,high,0.7514880074594378,gte_small
the united states is responsible for mexico's drugs war,federal police,mexico,0.2,low,0.7742161150941843,gte_small
the united states is responsible for mexico's drugs war,federal police,united states,0.4,medium,0.7631099040322413,gte_small
the united states is responsible for mexico's drugs war,firearms,attorney,0.1,low,0.7732426386898408,gte_small
the united states is responsible for mexico's drugs war,firearms,bureau of narcotics,0.1,low,0.7727460430484486,gte_small
the united states is responsible for mexico's drugs war,firearms,central america,0.2,low,0.7494579660362948,gte_small
the united states is responsible for mexico's drugs war,firearms,department,0.0,low,0.7677083730955672,gte_small
the united states is responsible for mexico's drugs war,firearms,drug trafficking organizations,0.6,medium,0.7570684258442933,gte_small
the united states is responsible for mexico's drugs war,firearms,drugs war,0.9,high,0.7762644614458224,gte_small
the united states is responsible for mexico's drugs war,firearms,federal and local,0.0,low,0.8013898246655016,gte_small
the united states is responsible for mexico's drugs war,firearms,mexico,0.3,low,0.7739032063706442,gte_small
the united states is responsible for mexico's drugs war,firearms,smuggling,0.8,high,0.7734517422749301,gte_small
the united states is responsible for mexico's drugs war,firearms,training and equipment,0.4,medium,0.8269848297912225,gte_small
the united states is responsible for mexico's drugs war,firearms,united states,0.3,low,0.7845520564130143,gte_small
the united states is responsible for mexico's drugs war,guns,department,0.0,low,0.7789490846891637,gte_small
the united states is responsible for mexico's drugs war,guns,drugs war,0.9,high,0.8071455894298971,gte_small
the united states is responsible for mexico's drugs war,guns,federal and local,0.0,low,0.7955401179341324,gte_small
the united states is responsible for mexico's drugs war,guns,federal police,0.5,medium,0.807217117330169,gte_small
the united states is responsible for mexico's drugs war,guns,law enforcement efforts,0.3,low,0.8176346272203427,gte_small
the united states is responsible for mexico's drugs war,guns,mexico,0.3,low,0.7916605305801183,gte_small
the united states is responsible for mexico's drugs war,guns,united states,0.3,low,0.7811654898540799,gte_small
the united states is responsible for mexico's drugs war,guns,wide receiver,0.7,high,0.797361664968152,gte_small
the united states is responsible for mexico's drugs war,gunwalking,drugs war,0.7,high,0.7717869044046618,gte_small
the united states is responsible for mexico's drugs war,gunwalking,mexico,0.8,high,0.7500033517118897,gte_small
the united states is responsible for mexico's drugs war,gunwalking,united states,0.8,high,0.7443983501711611,gte_small
the united states is responsible for mexico's drugs war,ju?ï¿1⁄2rez cartel,drugs war,0.7,high,0.8315539291641745,gte_small
the united states is responsible for mexico's drugs war,ju?ï¿1⁄2rez cartel,mexico,0.8,high,0.8279850369703923,gte_small
the united states is responsible for mexico's drugs war,ju?ï¿1⁄2rez cartel,united states,0.4,medium,0.774077467073214,gte_small
the united states is responsible for mexico's drugs war,la familia,drugs war,0.8,high,0.7424284556062735,gte_small
the united states is responsible for mexico's drugs war,la familia,mexico,0.8,high,0.7900667198483257,gte_small
the united states is responsible for mexico's drugs war,la familia,united states,0.2,low,0.7497495027095687,gte_small
the united states is responsible for mexico's drugs war,law enforcement,colombia,0.1,low,0.7772194828470705,gte_small
the united states is responsible for mexico's drugs war,law enforcement,colombian,0.0,low,0.7777270245979437,gte_small
the united states is responsible for mexico's drugs war,law enforcement,drug control,1.0,high,0.7864724030305947,gte_small
the united states is responsible for mexico's drugs war,law enforcement,drug trafficking organizations,0.8,high,0.7969962548995186,gte_small
the united states is responsible for mexico's drugs war,law enforcement,drugs war,0.7,high,0.7811342569766665,gte_small
the united states is responsible for mexico's drugs war,law enforcement,law enforcement officials,1.0,high,0.9319564980175935,gte_small
the united states is responsible for mexico's drugs war,law enforcement,mexico,0.3,low,0.7661024273866693,gte_small
the united states is responsible for mexico's drugs war,law enforcement,phoenix,0.1,low,0.7695203338697025,gte_small
the united states is responsible for mexico's drugs war,law enforcement,plan colombia,0.6,medium,0.7576149404956449,gte_small
the united states is responsible for mexico's drugs war,law enforcement,smuggling,0.6,medium,0.808776261887945,gte_small
the united states is responsible for mexico's drugs war,law enforcement,tamaulipas,0.1,low,0.7555875637452739,gte_small
the united states is responsible for mexico's drugs war,law enforcement,united states,0.2,low,0.7703094466403385,gte_small
the united states is responsible for mexico's drugs war,law enforcement efforts,drugs war,0.8,high,0.7759927051565726,gte_small
the united states is responsible for mexico's drugs war,law enforcement efforts,mexico,0.2,low,0.7634575329943987,gte_small
the united states is responsible for mexico's drugs war,law enforcement efforts,united states,0.1,low,0.7584108019164989,gte_small
the united states is responsible for mexico's drugs war,law enforcement officials,drugs war,0.6,medium,0.7700260201471076,gte_small
the united states is responsible for mexico's drugs war,law enforcement officials,mexico,0.2,low,0.7578231227282481,gte_small
the united states is responsible for mexico's drugs war,law enforcement officials,united states,0.2,low,0.7607228369453728,gte_small
the united states is responsible for mexico's drugs war,local law enforcement,attorney general,0.3,low,0.7795501339095106,gte_small
the united states is responsible for mexico's drugs war,local law enforcement,department,0.4,medium,0.7830547594623083,gte_small
the united states is responsible for mexico's drugs war,local law enforcement,drugs war,0.3,low,0.7616743237492064,gte_small
the united states is responsible for mexico's drugs war,local law enforcement,federal police,0.9,high,0.8640472307295907,gte_small
the united states is responsible for mexico's drugs war,local law enforcement,law enforcement efforts,1.0,high,0.9226269915701969,gte_small
the united states is responsible for mexico's drugs war,local law enforcement,mexico,0.2,low,0.7579842311996796,gte_small
the united states is responsible for mexico's drugs war,local law enforcement,michoac??¿1⁄2n,0.1,low,0.7702391431143085,gte_small
the united states is responsible for mexico's drugs war,local law enforcement,united states,0.1,low,0.7418628050477949,gte_small
the united states is responsible for mexico's drugs war,local law enforcement,wide receiver,0.1,low,0.7568274912400906,gte_small
the united states is responsible for mexico's drugs war,los zetas cartel,central america,0.7,high,0.7802046059808799,gte_small
the united states is responsible for mexico's drugs war,los zetas cartel,district of arizona,0.1,low,0.7532547368062222,gte_small
the united states is responsible for mexico's drugs war,los zetas cartel,drug control,1.0,high,0.7749088448723451,gte_small
the united states is responsible for mexico's drugs war,los zetas cartel,drug enforcement administration,0.7,high,0.7991794211551165,gte_small
the united states is responsible for mexico's drugs war,los zetas cartel,drugs war,0.9,high,0.8005525006057572,gte_small
the united states is responsible for mexico's drugs war,los zetas cartel,mexico,0.9,high,0.8040082324105245,gte_small
the united states is responsible for mexico's drugs war,los zetas cartel,phoenix,0.1,low,0.7709650627159733,gte_small
the united states is responsible for mexico's drugs war,los zetas cartel,plan colombia,0.2,low,0.7584576057267879,gte_small
the united states is responsible for mexico's drugs war,los zetas cartel,president felipe calder??n,0.2,low,0.7796191734995297,gte_small
the united states is responsible for mexico's drugs war,los zetas cartel,smuggling,0.8,high,0.8028521242966535,gte_small
the united states is responsible for mexico's drugs war,los zetas cartel,training and equipment,0.1,low,0.7172219465027979,gte_small
the united states is responsible for mexico's drugs war,los zetas cartel,united states,0.4,medium,0.7526738008322504,gte_small
the united states is responsible for mexico's drugs war,m??rida initiative,drugs war,0.7,high,0.7876094462662605,gte_small
the united states is responsible for mexico's drugs war,m??rida initiative,federal police,0.3,low,0.7613486956438354,gte_small
the united states is responsible for mexico's drugs war,m??rida initiative,gunwalking,0.3,low,0.7703091221841265,gte_small
the united states is responsible for mexico's drugs war,m??rida initiative,mexico,0.7,high,0.7832249432100216,gte_small
the united states is responsible for mexico's drugs war,m??rida initiative,police forces,0.3,low,0.7653665164304528,gte_small
the united states is responsible for mexico's drugs war,m??rida initiative,smuggling,0.5,medium,0.7702234278946779,gte_small
the united states is responsible for mexico's drugs war,m??rida initiative,united states,0.7,high,0.7654882586163764,gte_small
the united states is responsible for mexico's drugs war,marijuana,drugs war,1.0,high,0.8462961375731523,gte_small
the united states is responsible for mexico's drugs war,marijuana,mexico,0.2,low,0.7994469626020481,gte_small
the united states is responsible for mexico's drugs war,marijuana,united states,0.1,low,0.7837285301736294,gte_small
the united states is responsible for mexico's drugs war,mexican,attorney,0.0,low,0.7700262543338964,gte_small
the united states is responsible for mexico's drugs war,mexican,colombia,0.1,low,0.8135548721234945,gte_small
the united states is responsible for mexico's drugs war,mexican,department,0.0,low,0.7772020216235788,gte_small
the united states is responsible for mexico's drugs war,mexican,district of arizona,0.0,low,0.7836192613521431,gte_small
the united states is responsible for mexico's drugs war,mexican,drugs war,1.0,high,0.7858788775854669,gte_small
the united states is responsible for mexico's drugs war,mexican,early to mid,0.0,low,0.7823041087689309,gte_small
the united states is responsible for mexico's drugs war,mexican,mexico,1.0,high,0.9544204099898032,gte_small
the united states is responsible for mexico's drugs war,mexican,phoenix,0.0,low,0.8013044886023376,gte_small
the united states is responsible for mexico's drugs war,mexican,united states,0.4,medium,0.7768256740265246,gte_small
the united states is responsible for mexico's drugs war,mexican cartels,attorney,0.0,low,0.7445634885574597,gte_small
the united states is responsible for mexico's drugs war,mexican cartels,drug enforcement administration,0.9,high,0.8279387956025683,gte_small
the united states is responsible for mexico's drugs war,mexican cartels,drugs war,0.9,high,0.8402281427157399,gte_small
the united states is responsible for mexico's drugs war,mexican cartels,mexico,1.0,high,0.8712999770955888,gte_small
the united states is responsible for mexico's drugs war,mexican cartels,plan colombia,0.2,low,0.7738081893004182,gte_small
the united states is responsible for mexico's drugs war,mexican cartels,training and equipment,0.2,low,0.7134567115338764,gte_small
the united states is responsible for mexico's drugs war,mexican cartels,united states,0.4,medium,0.7450222719019901,gte_small
the united states is responsible for mexico's drugs war,mexican drug cartels,central america,0.8,high,0.7710882002886218,gte_small
the united states is responsible for mexico's drugs war,mexican drug cartels,drugs war,1.0,high,0.8624950818839435,gte_small
the united states is responsible for mexico's drugs war,mexican drug cartels,federal and local,0.1,low,0.7561455883544539,gte_small
the united states is responsible for mexico's drugs war,mexican drug cartels,la familia,1.0,high,0.7454848712531588,gte_small
the united states is responsible for mexico's drugs war,mexican drug cartels,law enforcement efforts,0.7,high,0.7875134230966089,gte_small
the united states is responsible for mexico's drugs war,mexican drug cartels,law enforcement officials,0.5,medium,0.7818496247874291,gte_small
the united states is responsible for mexico's drugs war,mexican drug cartels,mexico,1.0,high,0.8721026044905235,gte_small
the united states is responsible for mexico's drugs war,mexican drug cartels,training and equipment,0.2,low,0.704932005218579,gte_small
the united states is responsible for mexico's drugs war,mexican drug cartels,united states,0.5,medium,0.7452085005617407,gte_small
the united states is responsible for mexico's drugs war,mexican government,drugs war,0.8,high,0.7829208564383001,gte_small
the united states is responsible for mexico's drugs war,mexican government,ju??¿1⁄2rez cartel,0.5,medium,0.8361060938829645,gte_small
the united states is responsible for mexico's drugs war,mexican government,law enforcement efforts,0.2,low,0.7686500782215134,gte_small
the united states is responsible for mexico's drugs war,mexican government,mexico,1.0,high,0.920896800795817,gte_small
the united states is responsible for mexico's drugs war,mexican government,president felipe calder??n,0.9,high,0.8387256125083313,gte_small
the united states is responsible for mexico's drugs war,mexican government,smuggling,0.2,low,0.7670274076609804,gte_small
the united states is responsible for mexico's drugs war,mexican government,united states,0.1,low,0.7522823834290696,gte_small
the united states is responsible for mexico's drugs war,mexican law enforcement,attorney general,0.1,low,0.7684350958593237,gte_small
the united states is responsible for mexico's drugs war,mexican law enforcement,drug enforcement administration,0.5,medium,0.8379635787675948,gte_small
the united states is responsible for mexico's drugs war,mexican law enforcement,drugs war,0.9,high,0.7701011673078425,gte_small
the united states is responsible for mexico's drugs war,mexican law enforcement,early to mid,0.0,low,0.7378953936462831,gte_small
the united states is responsible for mexico's drugs war,mexican law enforcement,gunwalking,0.5,medium,0.7886678186878479,gte_small
the united states is responsible for mexico's drugs war,mexican law enforcement,law enforcement efforts,1.0,high,0.880049177646057,gte_small
the united states is responsible for mexico's drugs war,mexican law enforcement,law enforcement officials,0.9,high,0.8816426288022088,gte_small
the united states is responsible for mexico's drugs war,mexican law enforcement,mexico,1.0,high,0.8919779109976279,gte_small
the united states is responsible for mexico's drugs war,mexican law enforcement,plan colombia,0.1,low,0.7693005158925272,gte_small
the united states is responsible for mexico's drugs war,mexican law enforcement,smuggling,0.6,medium,0.7977604349314972,gte_small
the united states is responsible for mexico's drugs war,mexican law enforcement,training and equipment,0.3,low,0.7701829502318893,gte_small
the united states is responsible for mexico's drugs war,mexican law enforcement,united states,0.0,low,0.751990440378246,gte_small
the united states is responsible for mexico's drugs war,mexican law enforcement,wide receiver,0.5,medium,0.7485487436695898,gte_small
the united states is responsible for mexico's drugs war,mexico,colombian,0.1,low,0.8212989169187342,gte_small
the united states is responsible for mexico's drugs war,mexico,drugs war,1.0,high,0.7868293409986298,gte_small
the united states is responsible for mexico's drugs war,mexico,early to mid,0.0,low,0.7672623660961229,gte_small
the united states is responsible for mexico's drugs war,mexico,federal and local,0.1,low,0.7992580084593259,gte_small
the united states is responsible for mexico's drugs war,mexico,federal police,0.0,low,0.7742592449271154,gte_small
the united states is responsible for mexico's drugs war,mexico,gunwalking,0.7,high,0.7500033517118897,gte_small
the united states is responsible for mexico's drugs war,mexico,law enforcement officials,0.2,low,0.7578763374278326,gte_small
the united states is responsible for mexico's drugs war,mexico,mexico,1.0,high,0.9999995010817329,gte_small
the united states is responsible for mexico's drugs war,mexico,michoac??¿1⁄2n,0.7,high,0.7998374948373098,gte_small
the united states is responsible for mexico's drugs war,mexico,united states,0.8,high,0.7886202822075612,gte_small
the united states is responsible for mexico's drugs war,michoac?ï¿1⁄2n,drugs war,0.1,low,0.7722174637143215,gte_small
the united states is responsible for mexico's drugs war,michoac?ï¿1⁄2n,mexico,0.6,medium,0.7925671792803325,gte_small
the united states is responsible for mexico's drugs war,michoac?ï¿1⁄2n,united states,0.0,low,0.7645720830167887,gte_small
the united states is responsible for mexico's drugs war,phoenix,drugs war,0.3,low,0.7761738702861444,gte_small
the united states is responsible for mexico's drugs war,phoenix,mexico,0.2,low,0.7986119892606532,gte_small
the united states is responsible for mexico's drugs war,phoenix,united states,0.6,medium,0.7699657923241686,gte_small
the united states is responsible for mexico's drugs war,plan colombia,drugs war,0.9,high,0.7797764180385987,gte_small
the united states is responsible for mexico's drugs war,plan colombia,mexico,0.1,low,0.7891954497643687,gte_small
the united states is responsible for mexico's drugs war,plan colombia,united states,0.9,high,0.7507776430378075,gte_small
the united states is responsible for mexico's drugs war,police forces,drugs war,0.9,high,0.7625356894230162,gte_small
the united states is responsible for mexico's drugs war,police forces,mexico,0.2,low,0.7500968237539378,gte_small
the united states is responsible for mexico's drugs war,police forces,united states,0.2,low,0.7442465983993344,gte_small
the united states is responsible for mexico's drugs war,president felipe calder??n,drugs war,0.6,medium,0.7837345902720746,gte_small
the united states is responsible for mexico's drugs war,president felipe calder??n,mexico,0.9,high,0.8324996824061672,gte_small
the united states is responsible for mexico's drugs war,president felipe calder??n,united states,0.0,low,0.76962597402523,gte_small
the united states is responsible for mexico's drugs war,project gunrunner,attorney,0.0,low,0.7557900845418353,gte_small
the united states is responsible for mexico's drugs war,project gunrunner,bureau of narcotics,0.4,medium,0.7486271818855766,gte_small
the united states is responsible for mexico's drugs war,project gunrunner,drugs war,0.8,high,0.7784433598047164,gte_small
the united states is responsible for mexico's drugs war,project gunrunner,mexico,0.9,high,0.7579897718695076,gte_small
the united states is responsible for mexico's drugs war,project gunrunner,phoenix,0.5,medium,0.7694439936870523,gte_small
the united states is responsible for mexico's drugs war,project gunrunner,president felipe calder??n,0.1,low,0.7807264046300812,gte_small
the united states is responsible for mexico's drugs war,project gunrunner,smuggling,1.0,high,0.7663400282066722,gte_small
the united states is responsible for mexico's drugs war,project gunrunner,united states,0.9,high,0.7536162555142313,gte_small
the united states is responsible for mexico's drugs war,sinaloa cartel,attorney general,0.0,low,0.7451630092132162,gte_small
the united states is responsible for mexico's drugs war,sinaloa cartel,drug control,1.0,high,0.7922439559904646,gte_small
the united states is responsible for mexico's drugs war,sinaloa cartel,drugs war,0.9,high,0.7932579876546723,gte_small
the united states is responsible for mexico's drugs war,sinaloa cartel,gunwalking,0.4,medium,0.7556691484875141,gte_small
the united states is responsible for mexico's drugs war,sinaloa cartel,marijuana,0.8,high,0.7641476915860905,gte_small
the united states is responsible for mexico's drugs war,sinaloa cartel,mexico,0.9,high,0.7973311945107772,gte_small
the united states is responsible for mexico's drugs war,sinaloa cartel,phoenix,0.4,medium,0.727539996288704,gte_small
the united states is responsible for mexico's drugs war,sinaloa cartel,training and equipment,0.0,low,0.717179304246507,gte_small
the united states is responsible for mexico's drugs war,sinaloa cartel,united states,0.5,medium,0.750451578616439,gte_small
the united states is responsible for mexico's drugs war,smuggling,drugs war,0.9,high,0.8161093729325422,gte_small
the united states is responsible for mexico's drugs war,smuggling,mexico,0.5,medium,0.7856955450344325,gte_small
the united states is responsible for mexico's drugs war,smuggling,united states,0.4,medium,0.7473155159626899,gte_small
the united states is responsible for mexico's drugs war,tamaulipas,drugs war,0.4,medium,0.7307249942585342,gte_small
the united states is responsible for mexico's drugs war,tamaulipas,mexico,0.9,high,0.8103313661460377,gte_small
the united states is responsible for mexico's drugs war,tamaulipas,united states,0.1,low,0.7675374229527904,gte_small
the united states is responsible for mexico's drugs war,training and equipment,drugs war,0.1,low,0.7347734092526451,gte_small
the united states is responsible for mexico's drugs war,training and equipment,mexico,0.0,low,0.7532228758696461,gte_small
the united states is responsible for mexico's drugs war,training and equipment,united states,0.0,low,0.7569437398462471,gte_small
the united states is responsible for mexico's drugs war,u.s,colombian,0.1,low,0.8007692299625696,gte_small
the united states is responsible for mexico's drugs war,u.s,district of arizona,1.0,high,0.7702626692401165,gte_small
the united states is responsible for mexico's drugs war,u.s,drugs war,0.6,medium,0.7915118787635822,gte_small
the united states is responsible for mexico's drugs war,u.s,mexico,0.7,high,0.8065547722203141,gte_small
the united states is responsible for mexico's drugs war,u.s,police forces,0.2,low,0.7588957988443771,gte_small
the united states is responsible for mexico's drugs war,u.s,united states,0.9,high,0.8897025902602308,gte_small
the united states is responsible for mexico's drugs war,u.s state department,bureau of narcotics,0.4,medium,0.8105604213196083,gte_small
the united states is responsible for mexico's drugs war,u.s state department,central america,0.2,low,0.7395912471900147,gte_small
the united states is responsible for mexico's drugs war,u.s state department,district of arizona,0.4,medium,0.7867011095861985,gte_small
the united states is responsible for mexico's drugs war,u.s state department,drug trade,0.1,low,0.767314245790884,gte_small
the united states is responsible for mexico's drugs war,u.s state department,drug trafficking organizations,0.3,low,0.7738820739504367,gte_small
the united states is responsible for mexico's drugs war,u.s state department,drugs war,0.4,medium,0.7775915740773582,gte_small
the united states is responsible for mexico's drugs war,u.s state department,early to mid,0.0,low,0.7355408695070631,gte_small
the united states is responsible for mexico's drugs war,u.s state department,marijuana,0.1,low,0.7877399318425656,gte_small
the united states is responsible for mexico's drugs war,u.s state department,mexico,0.0,low,0.7789181615176263,gte_small
the united states is responsible for mexico's drugs war,u.s state department,michoac??¿1⁄2n,0.0,low,0.7422299208638893,gte_small
the united states is responsible for mexico's drugs war,u.s state department,police forces,0.4,medium,0.7686238658552939,gte_small
the united states is responsible for mexico's drugs war,u.s state department,united states,1.0,high,0.8265232411286483,gte_small
the united states is responsible for mexico's drugs war,u.s state department,wide receiver,0.2,low,0.758149279003001,gte_small
the united states is responsible for mexico's drugs war,war on drugs,attorney general,0.1,low,0.7515722275057629,gte_small
the united states is responsible for mexico's drugs war,war on drugs,central america,0.8,high,0.743972743658542,gte_small
the united states is responsible for mexico's drugs war,war on drugs,drug trafficking organizations,0.8,high,0.864628438051954,gte_small
the united states is responsible for mexico's drugs war,war on drugs,drugs war,1.0,high,0.9778760477026279,gte_small
the united states is responsible for mexico's drugs war,war on drugs,federal police,0.8,high,0.7575416518451361,gte_small
the united states is responsible for mexico's drugs war,war on drugs,law enforcement efforts,1.0,high,0.7836728886425928,gte_small
the united states is responsible for mexico's drugs war,war on drugs,mexico,1.0,high,0.778106838589703,gte_small
the united states is responsible for mexico's drugs war,war on drugs,united states,1.0,high,0.7527986144025114,gte_small
the united states is responsible for mexico's drugs war,wide receiver,drugs war,0.6,medium,0.742877611725623,gte_small
the united states is responsible for mexico's drugs war,wide receiver,mexico,0.5,medium,0.755844354744821,gte_small
the united states is responsible for mexico's drugs war,wide receiver,united states,0.8,high,0.744868807601982,gte_small
