query_id,doc_id,relevance,score,topic,term1,term2,relatedness_level
q_000000,d_000046,1.0,1.0,atheism is the only way,absence of belief,atheism,high
q_000001,d_000880,0.7,0.7,democratic governments should require voters to present photo identification at the polling station,absentee,voters,high
q_000002,d_000880,0.8,0.8,democratic governments should require voters to present photo identification at the polling station,absentee ballots,voters,high
q_000003,d_000258,1.0,1.0,open primaries are the most effective method of selecting candidates for elections,absolute majority,elections,high
q_000004,d_000515,1.0,1.0,the monarchy should be abolished,absolute monarchy,monarchy,high
q_000005,d_000066,1.0,1.0,the catholic church is justified in forbidding the use of barrier methods of contraception,abstinence only education,barrier methods of contraception,high
q_000005,d_000104,0.9,0.9,the catholic church is justified in forbidding the use of barrier methods of contraception,abstinence only education,catholic church,high
q_000007,d_000612,0.7,0.7,the use of performance enhancing drugs in professional sports should be permitted,abuse potential,performance enhancing drugs,high
q_000008,d_000023,0.8,0.8,the leaking of military documents by anat kamm is justified,access to information,anat kamm,high
q_000008,d_000460,0.9,0.9,the leaking of military documents by anat kamm is justified,access to information,leaking,high
q_000008,d_000504,0.7,0.7,the leaking of military documents by anat kamm is justified,access to information,military documents,high
q_000008,d_000888,0.7,0.7,the leaking of military documents by anat kamm is justified,access to information,war documents leak,high
q_000008,d_000897,0.8,0.8,the leaking of military documents by anat kamm is justified,access to information,wikileaks documents,high
q_000012,d_000875,0.9,0.9,the sale of violent video games to minors should be banned,action games,violent video games,high
q_000015,d_000919,0.8,0.8,a mandatory retirement age should be used,adults,younger adults,high
q_000016,d_000595,0.9,0.9,parents should be allowed to genetically screen fetuses for heritable diseases,advanced maternal age,parents,high
q_000017,d_000127,1.0,1.0,states should not subsidize the growing of tobacco,adverse health effects,cigar smokers,high
q_000017,d_000469,0.7,0.7,states should not subsidize the growing of tobacco,adverse health effects,light cigarettes,high
q_000017,d_000771,0.7,0.7,states should not subsidize the growing of tobacco,adverse health effects,smoking restrictions,high
q_000017,d_000834,1.0,1.0,states should not subsidize the growing of tobacco,adverse health effects,tobacco consumption,high
q_000019,d_000009,0.8,0.8,the use of affirmative action is justified,affirmative,affirmative action,high
q_000020,d_000009,1.0,1.0,the use of affirmative action is justified,affirmative action,affirmative action,high
q_000020,d_000675,0.9,0.9,the use of affirmative action is justified,affirmative action,races,high
q_000021,d_000009,1.0,1.0,the use of affirmative action is justified,affirmative action policies,affirmative action,high
q_000021,d_000381,1.0,1.0,the use of affirmative action is justified,affirmative action policies,hiring,high
q_000022,d_000009,1.0,1.0,the use of affirmative action is justified,affirmative action programs,affirmative action,high
q_000022,d_000678,1.0,1.0,the use of affirmative action is justified,affirmative action programs,racial prejudice,high
q_000025,d_000009,1.0,1.0,the use of affirmative action is justified,african americans,affirmative action,high
q_000026,d_000481,1.0,1.0,a mandatory retirement age should be used,age,mandatory retirement age,high
q_000026,d_000733,0.8,0.8,the school leaving age should be raised to 18,age,school leaving age,high
q_000027,d_000481,0.9,0.9,a mandatory retirement age should be used,age discrimination,mandatory retirement age,high
q_000028,d_000012,0.8,0.8,a mandatory retirement age should be used,age related,ageing results,high
q_000028,d_000481,0.9,0.9,a mandatory retirement age should be used,age related,mandatory retirement age,high
q_000029,d_000481,0.7,0.7,a mandatory retirement age should be used,ageing,mandatory retirement age,high
q_000033,d_000875,1.0,1.0,the sale of violent video games to minors should be banned,aggression,violent video games,high
q_000034,d_000142,1.0,1.0,the sale of violent video games to minors should be banned,aggressive behavior,columbine high school,high
q_000034,d_000875,0.9,0.9,the sale of violent video games to minors should be banned,aggressive behavior,violent video games,high
q_000035,d_000481,0.8,0.8,a mandatory retirement age should be used,aging,mandatory retirement age,high
q_000036,d_000066,0.9,0.9,the catholic church is justified in forbidding the use of barrier methods of contraception,aids,barrier methods of contraception,high
q_000036,d_000222,1.0,1.0,the catholic church is justified in forbidding the use of barrier methods of contraception,aids,disease,high
q_000036,d_000382,1.0,1.0,the catholic church is justified in forbidding the use of barrier methods of contraception,aids,hiv and aids,high
q_000037,d_000075,0.8,0.8,the keystone xl pipeline should be built,alberta,bituminous sands,high
q_000037,d_000439,1.0,1.0,the keystone xl pipeline should be built,alberta,keystone xl pipeline,high
q_000038,d_000439,0.8,0.8,the keystone xl pipeline should be built,alberta government,keystone xl pipeline,high
q_000039,d_000439,1.0,1.0,the keystone xl pipeline should be built,alberta oil sands,keystone xl pipeline,high
q_000041,d_000503,0.7,0.7,national service should be reintroduced,alternative service,military conscription,high
q_000041,d_000533,0.8,0.8,national service should be reintroduced,alternative service,national service,high
q_000041,d_000877,0.9,0.9,national service should be reintroduced,alternative service,volunteer,high
q_000042,d_000095,0.9,0.9,open primaries are the most effective method of selecting candidates for elections,alternative vote,candidates,high
q_000042,d_000258,1.0,1.0,open primaries are the most effective method of selecting candidates for elections,alternative vote,elections,high
q_000044,d_000082,1.0,1.0,boxing should be banned,amateur boxing,boxing,high
q_000045,d_000082,1.0,1.0,boxing should be banned,amateur boxing association,boxing,high
q_000047,d_000018,1.0,1.0,the american jobs act should be passed,american jobs act,american jobs act,high
q_000047,d_000249,0.7,0.7,the american jobs act should be passed,american jobs act,economy,high
q_000048,d_000839,0.7,0.7,all collective bargaining rights claimed by trades unions should be abolished,american labor,trades unions,high
q_000049,d_000365,1.0,1.0,states should not subsidize the growing of tobacco,american tobacco,growing of tobacco,high
q_000050,d_000314,0.8,0.8,parents should be allowed to genetically screen fetuses for heritable diseases,amniocentesis,fetuses,high
q_000050,d_000341,0.8,0.8,parents should be allowed to genetically screen fetuses for heritable diseases,amniocentesis,genetic screening,high
q_000050,d_000378,0.9,0.9,parents should be allowed to genetically screen fetuses for heritable diseases,amniocentesis,heritable diseases,high
q_000051,d_000028,0.8,0.8,exploitation of the antarctic continent should be ceased,amundsen,antarctic continent,high
q_000052,d_000612,1.0,1.0,the use of performance enhancing drugs in professional sports should be permitted,anabolic,performance enhancing drugs,high
q_000053,d_000047,0.8,0.8,the use of performance enhancing drugs in professional sports should be permitted,anabolic steroid,athlete,high
q_000053,d_000388,1.0,1.0,the use of performance enhancing drugs in professional sports should be permitted,anabolic steroid,hormones,high
q_000053,d_000612,1.0,1.0,the use of performance enhancing drugs in professional sports should be permitted,anabolic steroid,performance enhancing drugs,high
q_000053,d_000654,0.9,0.9,the use of performance enhancing drugs in professional sports should be permitted,anabolic steroid,professional sports,high
q_000054,d_000025,1.0,1.0,the use of performance enhancing drugs in professional sports should be permitted,anabolic steroid users,androgenic steroids,high
q_000054,d_000388,0.9,0.9,the use of performance enhancing drugs in professional sports should be permitted,anabolic steroid users,hormones,high
q_000054,d_000612,1.0,1.0,the use of performance enhancing drugs in professional sports should be permitted,anabolic steroid users,performance enhancing drugs,high
q_000054,d_000654,0.9,0.9,the use of performance enhancing drugs in professional sports should be permitted,anabolic steroid users,professional sports,high
q_000055,d_000047,0.9,0.9,the use of performance enhancing drugs in professional sports should be permitted,anabolic steroids,athlete,high
q_000055,d_000510,1.0,1.0,the use of performance enhancing drugs in professional sports should be permitted,anabolic steroids,mitchell report,high
q_000055,d_000612,1.0,1.0,the use of performance enhancing drugs in professional sports should be permitted,anabolic steroids,performance enhancing drugs,high
q_000055,d_000639,0.7,0.7,the use of performance enhancing drugs in professional sports should be permitted,anabolic steroids,prescription,high
q_000055,d_000654,0.9,0.9,the use of performance enhancing drugs in professional sports should be permitted,anabolic steroids,professional sports,high
q_000055,d_000679,0.7,0.7,the use of performance enhancing drugs in professional sports should be permitted,anabolic steroids,random testing,high
q_000056,d_000612,0.8,0.8,the use of performance enhancing drugs in professional sports should be permitted,androgen,performance enhancing drugs,high
q_000056,d_000654,0.7,0.7,the use of performance enhancing drugs in professional sports should be permitted,androgen,professional sports,high
q_000057,d_000612,1.0,1.0,the use of performance enhancing drugs in professional sports should be permitted,androgenic steroids,performance enhancing drugs,high
q_000057,d_000654,0.9,0.9,the use of performance enhancing drugs in professional sports should be permitted,androgenic steroids,professional sports,high
q_000058,d_000612,0.8,0.8,the use of performance enhancing drugs in professional sports should be permitted,androgenic:anabolic ratio,performance enhancing drugs,high
q_000060,d_000022,0.7,0.7,exploitation of the antarctic continent should be ceased,antarctic,amundsen,high
q_000060,d_000028,1.0,1.0,exploitation of the antarctic continent should be ceased,antarctic,antarctic continent,high
q_000061,d_000028,1.0,1.0,exploitation of the antarctic continent should be ceased,antarctic ice sheet,antarctic continent,high
q_000062,d_000028,1.0,1.0,exploitation of the antarctic continent should be ceased,antarctic peninsula,antarctic continent,high
q_000063,d_000028,0.9,0.9,exploitation of the antarctic continent should be ceased,antarctic treaty,antarctic continent,high
q_000063,d_000329,0.7,0.7,exploitation of the antarctic continent should be ceased,antarctic treaty,future generations,high
q_000063,d_000419,0.9,0.9,exploitation of the antarctic continent should be ceased,antarctic treaty,international law,high
q_000064,d_000028,1.0,1.0,exploitation of the antarctic continent should be ceased,antarctica,antarctic continent,high
q_000064,d_000719,0.7,0.7,exploitation of the antarctic continent should be ceased,antarctica,ross,high
q_000067,d_000560,0.9,0.9,all nations have a right to nuclear weapons,anti ballistic missile,nuclear weapons,high
q_000068,d_000413,1.0,1.0,intellectual property rights should be abolished,anti copyright,intellectual property rights,high
q_000069,d_000086,0.9,0.9,bribery is sometimes acceptable,anti corruption,bribery,high
q_000069,d_000840,0.7,0.7,bribery is sometimes acceptable,anti corruption,transparency,high
q_000070,d_000086,0.9,0.9,bribery is sometimes acceptable,anti corruption measures,bribery,high
q_000071,d_000024,0.7,0.7,the use of performance enhancing drugs in professional sports should be permitted,anti doping,androgen,high
q_000071,d_000387,0.7,0.7,the use of performance enhancing drugs in professional sports should be permitted,anti doping,hormone,high
q_000071,d_000388,0.7,0.7,the use of performance enhancing drugs in professional sports should be permitted,anti doping,hormones,high
q_000071,d_000612,1.0,1.0,the use of performance enhancing drugs in professional sports should be permitted,anti doping,performance enhancing drugs,high
q_000071,d_000654,0.8,0.8,the use of performance enhancing drugs in professional sports should be permitted,anti doping,professional sports,high
q_000071,d_000816,1.0,1.0,the use of performance enhancing drugs in professional sports should be permitted,anti doping,systematic doping,high
q_000072,d_000550,1.0,1.0,all nations have a right to nuclear weapons,anti nuclear,nuclear bomb,high
q_000072,d_000560,1.0,1.0,all nations have a right to nuclear weapons,anti nuclear,nuclear weapons,high
q_000073,d_000215,0.9,0.9,all nations have a right to nuclear weapons,anti nuclear groups,developing nuclear weapons,high
q_000073,d_000560,1.0,1.0,all nations have a right to nuclear weapons,anti nuclear groups,nuclear weapons,high
q_000075,d_000365,0.7,0.7,states should not subsidize the growing of tobacco,anti smoking,growing of tobacco,high
q_000075,d_000683,0.7,0.7,states should not subsidize the growing of tobacco,anti smoking,rates of smoking,high
q_000075,d_000834,0.9,0.9,states should not subsidize the growing of tobacco,anti smoking,tobacco consumption,high
q_000076,d_000365,0.8,0.8,states should not subsidize the growing of tobacco,anti smoking movement,growing of tobacco,high
q_000078,d_000439,0.7,0.7,the keystone xl pipeline should be built,api,keystone xl pipeline,high
q_000082,d_000151,0.7,0.7,congressional earmarks should be abolished,appropriations committee,congressional earmarks,high
q_000083,d_000439,0.8,0.8,the keystone xl pipeline should be built,aquifer,keystone xl pipeline,high
q_000084,d_000038,1.0,1.0,atheism is the only way,argument,argument from nonbelief,high
q_000084,d_000832,0.7,0.7,atheism is the only way,argument,theological noncognitivism,high
q_000086,d_000046,0.9,0.9,atheism is the only way,argument from nonbelief,atheism,high
q_000087,d_000533,1.0,1.0,national service should be reintroduced,army,national service,high
q_000088,d_000018,0.8,0.8,the american jobs act should be passed,arra,american jobs act,high
q_000092,d_000095,0.8,0.8,open primaries are the most effective method of selecting candidates for elections,arrow's impossibility theorem,candidates,high
q_000092,d_000258,1.0,1.0,open primaries are the most effective method of selecting candidates for elections,arrow's impossibility theorem,elections,high
q_000094,d_000066,1.0,1.0,the catholic church is justified in forbidding the use of barrier methods of contraception,artificial birth control,barrier methods of contraception,high
q_000094,d_000161,1.0,1.0,the catholic church is justified in forbidding the use of barrier methods of contraception,artificial birth control,contraceptives,high
q_000094,d_000747,1.0,1.0,the catholic church is justified in forbidding the use of barrier methods of contraception,artificial birth control,sexuality education,high
q_000095,d_000066,1.0,1.0,the catholic church is justified in forbidding the use of barrier methods of contraception,artificial contraception,barrier methods of contraception,high
q_000097,d_000314,0.9,0.9,parents should be allowed to genetically screen fetuses for heritable diseases,assisted reproductive technology,fetuses,high
q_000097,d_000595,0.9,0.9,parents should be allowed to genetically screen fetuses for heritable diseases,assisted reproductive technology,parents,high
q_000098,d_000714,1.0,1.0,the right to asylum should not be absolute,asylum,right to asylum,high
q_000099,d_000714,1.0,1.0,the right to asylum should not be absolute,asylum applications,right to asylum,high
q_000100,d_000714,1.0,1.0,the right to asylum should not be absolute,asylum claims,right to asylum,high
q_000101,d_000360,1.0,1.0,the right to asylum should not be absolute,asylum seekers,granted asylum,high
q_000101,d_000398,1.0,1.0,the right to asylum should not be absolute,asylum seekers,illegal entrant,high
q_000101,d_000714,1.0,1.0,the right to asylum should not be absolute,asylum seekers,right to asylum,high
q_000102,d_000439,0.9,0.9,the keystone xl pipeline should be built,athabasca oil sands,keystone xl pipeline,high
q_000103,d_000046,1.0,1.0,atheism is the only way,atheism,atheism,high
q_000103,d_000176,0.7,0.7,atheism is the only way,atheism,creator god,high
q_000103,d_000587,1.0,1.0,atheism is the only way,atheism,opposition to god,high
q_000104,d_000000,1.0,1.0,atheism is the only way,atheist,absence of belief,high
q_000104,d_000046,1.0,1.0,atheism is the only way,atheist,atheism,high
q_000104,d_000202,0.9,0.9,atheism is the only way,atheist,deities exist,high
q_000104,d_000736,0.8,0.8,atheism is the only way,atheist,science,high
q_000105,d_000046,1.0,1.0,atheism is the only way,atheists,atheism,high
q_000106,d_000612,0.9,0.9,the use of performance enhancing drugs in professional sports should be permitted,athlete,performance enhancing drugs,high
q_000106,d_000654,1.0,1.0,the use of performance enhancing drugs in professional sports should be permitted,athlete,professional sports,high
q_000107,d_000612,1.0,1.0,the use of performance enhancing drugs in professional sports should be permitted,athletes,performance enhancing drugs,high
q_000107,d_000654,1.0,1.0,the use of performance enhancing drugs in professional sports should be permitted,athletes,professional sports,high
q_000108,d_000331,0.9,0.9,gambling should be banned,atlantic city,gambling,high
q_000109,d_000307,0.7,0.7,all nations have a right to nuclear weapons,atomic,fat man,high
q_000109,d_000553,1.0,1.0,all nations have a right to nuclear weapons,atomic,nuclear material,high
q_000109,d_000560,1.0,1.0,all nations have a right to nuclear weapons,atomic,nuclear weapons,high
q_000109,d_000915,0.7,0.7,all nations have a right to nuclear weapons,atomic,yield,high
q_000110,d_000441,0.9,0.9,all nations have a right to nuclear weapons,atomic bomb,kilotons of tnt,high
q_000110,d_000560,1.0,1.0,all nations have a right to nuclear weapons,atomic bomb,nuclear weapons,high
q_000110,d_000860,1.0,1.0,all nations have a right to nuclear weapons,atomic bomb,uranium enrichment,high
q_000111,d_000560,0.8,0.8,the us is justified in using force to prevent states from acquiring nuclear weapons,atomic energy,nuclear weapons,high
q_000113,d_000914,1.0,1.0,year round schooling should be introduced,attend year round,year round schooling,high
q_000114,d_000875,1.0,1.0,the sale of violent video games to minors should be banned,attorney jack thompson,violent video games,high
q_000116,d_000053,1.0,1.0,europe should weaken its austerity measures to guarantee its citizens greater social support,austerity,austerity measures,high
q_000116,d_000192,1.0,1.0,europe should weaken its austerity measures to guarantee its citizens greater social support,austerity,debts,high
q_000116,d_000249,1.0,1.0,europe should weaken its austerity measures to guarantee its citizens greater social support,austerity,economy,high
q_000116,d_000355,1.0,1.0,europe should weaken its austerity measures to guarantee its citizens greater social support,austerity,government deficit,high
q_000116,d_000774,0.7,0.7,europe should weaken its austerity measures to guarantee its citizens greater social support,austerity,social support,high
q_000116,d_000778,0.7,0.7,europe should weaken its austerity measures to guarantee its citizens greater social support,austerity,sovereign default,high
q_000116,d_000783,0.7,0.7,europe should weaken its austerity measures to guarantee its citizens greater social support,austerity,spending,high
q_000116,d_000844,0.8,0.8,europe should weaken its austerity measures to guarantee its citizens greater social support,austerity,troika,high
q_000117,d_000053,1.0,1.0,europe should weaken its austerity measures to guarantee its citizens greater social support,austerity measures,austerity measures,high
q_000117,d_000088,1.0,1.0,europe should weaken its austerity measures to guarantee its citizens greater social support,austerity measures,budget,high
q_000117,d_000249,1.0,1.0,europe should weaken its austerity measures to guarantee its citizens greater social support,austerity measures,economy,high
q_000117,d_000774,0.7,0.7,europe should weaken its austerity measures to guarantee its citizens greater social support,austerity measures,social support,high
q_000117,d_000778,0.7,0.7,europe should weaken its austerity measures to guarantee its citizens greater social support,austerity measures,sovereign default,high
q_000118,d_000053,1.0,1.0,europe should weaken its austerity measures to guarantee its citizens greater social support,austerity package,austerity measures,high
q_000118,d_000192,1.0,1.0,europe should weaken its austerity measures to guarantee its citizens greater social support,austerity package,debts,high
q_000118,d_000343,0.7,0.7,europe should weaken its austerity measures to guarantee its citizens greater social support,austerity package,germany,high
q_000118,d_000355,0.8,0.8,europe should weaken its austerity measures to guarantee its citizens greater social support,austerity package,government deficit,high
q_000118,d_000783,0.7,0.7,europe should weaken its austerity measures to guarantee its citizens greater social support,austerity package,spending,high
q_000120,d_000515,0.9,0.9,the monarchy should be abolished,australian republican movement,monarchy,high
q_000122,d_000095,0.8,0.8,open primaries are the most effective method of selecting candidates for elections,automatic ballot access,candidates,high
q_000122,d_000258,1.0,1.0,open primaries are the most effective method of selecting candidates for elections,automatic ballot access,elections,high
q_000122,d_000582,0.7,0.7,open primaries are the most effective method of selecting candidates for elections,automatic ballot access,open primaries,high
q_000124,d_000628,0.9,0.9,democratic governments should require voters to present photo identification at the polling station,ballot,polling station,high
q_000124,d_000880,0.9,0.9,democratic governments should require voters to present photo identification at the polling station,ballot,voters,high
q_000125,d_000628,0.8,0.8,democratic governments should require voters to present photo identification at the polling station,ballot paper,polling station,high
q_000125,d_000880,0.7,0.7,democratic governments should require voters to present photo identification at the polling station,ballot paper,voters,high
q_000126,d_000628,0.8,0.8,democratic governments should require voters to present photo identification at the polling station,ballot stuffing,polling station,high
q_000126,d_000880,0.8,0.8,democratic governments should require voters to present photo identification at the polling station,ballot stuffing,voters,high
q_000127,d_000585,0.8,0.8,opinion polls harm the democratic process,bandwagon effect,opinion polls,high
q_000131,d_000082,0.9,0.9,boxing should be banned,bare knuckle,boxing,high
q_000132,d_000140,1.0,1.0,all collective bargaining rights claimed by trades unions should be abolished,bargaining,collective bargaining rights,high
q_000133,d_000066,1.0,1.0,the catholic church is justified in forbidding the use of barrier methods of contraception,barrier methods,barrier methods of contraception,high
q_000135,d_000009,1.0,1.0,the use of affirmative action is justified,based on race,affirmative action,high
q_000135,d_000500,0.7,0.7,the use of affirmative action is justified,based on race,mexican american,high
q_000137,d_000038,0.8,0.8,atheism is the only way,belief in god,argument from nonbelief,high
q_000137,d_000046,1.0,1.0,atheism is the only way,belief in god,atheism,high
q_000138,d_000413,1.0,1.0,intellectual property rights should be abolished,berne convention,intellectual property rights,high
q_000139,d_000331,1.0,1.0,gambling should be banned,bet,gambling,high
q_000140,d_000330,0.9,0.9,gambling should be banned,bet or wager,gam anon,high
q_000140,d_000331,1.0,1.0,gambling should be banned,bet or wager,gambling,high
q_000140,d_000906,1.0,1.0,gambling should be banned,bet or wager,winnings,high
q_000141,d_000331,1.0,1.0,gambling should be banned,betting,gambling,high
q_000146,d_000323,0.8,0.8,it is sometimes right for the government to restrict freedom of speech,bill of rights,free speech fights,high
q_000146,d_000326,1.0,1.0,it is sometimes right for the government to restrict freedom of speech,bill of rights,freedom of speech,high
q_000146,d_000354,0.7,0.7,it is sometimes right for the government to restrict freedom of speech,bill of rights,government,high
q_000149,d_000166,0.7,0.7,endangered species should be protected,biodiversity,coral reefs,high
q_000149,d_000273,0.9,0.9,endangered species should be protected,biodiversity,endangered species,high
q_000150,d_000273,1.0,1.0,endangered species should be protected,biological diversity,endangered species,high
q_000150,d_000781,0.9,0.9,endangered species should be protected,biological diversity,species loss,high
q_000151,d_000378,0.7,0.7,parents should be allowed to genetically screen fetuses for heritable diseases,biopsy,heritable diseases,high
q_000151,d_000424,0.9,0.9,parents should be allowed to genetically screen fetuses for heritable diseases,biopsy,invasive procedure,high
q_000151,d_000830,0.8,0.8,parents should be allowed to genetically screen fetuses for heritable diseases,biopsy,test results,high
q_000152,d_000066,1.0,1.0,the catholic church is justified in forbidding the use of barrier methods of contraception,birth control,barrier methods of contraception,high
q_000152,d_000577,0.9,0.9,the one-child policy of china is justified,birth control,one child policy,high
q_000153,d_000125,0.9,0.9,parents should be allowed to genetically screen fetuses for heritable diseases,birth defects,chromosomes,high
q_000153,d_000314,1.0,1.0,parents should be allowed to genetically screen fetuses for heritable diseases,birth defects,fetuses,high
q_000153,d_000341,0.8,0.8,parents should be allowed to genetically screen fetuses for heritable diseases,birth defects,genetic screening,high
q_000153,d_000378,1.0,1.0,parents should be allowed to genetically screen fetuses for heritable diseases,birth defects,heritable diseases,high
q_000153,d_000637,1.0,1.0,parents should be allowed to genetically screen fetuses for heritable diseases,birth defects,prenatal testing,high
q_000153,d_000737,1.0,1.0,parents should be allowed to genetically screen fetuses for heritable diseases,birth defects,screening test,high
q_000153,d_000851,0.9,0.9,parents should be allowed to genetically screen fetuses for heritable diseases,birth defects,ultrasound,high
q_000154,d_000439,1.0,1.0,the keystone xl pipeline should be built,bitumen,keystone xl pipeline,high
q_000155,d_000439,0.9,0.9,the keystone xl pipeline should be built,bituminous sands,keystone xl pipeline,high
q_000156,d_000009,0.8,0.8,the use of affirmative action is justified,black,affirmative action,high
q_000157,d_000009,0.9,0.9,the use of affirmative action is justified,black economic empowerment,affirmative action,high
q_000158,d_000560,1.0,1.0,all nations have a right to nuclear weapons,blast,nuclear weapons,high
q_000159,d_000108,1.0,1.0,google shouldn't censor its search results in china,block,censor,high
q_000159,d_000351,0.7,0.7,google shouldn't censor its search results in china,block,google,high
q_000159,d_000738,0.8,0.8,google shouldn't censor its search results in china,block,search results,high
q_000160,d_000076,1.0,1.0,google shouldn't censor its search results in china,blocked,block,high
q_000160,d_000108,0.9,0.9,google shouldn't censor its search results in china,blocked,censor,high
q_000160,d_000738,0.8,0.8,google shouldn't censor its search results in china,blocked,search results,high
q_000161,d_000250,1.0,1.0,education should be funded using a voucher scheme,board of education,education,high
q_000163,d_000077,0.9,0.9,the right to asylum should not be absolute,boat people,boat,high
q_000163,d_000714,0.8,0.8,the right to asylum should not be absolute,boat people,right to asylum,high
q_000165,d_000558,0.8,0.8,all nations have a right to nuclear weapons,bomb,nuclear tests,high
q_000165,d_000560,1.0,1.0,all nations have a right to nuclear weapons,bomb,nuclear weapons,high
q_000166,d_000560,1.0,1.0,the us is justified in using force to prevent states from acquiring nuclear weapons,bombs,nuclear weapons,high
q_000167,d_000714,0.7,0.7,the right to asylum should not be absolute,border control,right to asylum,high
q_000168,d_000082,1.0,1.0,boxing should be banned,bout,boxing,high
q_000169,d_000081,0.8,0.8,boxing should be banned,boxer,bout,high
q_000169,d_000082,1.0,1.0,boxing should be banned,boxer,boxing,high
q_000169,d_000171,1.0,1.0,boxing should be banned,boxer,counter punch,high
q_000169,d_000563,0.7,0.7,boxing should be banned,boxer,number of rounds,high
q_000170,d_000082,1.0,1.0,boxing should be banned,boxers,boxing,high
q_000170,d_000200,1.0,1.0,boxing should be banned,boxers,defensive style,high
q_000170,d_000317,1.0,1.0,boxing should be banned,boxers,fist,high
q_000170,d_000446,1.0,1.0,boxing should be banned,boxers,knockout,high
q_000170,d_000524,0.8,0.8,boxing should be banned,boxers,muay thai,high
q_000170,d_000653,1.0,1.0,boxing should be banned,boxers,professional boxing,high
q_000171,d_000082,1.0,1.0,boxing should be banned,boxing,boxing,high
q_000171,d_000799,0.9,0.9,boxing should be banned,boxing,straight punch thrown,high
q_000172,d_000082,1.0,1.0,boxing should be banned,brain injury,boxing,high
q_000173,d_000326,0.9,0.9,it is sometimes right for the government to restrict freedom of speech,brandenburg v ohio,freedom of speech,high
q_000174,d_000914,0.9,0.9,year round schooling should be introduced,break,year round schooling,high
q_000176,d_000914,0.7,0.7,year round schooling should be introduced,breaks,year round schooling,high
q_000177,d_000086,1.0,1.0,bribery is sometimes acceptable,bribe,bribery,high
q_000178,d_000086,1.0,1.0,bribery is sometimes acceptable,bribery,bribery,high
q_000179,d_000086,1.0,1.0,bribery is sometimes acceptable,bribes,bribery,high
q_000180,d_000128,0.8,0.8,states should not subsidize the growing of tobacco,british american tobacco,cigar smoking,high
q_000180,d_000365,1.0,1.0,states should not subsidize the growing of tobacco,british american tobacco,growing of tobacco,high
q_000180,d_000835,0.9,0.9,states should not subsidize the growing of tobacco,british american tobacco,tobacco product,high
q_000181,d_000515,1.0,1.0,the monarchy should be abolished,british monarch,monarchy,high
q_000184,d_000526,0.9,0.9,us should re-engage myanmar,buddhist monks,myanmar,high
q_000185,d_000053,0.8,0.8,europe should weaken its austerity measures to guarantee its citizens greater social support,budget,austerity measures,high
q_000186,d_000053,1.0,1.0,europe should weaken its austerity measures to guarantee its citizens greater social support,budget deficit,austerity measures,high
q_000187,d_000121,0.7,0.7,us should re-engage myanmar,burma,china and india,high
q_000187,d_000438,1.0,1.0,us should re-engage myanmar,burma,kenji nagai,high
q_000187,d_000526,1.0,1.0,us should re-engage myanmar,burma,myanmar,high
q_000187,d_000753,1.0,1.0,us should re-engage myanmar,burma,shan states,high
q_000187,d_000863,0.8,0.8,us should re-engage myanmar,burma,us,high
q_000188,d_000206,0.7,0.7,us should re-engage myanmar,burma campaign uk,democracy,high
q_000188,d_000526,1.0,1.0,us should re-engage myanmar,burma campaign uk,myanmar,high
q_000189,d_000395,0.8,0.8,us should re-engage myanmar,burma's,human rights abuses,high
q_000189,d_000526,0.9,0.9,us should re-engage myanmar,burma's,myanmar,high
q_000190,d_000526,0.9,0.9,us should re-engage myanmar,burmese,myanmar,high
q_000191,d_000437,0.7,0.7,us should re-engage myanmar,burmese government,kachin state,high
q_000191,d_000526,1.0,1.0,us should re-engage myanmar,burmese government,myanmar,high
q_000191,d_000775,0.9,0.9,us should re-engage myanmar,burmese government,southeast asia,high
q_000192,d_000526,0.9,0.9,us should re-engage myanmar,burmese military junta,myanmar,high
q_000192,d_000775,0.8,0.8,us should re-engage myanmar,burmese military junta,southeast asia,high
q_000193,d_000526,1.0,1.0,us should re-engage myanmar,burmese military regime,myanmar,high
q_000193,d_000697,0.9,0.9,us should re-engage myanmar,burmese military regime,regime,high
q_000193,d_000831,0.8,0.8,us should re-engage myanmar,burmese military regime,thein sein,high
q_000196,d_000066,0.9,0.9,the catholic church is justified in forbidding the use of barrier methods of contraception,calendar based methods,barrier methods of contraception,high
q_000198,d_000326,1.0,1.0,it is sometimes right for the government to restrict freedom of speech,canadian human rights,freedom of speech,high
q_000199,d_000439,1.0,1.0,the keystone xl pipeline should be built,canadian oil sands,keystone xl pipeline,high
q_000199,d_000652,0.7,0.7,the keystone xl pipeline should be built,canadian oil sands,production,high
q_000201,d_000032,0.8,0.8,states should not subsidize the growing of tobacco,cancer,anti smoking movement,high
q_000201,d_000128,0.8,0.8,states should not subsidize the growing of tobacco,cancer,cigar smoking,high
q_000202,d_000095,1.0,1.0,open primaries are the most effective method of selecting candidates for elections,candidate,candidates,high
q_000202,d_000148,0.8,0.8,open primaries are the most effective method of selecting candidates for elections,candidate,condorcet methods,high
q_000202,d_000210,0.8,0.8,opinion polls harm the democratic process,candidate,democratic process,high
q_000202,d_000257,0.9,0.9,opinion polls harm the democratic process,candidate,election results,high
q_000202,d_000258,1.0,1.0,open primaries are the most effective method of selecting candidates for elections,candidate,elections,high
q_000202,d_000544,0.9,0.9,open primaries are the most effective method of selecting candidates for elections,candidate,nomination,high
q_000202,d_000582,1.0,1.0,open primaries are the most effective method of selecting candidates for elections,candidate,open primaries,high
q_000202,d_000641,1.0,1.0,opinion polls harm the democratic process,candidate,presidential election,high
q_000203,d_000095,0.7,0.7,open primaries are the most effective method of selecting candidates for elections,candidate is eliminated,candidates,high
q_000204,d_000207,0.7,0.7,democratic governments should require voters to present photo identification at the polling station,candidate or party,democratic governments,high
q_000204,d_000209,0.9,0.9,democratic governments should require voters to present photo identification at the polling station,candidate or party,democratic party,high
q_000205,d_000043,0.8,0.8,open primaries are the most effective method of selecting candidates for elections,candidates,arrow's impossibility theorem,high
q_000205,d_000095,1.0,1.0,open primaries are the most effective method of selecting candidates for elections,candidates,candidates,high
q_000205,d_000210,0.8,0.8,opinion polls harm the democratic process,candidates,democratic process,high
q_000205,d_000258,1.0,1.0,open primaries are the most effective method of selecting candidates for elections,candidates,elections,high
q_000205,d_000544,0.8,0.8,open primaries are the most effective method of selecting candidates for elections,candidates,nomination,high
q_000205,d_000582,1.0,1.0,open primaries are the most effective method of selecting candidates for elections,candidates,open primaries,high
q_000207,d_000277,0.7,0.7,wind power should be a primary focus of future energy supply,capacity,energy supply,high
q_000207,d_000411,1.0,1.0,wind power should be a primary focus of future energy supply,capacity,installed capacity,high
q_000207,d_000442,1.0,1.0,wind power should be a primary focus of future energy supply,capacity,kilowatt hour,high
q_000208,d_000277,0.8,0.8,wind power should be a primary focus of future energy supply,capacity credit,energy supply,high
q_000209,d_000277,0.8,0.8,wind power should be a primary focus of future energy supply,capacity factor,energy supply,high
q_000210,d_000277,1.0,1.0,wind power should be a primary focus of future energy supply,cape wind project,energy supply,high
q_000210,d_000701,0.9,0.9,wind power should be a primary focus of future energy supply,cape wind project,renewable energy technologies,high
q_000210,d_000887,0.8,0.8,wind power should be a primary focus of future energy supply,cape wind project,walney wind farm,high
q_000210,d_000901,0.9,0.9,wind power should be a primary focus of future energy supply,cape wind project,wind energy policy,high
q_000210,d_000903,1.0,1.0,wind power should be a primary focus of future energy supply,cape wind project,wind power,high
q_000212,d_000246,0.8,0.8,the american jobs act should be passed,capital gains taxes,economic,high
q_000216,d_000331,0.7,0.7,gambling should be banned,card,gambling,high
q_000217,d_000104,0.8,0.8,the catholic church is justified in forbidding the use of barrier methods of contraception,cardinal,catholic church,high
q_000218,d_000391,0.7,0.7,housewives should be paid for their work,care,housewives,high
q_000219,d_000391,0.9,0.9,housewives should be paid for their work,care penalty,housewives,high
q_000219,d_000594,0.8,0.8,housewives should be paid for their work,care penalty,paid work,high
q_000219,d_000909,0.7,0.7,housewives should be paid for their work,care penalty,work,high
q_000220,d_000391,1.0,1.0,housewives should be paid for their work,care work,housewives,high
q_000220,d_000594,1.0,1.0,housewives should be paid for their work,care work,paid work,high
q_000220,d_000909,1.0,1.0,housewives should be paid for their work,care work,work,high
q_000223,d_000331,1.0,1.0,gambling should be banned,casino,gambling,high
q_000223,d_000579,1.0,1.0,gambling should be banned,casino,online casinos,high
q_000223,d_000905,0.8,0.8,gambling should be banned,casino,winning numbers,high
q_000224,d_000331,1.0,1.0,gambling should be banned,casinos,gambling,high
q_000224,d_000766,1.0,1.0,gambling should be banned,casinos,slot machines,high
q_000226,d_000104,1.0,1.0,the catholic church is justified in forbidding the use of barrier methods of contraception,catholic,catholic church,high
q_000227,d_000104,1.0,1.0,the catholic church is justified in forbidding the use of barrier methods of contraception,catholic church,catholic church,high
q_000232,d_000108,1.0,1.0,google shouldn't censor its search results in china,censor,censor,high
q_000232,d_000120,0.8,0.8,google shouldn't censor its search results in china,censor,china,high
q_000232,d_000351,0.8,0.8,google shouldn't censor its search results in china,censor,google,high
q_000232,d_000738,1.0,1.0,google shouldn't censor its search results in china,censor,search results,high
q_000233,d_000326,0.9,0.9,it is sometimes right for the government to restrict freedom of speech,censored,freedom of speech,high
q_000234,d_000108,1.0,1.0,google shouldn't censor its search results in china,censorship,censor,high
q_000234,d_000120,0.9,0.9,google shouldn't censor its search results in china,censorship,china,high
q_000234,d_000326,1.0,1.0,it is sometimes right for the government to restrict freedom of speech,censorship,freedom of speech,high
q_000234,d_000351,0.7,0.7,google shouldn't censor its search results in china,censorship,google,high
q_000234,d_000354,0.9,0.9,it is sometimes right for the government to restrict freedom of speech,censorship,government,high
q_000234,d_000363,0.9,0.9,google shouldn't censor its search results in china,censorship,great firewall,high
q_000234,d_000459,0.8,0.8,the leaking of military documents by anat kamm is justified,censorship,leak,high
q_000234,d_000460,0.8,0.8,the leaking of military documents by anat kamm is justified,censorship,leaking,high
q_000234,d_000504,1.0,1.0,the leaking of military documents by anat kamm is justified,censorship,military documents,high
q_000234,d_000690,0.8,0.8,it is sometimes right for the government to restrict freedom of speech,censorship,reasonable restrictions,high
q_000234,d_000738,0.8,0.8,google shouldn't censor its search results in china,censorship,search results,high
q_000235,d_000504,0.8,0.8,the leaking of military documents by anat kamm is justified,central intelligence agency,military documents,high
q_000238,d_000331,1.0,1.0,gambling should be banned,chance,gambling,high
q_000239,d_000331,1.0,1.0,gambling should be banned,chance of winning,gambling,high
q_000242,d_000250,1.0,1.0,education should be funded using a voucher scheme,charter school,education,high
q_000242,d_000668,0.9,0.9,education should be funded using a voucher scheme,charter school,public school students,high
q_000242,d_000883,0.7,0.7,education should be funded using a voucher scheme,charter school,voucher scheme,high
q_000242,d_000884,0.8,0.8,education should be funded using a voucher scheme,charter school,voucher system,high
q_000243,d_000250,0.9,0.9,education should be funded using a voucher scheme,charter school law,education,high
q_000244,d_000250,1.0,1.0,education should be funded using a voucher scheme,charter school students,education,high
q_000244,d_000883,0.8,0.8,education should be funded using a voucher scheme,charter school students,voucher scheme,high
q_000245,d_000250,1.0,1.0,education should be funded using a voucher scheme,charter schools,education,high
q_000245,d_000646,0.9,0.9,education should be funded using a voucher scheme,charter schools,private education,high
q_000245,d_000883,0.7,0.7,education should be funded using a voucher scheme,charter schools,voucher scheme,high
q_000246,d_000714,0.7,0.7,the right to asylum should not be absolute,chief immigration officer,right to asylum,high
q_000247,d_000577,0.9,0.9,the one-child policy of china is justified,child,one child policy,high
q_000248,d_000418,0.7,0.7,all collective bargaining rights claimed by trades unions should be abolished,child labour,international labour office,high
q_000248,d_000859,0.7,0.7,all collective bargaining rights claimed by trades unions should be abolished,child labour,unskilled workers,high
q_000249,d_000507,0.7,0.7,the sale of violent video games to minors should be banned,child maltreatment,minors,high
q_000250,d_000883,1.0,1.0,education should be funded using a voucher scheme,childcare voucher scheme,voucher scheme,high
q_000251,d_000119,1.0,1.0,the one-child policy of china is justified,children,children per woman,high
q_000251,d_000313,0.9,0.9,the one-child policy of china is justified,children,fertility rate,high
q_000251,d_000577,0.9,0.9,the one-child policy of china is justified,children,one child policy,high
q_000251,d_000914,0.8,0.8,year round schooling should be introduced,children,year round schooling,high
q_000252,d_000577,1.0,1.0,the one-child policy of china is justified,children per woman,one child policy,high
q_000253,d_000108,0.8,0.8,google shouldn't censor its search results in china,china,censor,high
q_000253,d_000120,1.0,1.0,google shouldn't censor its search results in china,china,china,high
q_000253,d_000120,1.0,1.0,the one-child policy of china is justified,china,china,high
q_000253,d_000304,0.8,0.8,the one-child policy of china is justified,china,family planning programs,high
q_000253,d_000386,1.0,1.0,google shouldn't censor its search results in china,china,hong kong,high
q_000253,d_000577,1.0,1.0,the one-child policy of china is justified,china,one child policy,high
q_000253,d_000682,0.8,0.8,the one-child policy of china is justified,china,rapid population growth,high
q_000255,d_000120,1.0,1.0,the one-child policy of china is justified,chinese,china,high
q_000255,d_000337,0.7,0.7,the one-child policy of china is justified,chinese,gender imbalance,high
q_000255,d_000577,0.9,0.9,the one-child policy of china is justified,chinese,one child policy,high
q_000256,d_000108,0.8,0.8,google shouldn't censor its search results in china,chinese authorities,censor,high
q_000256,d_000120,1.0,1.0,google shouldn't censor its search results in china,chinese authorities,china,high
q_000257,d_000076,0.8,0.8,google shouldn't censor its search results in china,chinese government,block,high
q_000257,d_000108,0.9,0.9,google shouldn't censor its search results in china,chinese government,censor,high
q_000257,d_000120,1.0,1.0,google shouldn't censor its search results in china,chinese government,china,high
q_000257,d_000120,1.0,1.0,the one-child policy of china is justified,chinese government,china,high
q_000257,d_000577,0.9,0.9,the one-child policy of china is justified,chinese government,one child policy,high
q_000258,d_000108,0.9,0.9,google shouldn't censor its search results in china,chinese internet,censor,high
q_000258,d_000120,1.0,1.0,google shouldn't censor its search results in china,chinese internet,china,high
q_000258,d_000122,1.0,1.0,google shouldn't censor its search results in china,chinese internet,chinese authorities,high
q_000258,d_000351,0.7,0.7,google shouldn't censor its search results in china,chinese internet,google,high
q_000258,d_000363,1.0,1.0,google shouldn't censor its search results in china,chinese internet,great firewall,high
q_000262,d_000046,1.0,1.0,atheism is the only way,christopher hitchens,atheism,high
q_000262,d_000587,1.0,1.0,atheism is the only way,christopher hitchens,opposition to god,high
q_000263,d_000314,0.9,0.9,parents should be allowed to genetically screen fetuses for heritable diseases,chromosomes,fetuses,high
q_000263,d_000341,1.0,1.0,parents should be allowed to genetically screen fetuses for heritable diseases,chromosomes,genetic screening,high
q_000263,d_000378,0.9,0.9,parents should be allowed to genetically screen fetuses for heritable diseases,chromosomes,heritable diseases,high
q_000263,d_000595,0.8,0.8,parents should be allowed to genetically screen fetuses for heritable diseases,chromosomes,parents,high
q_000264,d_000004,0.9,0.9,the catholic church is justified in forbidding the use of barrier methods of contraception,church,abstinence only education,high
q_000264,d_000104,1.0,1.0,the catholic church is justified in forbidding the use of barrier methods of contraception,church,catholic church,high
q_000264,d_000605,0.9,0.9,the catholic church is justified in forbidding the use of barrier methods of contraception,church,paul vi,high
q_000266,d_000104,1.0,1.0,the catholic church is justified in forbidding the use of barrier methods of contraception,church's,catholic church,high
q_000267,d_000469,0.9,0.9,states should not subsidize the growing of tobacco,cigar,light cigarettes,high
q_000267,d_000767,0.9,0.9,states should not subsidize the growing of tobacco,cigar,smoke free workplaces,high
q_000267,d_000770,0.7,0.7,states should not subsidize the growing of tobacco,cigar,smoking rates,high
q_000267,d_000771,1.0,1.0,states should not subsidize the growing of tobacco,cigar,smoking restrictions,high
q_000267,d_000835,1.0,1.0,states should not subsidize the growing of tobacco,cigar,tobacco product,high
q_000267,d_000847,0.9,0.9,states should not subsidize the growing of tobacco,cigar,type of tobacco,high
q_000268,d_000365,0.8,0.8,states should not subsidize the growing of tobacco,cigar smokers,growing of tobacco,high
q_000269,d_000365,0.7,0.7,states should not subsidize the growing of tobacco,cigar smoking,growing of tobacco,high
q_000270,d_000365,0.8,0.8,states should not subsidize the growing of tobacco,cigarette,growing of tobacco,high
q_000270,d_000542,0.7,0.7,states should not subsidize the growing of tobacco,cigarette,nicotinic acetylcholine receptors,high
q_000270,d_000619,0.9,0.9,states should not subsidize the growing of tobacco,cigarette,pipe,high
q_000270,d_000770,0.9,0.9,states should not subsidize the growing of tobacco,cigarette,smoking rates,high
q_000271,d_000365,0.7,0.7,states should not subsidize the growing of tobacco,cigarettes,growing of tobacco,high
q_000271,d_000469,1.0,1.0,states should not subsidize the growing of tobacco,cigarettes,light cigarettes,high
q_000271,d_000482,1.0,1.0,states should not subsidize the growing of tobacco,cigarettes,marlboro,high
q_000271,d_000834,1.0,1.0,states should not subsidize the growing of tobacco,cigarettes,tobacco consumption,high
q_000272,d_000127,1.0,1.0,states should not subsidize the growing of tobacco,cigars,cigar smokers,high
q_000272,d_000365,0.7,0.7,states should not subsidize the growing of tobacco,cigars,growing of tobacco,high
q_000272,d_000619,0.9,0.9,states should not subsidize the growing of tobacco,cigars,pipe,high
q_000272,d_000767,0.9,0.9,states should not subsidize the growing of tobacco,cigars,smoke free workplaces,high
q_000272,d_000834,1.0,1.0,states should not subsidize the growing of tobacco,cigars,tobacco consumption,high
q_000272,d_000847,0.8,0.8,states should not subsidize the growing of tobacco,cigars,type of tobacco,high
q_000277,d_000533,0.9,0.9,national service should be reintroduced,civilian service,national service,high
q_000278,d_000731,0.8,0.8,year round schooling should be introduced,classical education,school activities,high
q_000278,d_000914,0.7,0.7,year round schooling should be introduced,classical education,year round schooling,high
q_000279,d_000504,0.9,0.9,the leaking of military documents by anat kamm is justified,classification,military documents,high
q_000281,d_000023,0.7,0.7,the leaking of military documents by anat kamm is justified,classified,anat kamm,high
q_000281,d_000460,0.7,0.7,the leaking of military documents by anat kamm is justified,classified,leaking,high
q_000281,d_000504,1.0,1.0,the leaking of military documents by anat kamm is justified,classified,military documents,high
q_000282,d_000023,0.9,0.9,the leaking of military documents by anat kamm is justified,classified information,anat kamm,high
q_000282,d_000459,1.0,1.0,the leaking of military documents by anat kamm is justified,classified information,leak,high
q_000282,d_000460,0.9,0.9,the leaking of military documents by anat kamm is justified,classified information,leaking,high
q_000282,d_000504,1.0,1.0,the leaking of military documents by anat kamm is justified,classified information,military documents,high
q_000284,d_000314,0.8,0.8,parents should be allowed to genetically screen fetuses for heritable diseases,cleavage stage biopsy,fetuses,high
q_000284,d_000341,0.8,0.8,parents should be allowed to genetically screen fetuses for heritable diseases,cleavage stage biopsy,genetic screening,high
q_000284,d_000378,0.7,0.7,parents should be allowed to genetically screen fetuses for heritable diseases,cleavage stage biopsy,heritable diseases,high
q_000285,d_000326,0.9,0.9,it is sometimes right for the government to restrict freedom of speech,coarse language,freedom of speech,high
q_000288,d_000515,1.0,1.0,the monarchy should be abolished,cognatic primogeniture,monarchy,high
q_000289,d_000536,0.7,0.7,all nations have a right to nuclear weapons,cold war,nations,high
q_000289,d_000560,0.7,0.7,all nations have a right to nuclear weapons,cold war,nuclear weapons,high
q_000289,d_000626,0.8,0.8,the us is justified in using force to prevent states from acquiring nuclear weapons,cold war,policy of deterrence,high
q_000289,d_000857,1.0,1.0,all nations have a right to nuclear weapons,cold war,united states,high
q_000289,d_000863,1.0,1.0,the us is justified in using force to prevent states from acquiring nuclear weapons,cold war,us,high
q_000290,d_000140,1.0,1.0,all collective bargaining rights claimed by trades unions should be abolished,collective,collective bargaining rights,high
q_000290,d_000839,0.7,0.7,all collective bargaining rights claimed by trades unions should be abolished,collective,trades unions,high
q_000291,d_000053,0.8,0.8,europe should weaken its austerity measures to guarantee its citizens greater social support,collective action clause,austerity measures,high
q_000291,d_000192,0.9,0.9,europe should weaken its austerity measures to guarantee its citizens greater social support,collective action clause,debts,high
q_000291,d_000249,0.8,0.8,europe should weaken its austerity measures to guarantee its citizens greater social support,collective action clause,economy,high
q_000291,d_000778,0.7,0.7,europe should weaken its austerity measures to guarantee its citizens greater social support,collective action clause,sovereign default,high
q_000292,d_000140,1.0,1.0,all collective bargaining rights claimed by trades unions should be abolished,collective bargaining,collective bargaining rights,high
q_000292,d_000268,0.9,0.9,all collective bargaining rights claimed by trades unions should be abolished,collective bargaining,employers and workers,high
q_000292,d_000452,1.0,1.0,all collective bargaining rights claimed by trades unions should be abolished,collective bargaining,labour relations,high
q_000292,d_000839,0.8,0.8,all collective bargaining rights claimed by trades unions should be abolished,collective bargaining,trades unions,high
q_000293,d_000250,1.0,1.0,education should be funded using a voucher scheme,college or university,education,high
q_000295,d_000009,0.9,0.9,the use of affirmative action is justified,color religion sex,affirmative action,high
q_000296,d_000507,0.8,0.8,the sale of violent video games to minors should be banned,columbine high school,minors,high
q_000296,d_000875,0.7,0.7,the sale of violent video games to minors should be banned,columbine high school,violent video games,high
q_000297,d_000331,1.0,1.0,gambling should be banned,commercial casinos,gambling,high
q_000298,d_000714,0.9,0.9,the right to asylum should not be absolute,commissioner for refugees,right to asylum,high
q_000300,d_000714,0.9,0.9,the right to asylum should not be absolute,committee for refugees,right to asylum,high
q_000301,d_000329,0.7,0.7,exploitation of the antarctic continent should be ceased,common heritage,future generations,high
q_000302,d_000515,0.8,0.8,the monarchy should be abolished,commonwealth of nations,monarchy,high
q_000302,d_000567,0.8,0.8,the monarchy should be abolished,commonwealth of nations,oath of allegiance,high
q_000303,d_000515,1.0,1.0,the monarchy should be abolished,commonwealth realms,monarchy,high
q_000303,d_000672,1.0,1.0,the monarchy should be abolished,commonwealth realms,queen elizabeth,high
q_000303,d_000698,0.7,0.7,the monarchy should be abolished,commonwealth realms,reign,high
q_000304,d_000351,0.7,0.7,google shouldn't censor its search results in china,companies,google,high
q_000305,d_000066,1.0,1.0,the catholic church is justified in forbidding the use of barrier methods of contraception,comprehensive sex education,barrier methods of contraception,high
q_000305,d_000382,0.9,0.9,the catholic church is justified in forbidding the use of barrier methods of contraception,comprehensive sex education,hiv and aids,high
q_000305,d_000750,0.9,0.9,the catholic church is justified in forbidding the use of barrier methods of contraception,comprehensive sex education,sexually transmitted disease,high
q_000308,d_000118,1.0,1.0,the school leaving age should be raised to 18,compulsory education,children,high
q_000308,d_000733,1.0,1.0,the school leaving age should be raised to 18,compulsory education,school leaving age,high
q_000309,d_000313,0.8,0.8,the one-child policy of china is justified,compulsory sterilization programs,fertility rate,high
q_000310,d_000334,1.0,1.0,the sale of violent video games to minors should be banned,computer games,gameplay,high
q_000310,d_000543,0.8,0.8,the sale of violent video games to minors should be banned,computer games,nintendo,high
q_000310,d_000580,1.0,1.0,the sale of violent video games to minors should be banned,computer games,online games,high
q_000310,d_000875,0.8,0.8,the sale of violent video games to minors should be banned,computer games,violent video games,high
q_000311,d_000351,0.7,0.7,google shouldn't censor its search results in china,computer information,google,high
q_000313,d_000046,0.7,0.7,atheism is the only way,concept of god,atheism,high
q_000314,d_000082,1.0,1.0,boxing should be banned,concussion,boxing,high
q_000314,d_000317,0.7,0.7,boxing should be banned,concussion,fist,high
q_000314,d_000446,1.0,1.0,boxing should be banned,concussion,knockout,high
q_000314,d_000653,1.0,1.0,boxing should be banned,concussion,professional boxing,high
q_000315,d_000082,0.9,0.9,boxing should be banned,concussions,boxing,high
q_000316,d_000066,1.0,1.0,the catholic church is justified in forbidding the use of barrier methods of contraception,condom,barrier methods of contraception,high
q_000317,d_000066,1.0,1.0,the catholic church is justified in forbidding the use of barrier methods of contraception,condoms,barrier methods of contraception,high
q_000317,d_000747,1.0,1.0,the catholic church is justified in forbidding the use of barrier methods of contraception,condoms,sexuality education,high
q_000317,d_000751,1.0,1.0,the catholic church is justified in forbidding the use of barrier methods of contraception,condoms,sexually transmitted infection,high
q_000317,d_000785,1.0,1.0,the catholic church is justified in forbidding the use of barrier methods of contraception,condoms,spread of hiv,high
q_000318,d_000095,0.7,0.7,open primaries are the most effective method of selecting candidates for elections,condorcet methods,candidates,high
q_000318,d_000258,0.9,0.9,open primaries are the most effective method of selecting candidates for elections,condorcet methods,elections,high
q_000318,d_000582,0.7,0.7,open primaries are the most effective method of selecting candidates for elections,condorcet methods,open primaries,high
q_000319,d_000095,0.9,0.9,open primaries are the most effective method of selecting candidates for elections,condorcet winner,candidates,high
q_000319,d_000258,1.0,1.0,open primaries are the most effective method of selecting candidates for elections,condorcet winner,elections,high
q_000319,d_000582,0.8,0.8,open primaries are the most effective method of selecting candidates for elections,condorcet winner,open primaries,high
q_000320,d_000837,0.7,0.7,the one-child policy of china is justified,conference on population,total population,high
q_000321,d_000585,0.7,0.7,opinion polls harm the democratic process,confidence interval,opinion polls,high
q_000322,d_000151,1.0,1.0,congressional earmarks should be abolished,congress,congressional earmarks,high
q_000324,d_000151,0.9,0.9,congressional earmarks should be abolished,congressional budget office,congressional earmarks,high
q_000326,d_000533,0.7,0.7,national service should be reintroduced,conscientious objection,national service,high
q_000327,d_000533,0.8,0.8,national service should be reintroduced,conscientious objectors,national service,high
q_000328,d_000533,0.9,0.9,national service should be reintroduced,conscript,national service,high
q_000329,d_000533,1.0,1.0,national service should be reintroduced,conscripted,national service,high
q_000330,d_000235,0.9,0.9,national service should be reintroduced,conscription,draftees,high
q_000330,d_000533,1.0,1.0,national service should be reintroduced,conscription,national service,high
q_000331,d_000273,1.0,1.0,endangered species should be protected,conservation,endangered species,high
q_000331,d_000812,0.7,0.7,endangered species should be protected,conservation,sustainable,high
q_000332,d_000194,0.9,0.9,endangered species should be protected,conservation biologists,deep ecologists,high
q_000332,d_000241,0.7,0.7,endangered species should be protected,conservation biologists,earth,high
q_000332,d_000273,1.0,1.0,endangered species should be protected,conservation biologists,endangered species,high
q_000333,d_000245,0.8,0.8,endangered species should be protected,conservation biology,ecology,high
q_000333,d_000273,1.0,1.0,endangered species should be protected,conservation biology,endangered species,high
q_000334,d_000875,0.8,0.8,the sale of violent video games to minors should be banned,consoles,violent video games,high
q_000336,d_000252,0.9,0.9,the monarchy should be abolished,constitutional monarchies,edward viii,high
q_000336,d_000515,1.0,1.0,the monarchy should be abolished,constitutional monarchies,monarchy,high
q_000337,d_000287,1.0,1.0,the monarchy should be abolished,constitutional monarchy,european monarchies,high
q_000337,d_000515,1.0,1.0,the monarchy should be abolished,constitutional monarchy,monarchy,high
q_000338,d_000439,0.7,0.7,the keystone xl pipeline should be built,construction,keystone xl pipeline,high
q_000340,d_000082,0.9,0.9,boxing should be banned,contact between players,boxing,high
q_000341,d_000082,1.0,1.0,boxing should be banned,contact sport,boxing,high
q_000341,d_000653,1.0,1.0,boxing should be banned,contact sport,professional boxing,high
q_000342,d_000082,1.0,1.0,boxing should be banned,contact sports,boxing,high
q_000343,d_000076,0.8,0.8,google shouldn't censor its search results in china,content,block,high
q_000343,d_000108,0.95,0.95,google shouldn't censor its search results in china,content,censor,high
q_000343,d_000351,0.7,0.7,google shouldn't censor its search results in china,content,google,high
q_000343,d_000352,1.0,1.0,google shouldn't censor its search results in china,content,google search,high
q_000343,d_000363,0.7,0.7,google shouldn't censor its search results in china,content,great firewall,high
q_000343,d_000738,0.8,0.8,google shouldn't censor its search results in china,content,search results,high
q_000344,d_000507,0.7,0.7,the sale of violent video games to minors should be banned,content rating,minors,high
q_000344,d_000875,1.0,1.0,the sale of violent video games to minors should be banned,content rating,violent video games,high
q_000346,d_000028,1.0,1.0,exploitation of the antarctic continent should be ceased,continent,antarctic continent,high
q_000346,d_000054,0.7,0.7,exploitation of the antarctic continent should be ceased,continent,australia,high
q_000347,d_000066,1.0,1.0,the catholic church is justified in forbidding the use of barrier methods of contraception,contraception,barrier methods of contraception,high
q_000347,d_000541,0.9,0.9,the catholic church is justified in forbidding the use of barrier methods of contraception,contraception,nfp,high
q_000347,d_000614,0.9,0.9,the catholic church is justified in forbidding the use of barrier methods of contraception,contraception,periodic abstinence,high
q_000348,d_000066,1.0,1.0,the catholic church is justified in forbidding the use of barrier methods of contraception,contraceptives,barrier methods of contraception,high
q_000348,d_000104,0.7,0.7,the catholic church is justified in forbidding the use of barrier methods of contraception,contraceptives,catholic church,high
q_000350,d_000612,1.0,1.0,the use of performance enhancing drugs in professional sports should be permitted,controlled substances,performance enhancing drugs,high
q_000350,d_000654,0.9,0.9,the use of performance enhancing drugs in professional sports should be permitted,controlled substances,professional sports,high
q_000351,d_000612,0.9,0.9,the use of performance enhancing drugs in professional sports should be permitted,controlled substances act,performance enhancing drugs,high
q_000353,d_000439,0.9,0.9,the keystone xl pipeline should be built,conventional crude oil,keystone xl pipeline,high
q_000353,d_000470,0.7,0.7,the keystone xl pipeline should be built,conventional crude oil,liquid pipelines,high
q_000356,d_000408,0.9,0.9,intellectual property rights should be abolished,copyright,infringement,high
q_000356,d_000413,1.0,1.0,intellectual property rights should be abolished,copyright,intellectual property rights,high
q_000356,d_000467,0.7,0.7,intellectual property rights should be abolished,copyright,license,high
q_000356,d_000667,0.9,0.9,intellectual property rights should be abolished,copyright,public property,high
q_000356,d_000907,1.0,1.0,intellectual property rights should be abolished,copyright,wipo,high
q_000357,d_000408,0.8,0.8,intellectual property rights should be abolished,copyright holder,infringement,high
q_000357,d_000413,1.0,1.0,intellectual property rights should be abolished,copyright holder,intellectual property rights,high
q_000358,d_000413,1.0,1.0,intellectual property rights should be abolished,copyright law,intellectual property rights,high
q_000358,d_000596,0.8,0.8,intellectual property rights should be abolished,copyright law,paris convention,high
q_000358,d_000603,1.0,1.0,intellectual property rights should be abolished,copyright law,patent rights,high
q_000358,d_000657,1.0,1.0,intellectual property rights should be abolished,copyright law,property systems,high
q_000359,d_000413,1.0,1.0,intellectual property rights should be abolished,copyright laws,intellectual property rights,high
q_000360,d_000413,1.0,1.0,intellectual property rights should be abolished,copyright system,intellectual property rights,high
q_000361,d_000165,1.0,1.0,intellectual property rights should be abolished,copyrights,copyright system,high
q_000361,d_000413,1.0,1.0,intellectual property rights should be abolished,copyrights,intellectual property rights,high
q_000361,d_000603,0.9,0.9,intellectual property rights should be abolished,copyrights,patent rights,high
q_000362,d_000273,0.7,0.7,endangered species should be protected,coral reefs,endangered species,high
q_000363,d_000351,0.7,0.7,google shouldn't censor its search results in china,corporate,google,high
q_000364,d_000145,0.8,0.8,google shouldn't censor its search results in china,corporate social responsibility,companies,high
q_000365,d_000086,0.9,0.9,bribery is sometimes acceptable,corrupt,bribery,high
q_000366,d_000086,1.0,1.0,bribery is sometimes acceptable,corruption,bribery,high
q_000367,d_000086,0.8,0.8,bribery is sometimes acceptable,corruption in china,bribery,high
q_000368,d_000086,1.0,1.0,bribery is sometimes acceptable,corruption perceptions index,bribery,high
q_000368,d_000896,1.0,1.0,bribery is sometimes acceptable,corruption perceptions index,widespread corruption,high
q_000370,d_000046,1.0,1.0,atheism is the only way,cosmological argument,atheism,high
q_000374,d_000082,1.0,1.0,boxing should be banned,counter punch,boxing,high
q_000375,d_000533,0.8,0.8,national service should be reintroduced,counter recruiters,national service,high
q_000376,d_000503,0.7,0.7,national service should be reintroduced,counter recruitment,military conscription,high
q_000376,d_000533,0.8,0.8,national service should be reintroduced,counter recruitment,national service,high
q_000377,d_000714,0.7,0.7,the right to asylum should not be absolute,countries of origin,right to asylum,high
q_000378,d_000108,0.7,0.7,google shouldn't censor its search results in china,countries under surveillance,censor,high
q_000378,d_000120,0.8,0.8,google shouldn't censor its search results in china,countries under surveillance,china,high
q_000379,d_000045,0.7,0.7,the right to asylum should not be absolute,country of origin,asylum applications,high
q_000384,d_000140,0.8,0.8,all collective bargaining rights claimed by trades unions should be abolished,craft union,collective bargaining rights,high
q_000384,d_000839,1.0,1.0,all collective bargaining rights claimed by trades unions should be abolished,craft union,trades unions,high
q_000385,d_000140,0.7,0.7,all collective bargaining rights claimed by trades unions should be abolished,craft unionism,collective bargaining rights,high
q_000385,d_000839,1.0,1.0,all collective bargaining rights claimed by trades unions should be abolished,craft unionism,trades unions,high
q_000386,d_000019,0.7,0.7,all collective bargaining rights claimed by trades unions should be abolished,craft unions,american labor,high
q_000386,d_000140,0.9,0.9,all collective bargaining rights claimed by trades unions should be abolished,craft unions,collective bargaining rights,high
q_000386,d_000763,0.7,0.7,all collective bargaining rights claimed by trades unions should be abolished,craft unions,skilled workers,high
q_000386,d_000839,1.0,1.0,all collective bargaining rights claimed by trades unions should be abolished,craft unions,trades unions,high
q_000387,d_000046,0.8,0.8,atheism is the only way,creator god,atheism,high
q_000391,d_000046,1.0,1.0,atheism is the only way,criticism of religion,atheism,high
q_000392,d_000046,1.0,1.0,atheism is the only way,critics of religion,atheism,high
q_000393,d_000260,0.8,0.8,the monarchy should be abolished,crown,elective monarchy,high
q_000393,d_000515,1.0,1.0,the monarchy should be abolished,crown,monarchy,high
q_000394,d_000439,1.0,1.0,the keystone xl pipeline should be built,crude oil,keystone xl pipeline,high
q_000395,d_000167,0.7,0.7,google shouldn't censor its search results in china,csr,corporate,high
q_000398,d_000136,0.9,0.9,the school leaving age should be raised to 18,curriculum,classroom,high
q_000400,d_000460,0.7,0.7,the leaking of military documents by anat kamm is justified,cyber dissident,leaking,high
q_000401,d_000654,1.0,1.0,the use of performance enhancing drugs in professional sports should be permitted,cycling,professional sports,high
q_000402,d_000082,0.8,0.8,boxing should be banned,damage,boxing,high
q_000403,d_000046,1.0,1.0,atheism is the only way,daniel dennett,atheism,high
q_000405,d_000046,1.0,1.0,atheism is the only way,dawkins,atheism,high
q_000408,d_000612,0.8,0.8,the use of performance enhancing drugs in professional sports should be permitted,dea,performance enhancing drugs,high
q_000408,d_000816,0.8,0.8,the use of performance enhancing drugs in professional sports should be permitted,dea,systematic doping,high
q_000409,d_000053,0.7,0.7,europe should weaken its austerity measures to guarantee its citizens greater social support,debt,austerity measures,high
q_000409,d_000088,1.0,1.0,europe should weaken its austerity measures to guarantee its citizens greater social support,debt,budget,high
q_000409,d_000191,1.0,1.0,europe should weaken its austerity measures to guarantee its citizens greater social support,debt,debt swap,high
q_000409,d_000374,0.9,0.9,europe should weaken its austerity measures to guarantee its citizens greater social support,debt,harsh austerity,high
q_000409,d_000471,1.0,1.0,europe should weaken its austerity measures to guarantee its citizens greater social support,debt,loan,high
q_000409,d_000777,1.0,1.0,europe should weaken its austerity measures to guarantee its citizens greater social support,debt,sovereign debt,high
q_000409,d_000783,0.9,0.9,europe should weaken its austerity measures to guarantee its citizens greater social support,debt,spending,high
q_000410,d_000053,1.0,1.0,europe should weaken its austerity measures to guarantee its citizens greater social support,debt crisis,austerity measures,high
q_000410,d_000191,1.0,1.0,europe should weaken its austerity measures to guarantee its citizens greater social support,debt crisis,debt swap,high
q_000410,d_000286,0.7,0.7,europe should weaken its austerity measures to guarantee its citizens greater social support,debt crisis,europe,high
q_000410,d_000374,1.0,1.0,europe should weaken its austerity measures to guarantee its citizens greater social support,debt crisis,harsh austerity,high
q_000410,d_000774,0.7,0.7,europe should weaken its austerity measures to guarantee its citizens greater social support,debt crisis,social support,high
q_000410,d_000778,0.9,0.9,europe should weaken its austerity measures to guarantee its citizens greater social support,debt crisis,sovereign default,high
q_000410,d_000844,0.8,0.8,europe should weaken its austerity measures to guarantee its citizens greater social support,debt crisis,troika,high
q_000411,d_000053,0.9,0.9,europe should weaken its austerity measures to guarantee its citizens greater social support,debt level,austerity measures,high
q_000411,d_000088,0.9,0.9,europe should weaken its austerity measures to guarantee its citizens greater social support,debt level,budget,high
q_000411,d_000471,0.8,0.8,europe should weaken its austerity measures to guarantee its citizens greater social support,debt level,loan,high
q_000411,d_000774,0.7,0.7,europe should weaken its austerity measures to guarantee its citizens greater social support,debt level,social support,high
q_000411,d_000777,0.9,0.9,europe should weaken its austerity measures to guarantee its citizens greater social support,debt level,sovereign debt,high
q_000411,d_000783,0.7,0.7,europe should weaken its austerity measures to guarantee its citizens greater social support,debt level,spending,high
q_000412,d_000053,0.7,0.7,europe should weaken its austerity measures to guarantee its citizens greater social support,debt restructure agreement,austerity measures,high
q_000412,d_000191,1.0,1.0,europe should weaken its austerity measures to guarantee its citizens greater social support,debt restructure agreement,debt swap,high
q_000412,d_000249,0.8,0.8,europe should weaken its austerity measures to guarantee its citizens greater social support,debt restructure agreement,economy,high
q_000412,d_000374,0.7,0.7,europe should weaken its austerity measures to guarantee its citizens greater social support,debt restructure agreement,harsh austerity,high
q_000412,d_000777,1.0,1.0,europe should weaken its austerity measures to guarantee its citizens greater social support,debt restructure agreement,sovereign debt,high
q_000412,d_000778,0.8,0.8,europe should weaken its austerity measures to guarantee its citizens greater social support,debt restructure agreement,sovereign default,high
q_000414,d_000053,1.0,1.0,europe should weaken its austerity measures to guarantee its citizens greater social support,debts,austerity measures,high
q_000415,d_000839,0.7,0.7,all collective bargaining rights claimed by trades unions should be abolished,decent work,trades unions,high
q_000416,d_000481,0.7,0.7,a mandatory retirement age should be used,decline with age,mandatory retirement age,high
q_000417,d_000273,0.9,0.9,endangered species should be protected,deep ecologists,endangered species,high
q_000418,d_000273,0.8,0.8,endangered species should be protected,deep ecology,endangered species,high
q_000419,d_000323,0.7,0.7,it is sometimes right for the government to restrict freedom of speech,defamation,free speech fights,high
q_000419,d_000326,1.0,1.0,it is sometimes right for the government to restrict freedom of speech,defamation,freedom of speech,high
q_000419,d_000764,1.0,1.0,it is sometimes right for the government to restrict freedom of speech,defamation,slander,high
q_000420,d_000326,1.0,1.0,it is sometimes right for the government to restrict freedom of speech,defamation laws,freedom of speech,high
q_000421,d_000326,0.9,0.9,it is sometimes right for the government to restrict freedom of speech,defamatory,freedom of speech,high
q_000422,d_000791,0.8,0.8,the us is justified in using force to prevent states from acquiring nuclear weapons,defending state,states,high
q_000423,d_000791,0.9,0.9,the us is justified in using force to prevent states from acquiring nuclear weapons,defending states,states,high
q_000425,d_000082,0.9,0.9,boxing should be banned,defensive style,boxing,high
q_000427,d_000053,1.0,1.0,europe should weaken its austerity measures to guarantee its citizens greater social support,deficit,austerity measures,high
q_000427,d_000088,0.9,0.9,europe should weaken its austerity measures to guarantee its citizens greater social support,deficit,budget,high
q_000427,d_000692,0.8,0.8,europe should weaken its austerity measures to guarantee its citizens greater social support,deficit,recession,high
q_000427,d_000777,0.9,0.9,europe should weaken its austerity measures to guarantee its citizens greater social support,deficit,sovereign debt,high
q_000429,d_000053,0.9,0.9,europe should weaken its austerity measures to guarantee its citizens greater social support,deficit spending,austerity measures,high
q_000429,d_000088,1.0,1.0,europe should weaken its austerity measures to guarantee its citizens greater social support,deficit spending,budget,high
q_000429,d_000192,0.8,0.8,europe should weaken its austerity measures to guarantee its citizens greater social support,deficit spending,debts,high
q_000429,d_000728,0.7,0.7,europe should weaken its austerity measures to guarantee its citizens greater social support,deficit spending,savings,high
q_000429,d_000783,1.0,1.0,europe should weaken its austerity measures to guarantee its citizens greater social support,deficit spending,spending,high
q_000430,d_000610,0.7,0.7,a mandatory retirement age should be used,defined benefit,pension schemes,high
q_000437,d_000046,0.9,0.9,atheism is the only way,deities exist,atheism,high
q_000438,d_000839,0.7,0.7,all collective bargaining rights claimed by trades unions should be abolished,delegates,trades unions,high
q_000440,d_000082,0.9,0.9,boxing should be banned,dementia pugilistica,boxing,high
q_000441,d_000863,1.0,1.0,us should re-engage myanmar,democracy,us,high
q_000442,d_000095,0.8,0.8,open primaries are the most effective method of selecting candidates for elections,democratic national committee,candidates,high
q_000442,d_000258,0.8,0.8,open primaries are the most effective method of selecting candidates for elections,democratic national committee,elections,high
q_000443,d_000207,1.0,1.0,democratic governments should require voters to present photo identification at the polling station,democratic party,democratic governments,high
q_000444,d_000577,0.8,0.8,the one-child policy of china is justified,demographic,one child policy,high
q_000445,d_000117,0.7,0.7,education should be funded using a voucher scheme,department of education,childcare voucher scheme,high
q_000445,d_000250,1.0,1.0,education should be funded using a voucher scheme,department of education,education,high
q_000445,d_000883,0.8,0.8,education should be funded using a voucher scheme,department of education,voucher scheme,high
q_000448,d_000273,1.0,1.0,endangered species should be protected,destruction of habitat,endangered species,high
q_000448,d_000392,0.8,0.8,endangered species should be protected,destruction of habitat,human,high
q_000449,d_000560,1.0,1.0,all nations have a right to nuclear weapons,deterrence,nuclear weapons,high
q_000449,d_000560,0.9,0.9,the us is justified in using force to prevent states from acquiring nuclear weapons,deterrence,nuclear weapons,high
q_000450,d_000536,0.9,0.9,all nations have a right to nuclear weapons,developing nuclear weapons,nations,high
q_000450,d_000560,1.0,1.0,all nations have a right to nuclear weapons,developing nuclear weapons,nuclear weapons,high
q_000450,d_000560,1.0,1.0,the us is justified in using force to prevent states from acquiring nuclear weapons,developing nuclear weapons,nuclear weapons,high
q_000452,d_000341,0.8,0.8,parents should be allowed to genetically screen fetuses for heritable diseases,diagnosis,genetic screening,high
q_000452,d_000378,0.8,0.8,parents should be allowed to genetically screen fetuses for heritable diseases,diagnosis,heritable diseases,high
q_000452,d_000737,1.0,1.0,parents should be allowed to genetically screen fetuses for heritable diseases,diagnosis,screening test,high
q_000452,d_000830,1.0,1.0,parents should be allowed to genetically screen fetuses for heritable diseases,diagnosis,test results,high
q_000457,d_000460,0.8,0.8,the leaking of military documents by anat kamm is justified,disclosure,leaking,high
q_000458,d_000009,0.8,0.8,the use of affirmative action is justified,discourse of race,affirmative action,high
q_000459,d_000151,0.9,0.9,congressional earmarks should be abolished,discretionary spending,congressional earmarks,high
q_000460,d_000009,1.0,1.0,the use of affirmative action is justified,discrimination,affirmative action,high
q_000460,d_000013,1.0,1.0,a mandatory retirement age should be used,discrimination,ageist,high
q_000460,d_000464,0.7,0.7,the use of affirmative action is justified,discrimination,level playing field,high
q_000460,d_000676,1.0,1.0,the use of affirmative action is justified,discrimination,racial differences,high
q_000461,d_000009,1.0,1.0,the use of affirmative action is justified,discrimination against women,affirmative action,high
q_000462,d_000009,1.0,1.0,the use of affirmative action is justified,discrimination in employment,affirmative action,high
q_000465,d_000880,0.7,0.7,democratic governments should require voters to present photo identification at the polling station,disenfranchise,voters,high
q_000466,d_000880,0.7,0.7,democratic governments should require voters to present photo identification at the polling station,disenfranchised,voters,high
q_000467,d_000341,0.9,0.9,parents should be allowed to genetically screen fetuses for heritable diseases,disorders,genetic screening,high
q_000467,d_000378,0.9,0.9,parents should be allowed to genetically screen fetuses for heritable diseases,disorders,heritable diseases,high
q_000468,d_000714,1.0,1.0,the right to asylum should not be absolute,displaced people,right to asylum,high
q_000469,d_000273,0.7,0.7,endangered species should be protected,diversity,endangered species,high
q_000469,d_000370,0.9,0.9,endangered species should be protected,diversity,habitat loss,high
q_000471,d_000314,0.8,0.8,parents should be allowed to genetically screen fetuses for heritable diseases,dna,fetuses,high
q_000471,d_000341,1.0,1.0,parents should be allowed to genetically screen fetuses for heritable diseases,dna,genetic screening,high
q_000471,d_000378,1.0,1.0,parents should be allowed to genetically screen fetuses for heritable diseases,dna,heritable diseases,high
q_000471,d_000595,0.8,0.8,parents should be allowed to genetically screen fetuses for heritable diseases,dna,parents,high
q_000472,d_000023,0.9,0.9,the leaking of military documents by anat kamm is justified,documents,anat kamm,high
q_000472,d_000135,0.8,0.8,the leaking of military documents by anat kamm is justified,documents,classified,high
q_000472,d_000504,1.0,1.0,the leaking of military documents by anat kamm is justified,documents,military documents,high
q_000472,d_000889,0.7,0.7,the leaking of military documents by anat kamm is justified,documents,war logs,high
q_000473,d_000391,0.9,0.9,housewives should be paid for their work,domestic work,housewives,high
q_000473,d_000431,0.7,0.7,housewives should be paid for their work,domestic work,jobs,high
q_000473,d_000909,1.0,1.0,housewives should be paid for their work,domestic work,work,high
q_000474,d_000314,1.0,1.0,parents should be allowed to genetically screen fetuses for heritable diseases,donor eggs,fetuses,high
q_000474,d_000595,0.8,0.8,parents should be allowed to genetically screen fetuses for heritable diseases,donor eggs,parents,high
q_000475,d_000047,0.8,0.8,the use of performance enhancing drugs in professional sports should be permitted,doping,athlete,high
q_000475,d_000387,0.8,0.8,the use of performance enhancing drugs in professional sports should be permitted,doping,hormone,high
q_000475,d_000388,0.9,0.9,the use of performance enhancing drugs in professional sports should be permitted,doping,hormones,high
q_000475,d_000654,0.9,0.9,the use of performance enhancing drugs in professional sports should be permitted,doping,professional sports,high
q_000476,d_000560,0.8,0.8,the us is justified in using force to prevent states from acquiring nuclear weapons,dprk,nuclear weapons,high
q_000477,d_000503,0.9,0.9,national service should be reintroduced,draft,military conscription,high
q_000477,d_000533,1.0,1.0,national service should be reintroduced,draft,national service,high
q_000478,d_000533,0.9,0.9,national service should be reintroduced,draft dodgers,national service,high
q_000479,d_000533,1.0,1.0,national service should be reintroduced,draft law,national service,high
q_000480,d_000533,0.9,0.9,national service should be reintroduced,draft registration,national service,high
q_000481,d_000232,0.9,0.9,national service should be reintroduced,drafted,draft dodgers,high
q_000481,d_000505,0.9,0.9,national service should be reintroduced,drafted,military training,high
q_000481,d_000533,1.0,1.0,national service should be reintroduced,drafted,national service,high
q_000482,d_000533,0.9,0.9,national service should be reintroduced,draftees,national service,high
q_000483,d_000388,0.9,0.9,the use of performance enhancing drugs in professional sports should be permitted,drug,hormones,high
q_000483,d_000612,1.0,1.0,the use of performance enhancing drugs in professional sports should be permitted,drug,performance enhancing drugs,high
q_000483,d_000654,0.8,0.8,the use of performance enhancing drugs in professional sports should be permitted,drug,professional sports,high
q_000483,d_000730,0.9,0.9,the use of performance enhancing drugs in professional sports should be permitted,drug,schedule iii,high
q_000483,d_000816,1.0,1.0,the use of performance enhancing drugs in professional sports should be permitted,drug,systematic doping,high
q_000484,d_000005,0.8,0.8,the use of performance enhancing drugs in professional sports should be permitted,drug abuse,abuse potential,high
q_000484,d_000612,1.0,1.0,the use of performance enhancing drugs in professional sports should be permitted,drug abuse,performance enhancing drugs,high
q_000485,d_000025,1.0,1.0,the use of performance enhancing drugs in professional sports should be permitted,drugs,androgenic steroids,high
q_000485,d_000388,1.0,1.0,the use of performance enhancing drugs in professional sports should be permitted,drugs,hormones,high
q_000485,d_000510,1.0,1.0,the use of performance enhancing drugs in professional sports should be permitted,drugs,mitchell report,high
q_000485,d_000612,1.0,1.0,the use of performance enhancing drugs in professional sports should be permitted,drugs,performance enhancing drugs,high
q_000485,d_000639,0.9,0.9,the use of performance enhancing drugs in professional sports should be permitted,drugs,prescription,high
q_000485,d_000654,0.9,0.9,the use of performance enhancing drugs in professional sports should be permitted,drugs,professional sports,high
q_000485,d_000679,1.0,1.0,the use of performance enhancing drugs in professional sports should be permitted,drugs,random testing,high
q_000485,d_000805,1.0,1.0,the use of performance enhancing drugs in professional sports should be permitted,drugs,substance dependence,high
q_000487,d_000515,1.0,1.0,the monarchy should be abolished,duchess of cornwall,monarchy,high
q_000488,d_000515,1.0,1.0,the monarchy should be abolished,duke of york,monarchy,high
q_000492,d_000151,1.0,1.0,congressional earmarks should be abolished,earmark,congressional earmarks,high
q_000495,d_000028,1.0,1.0,exploitation of the antarctic continent should be ceased,east antarctica,antarctic continent,high
q_000495,d_000708,0.7,0.7,exploitation of the antarctic continent should be ceased,east antarctica,research stations,high
q_000497,d_000612,0.8,0.8,the use of performance enhancing drugs in professional sports should be permitted,east german athlete,performance enhancing drugs,high
q_000497,d_000654,0.7,0.7,the use of performance enhancing drugs in professional sports should be permitted,east german athlete,professional sports,high
q_000497,d_000816,0.7,0.7,the use of performance enhancing drugs in professional sports should be permitted,east german athlete,systematic doping,high
q_000500,d_000273,0.8,0.8,endangered species should be protected,ecological,endangered species,high
q_000501,d_000273,0.9,0.9,endangered species should be protected,ecologists,endangered species,high
q_000502,d_000273,0.8,0.8,endangered species should be protected,ecology,endangered species,high
q_000503,d_000018,0.7,0.7,the american jobs act should be passed,economic,american jobs act,high
q_000503,d_000248,1.0,1.0,housewives should be paid for their work,economic,economic success,high
q_000507,d_000516,0.8,0.8,housewives should be paid for their work,economics,monetary,high
q_000507,d_000909,0.7,0.7,housewives should be paid for their work,economics,work,high
q_000509,d_000018,0.8,0.8,the american jobs act should be passed,economy,american jobs act,high
q_000509,d_000053,1.0,1.0,europe should weaken its austerity measures to guarantee its citizens greater social support,economy,austerity measures,high
q_000509,d_000774,0.7,0.7,europe should weaken its austerity measures to guarantee its citizens greater social support,economy,social support,high
q_000510,d_000244,1.0,1.0,endangered species should be protected,ecosystem,ecologists,high
q_000510,d_000245,1.0,1.0,endangered species should be protected,ecosystem,ecology,high
q_000510,d_000273,0.8,0.8,endangered species should be protected,ecosystem,endangered species,high
q_000511,d_000273,0.8,0.8,endangered species should be protected,ecosystem services,endangered species,high
q_000512,d_000273,0.8,0.8,endangered species should be protected,ecosystems,endangered species,high
q_000513,d_000037,0.7,0.7,the school leaving age should be raised to 18,education,apprenticeship,high
q_000513,d_000118,0.8,0.8,year round schooling should be introduced,education,children,high
q_000513,d_000136,0.9,0.9,the school leaving age should be raised to 18,education,classroom,high
q_000513,d_000250,1.0,1.0,education should be funded using a voucher scheme,education,education,high
q_000513,d_000472,1.0,1.0,education should be funded using a voucher scheme,education,local public schools,high
q_000513,d_000473,0.8,0.8,education should be funded using a voucher scheme,education,local school district,high
q_000513,d_000733,0.9,0.9,the school leaving age should be raised to 18,education,school leaving age,high
q_000513,d_000883,0.9,0.9,education should be funded using a voucher scheme,education,voucher scheme,high
q_000513,d_000914,1.0,1.0,year round schooling should be introduced,education,year round schooling,high
q_000514,d_000118,0.7,0.7,the school leaving age should be raised to 18,educational,children,high
q_000514,d_000136,0.7,0.7,the school leaving age should be raised to 18,educational,classroom,high
q_000514,d_000914,0.8,0.8,year round schooling should be introduced,educational,year round schooling,high
q_000515,d_000118,0.7,0.7,the school leaving age should be raised to 18,educational psychology,children,high
q_000516,d_000515,1.0,1.0,the monarchy should be abolished,edward viii,monarchy,high
q_000518,d_000481,0.7,0.7,a mandatory retirement age should be used,effects of aging,mandatory retirement age,high
q_000519,d_000020,0.8,0.8,states should not subsidize the growing of tobacco,effects of smoking,american tobacco,high
q_000520,d_000314,1.0,1.0,parents should be allowed to genetically screen fetuses for heritable diseases,egg,fetuses,high
q_000522,d_000058,0.7,0.7,democratic governments should require voters to present photo identification at the polling station,election,ballot paper,high
q_000522,d_000095,1.0,1.0,open primaries are the most effective method of selecting candidates for elections,election,candidates,high
q_000522,d_000095,0.9,0.9,opinion polls harm the democratic process,election,candidates,high
q_000522,d_000207,1.0,1.0,democratic governments should require voters to present photo identification at the polling station,election,democratic governments,high
q_000522,d_000210,1.0,1.0,opinion polls harm the democratic process,election,democratic process,high
q_000522,d_000258,1.0,1.0,open primaries are the most effective method of selecting candidates for elections,election,elections,high
q_000522,d_000291,0.9,0.9,open primaries are the most effective method of selecting candidates for elections,election,exhaustive ballot,high
q_000522,d_000582,1.0,1.0,open primaries are the most effective method of selecting candidates for elections,election,open primaries,high
q_000522,d_000584,0.8,0.8,opinion polls harm the democratic process,election,opinion poll,high
q_000522,d_000585,0.8,0.8,opinion polls harm the democratic process,election,opinion polls,high
q_000522,d_000628,1.0,1.0,democratic governments should require voters to present photo identification at the polling station,election,polling station,high
q_000522,d_000641,1.0,1.0,opinion polls harm the democratic process,election,presidential election,high
q_000522,d_000807,1.0,1.0,open primaries are the most effective method of selecting candidates for elections,election,super tuesday,high
q_000522,d_000880,1.0,1.0,democratic governments should require voters to present photo identification at the polling station,election,voters,high
q_000522,d_000908,0.7,0.7,open primaries are the most effective method of selecting candidates for elections,election,won,high
q_000525,d_000309,0.9,0.9,democratic governments should require voters to present photo identification at the polling station,election fraud,federal elections,high
q_000525,d_000397,0.7,0.7,democratic governments should require voters to present photo identification at the polling station,election fraud,identification,high
q_000525,d_000880,0.7,0.7,democratic governments should require voters to present photo identification at the polling station,election fraud,voters,high
q_000526,d_000210,0.9,0.9,opinion polls harm the democratic process,election results,democratic process,high
q_000527,d_000015,0.9,0.9,open primaries are the most effective method of selecting candidates for elections,elections,alternative vote,high
q_000527,d_000094,0.7,0.7,open primaries are the most effective method of selecting candidates for elections,elections,candidate is eliminated,high
q_000527,d_000095,1.0,1.0,open primaries are the most effective method of selecting candidates for elections,elections,candidates,high
q_000527,d_000207,1.0,1.0,democratic governments should require voters to present photo identification at the polling station,elections,democratic governments,high
q_000527,d_000208,0.8,0.8,open primaries are the most effective method of selecting candidates for elections,elections,democratic national committee,high
q_000527,d_000258,1.0,1.0,open primaries are the most effective method of selecting candidates for elections,elections,elections,high
q_000527,d_000309,0.9,0.9,democratic governments should require voters to present photo identification at the polling station,elections,federal elections,high
q_000527,d_000568,0.7,0.7,democratic governments should require voters to present photo identification at the polling station,elections,observers,high
q_000527,d_000582,1.0,1.0,open primaries are the most effective method of selecting candidates for elections,elections,open primaries,high
q_000527,d_000628,1.0,1.0,democratic governments should require voters to present photo identification at the polling station,elections,polling station,high
q_000527,d_000705,0.9,0.9,open primaries are the most effective method of selecting candidates for elections,elections,republican party,high
q_000527,d_000880,1.0,1.0,democratic governments should require voters to present photo identification at the polling station,elections,voters,high
q_000527,d_000882,0.9,0.9,open primaries are the most effective method of selecting candidates for elections,elections,voting system criteria,high
q_000528,d_000515,1.0,1.0,the monarchy should be abolished,elective monarchies,monarchy,high
q_000529,d_000515,1.0,1.0,the monarchy should be abolished,elective monarchy,monarchy,high
q_000530,d_000095,0.7,0.7,open primaries are the most effective method of selecting candidates for elections,electoral,candidates,high
q_000530,d_000258,0.8,0.8,open primaries are the most effective method of selecting candidates for elections,electoral,elections,high
q_000531,d_000568,0.7,0.7,democratic governments should require voters to present photo identification at the polling station,electoral fraud,observers,high
q_000531,d_000618,0.7,0.7,democratic governments should require voters to present photo identification at the polling station,electoral fraud,photo identification,high
q_000531,d_000628,0.7,0.7,democratic governments should require voters to present photo identification at the polling station,electoral fraud,polling station,high
q_000531,d_000880,0.8,0.8,democratic governments should require voters to present photo identification at the polling station,electoral fraud,voters,high
q_000532,d_000277,1.0,1.0,wind power should be a primary focus of future energy supply,electrical,energy supply,high
q_000532,d_000903,0.7,0.7,wind power should be a primary focus of future energy supply,electrical,wind power,high
q_000533,d_000277,1.0,1.0,wind power should be a primary focus of future energy supply,electricity,energy supply,high
q_000533,d_000701,1.0,1.0,wind power should be a primary focus of future energy supply,electricity,renewable energy technologies,high
q_000533,d_000902,1.0,1.0,wind power should be a primary focus of future energy supply,electricity,wind energy projects,high
q_000533,d_000903,0.9,0.9,wind power should be a primary focus of future energy supply,electricity,wind power,high
q_000534,d_000277,0.9,0.9,wind power should be a primary focus of future energy supply,electricity generation,energy supply,high
q_000534,d_000903,0.8,0.8,wind power should be a primary focus of future energy supply,electricity generation,wind power,high
q_000535,d_000277,0.9,0.9,wind power should be a primary focus of future energy supply,electricity production,energy supply,high
q_000535,d_000903,1.0,1.0,wind power should be a primary focus of future energy supply,electricity production,wind power,high
q_000536,d_000628,1.0,1.0,democratic governments should require voters to present photo identification at the polling station,electronic voting machines,polling station,high
q_000536,d_000880,0.9,0.9,democratic governments should require voters to present photo identification at the polling station,electronic voting machines,voters,high
q_000537,d_000880,0.8,0.8,democratic governments should require voters to present photo identification at the polling station,eligible,voters,high
q_000538,d_000023,0.8,0.8,the leaking of military documents by anat kamm is justified,ellsberg and russo,anat kamm,high
q_000538,d_000460,1.0,1.0,the leaking of military documents by anat kamm is justified,ellsberg and russo,leaking,high
q_000538,d_000504,0.7,0.7,the leaking of military documents by anat kamm is justified,ellsberg and russo,military documents,high
q_000539,d_000086,0.8,0.8,bribery is sometimes acceptable,embezzlement,bribery,high
q_000539,d_000647,0.7,0.7,bribery is sometimes acceptable,embezzlement,private gain,high
q_000540,d_000229,0.7,0.7,parents should be allowed to genetically screen fetuses for heritable diseases,embryo,dna,high
q_000540,d_000230,0.9,0.9,parents should be allowed to genetically screen fetuses for heritable diseases,embryo,donor eggs,high
q_000540,d_000254,0.9,0.9,parents should be allowed to genetically screen fetuses for heritable diseases,embryo,egg,high
q_000540,d_000314,0.9,0.9,parents should be allowed to genetically screen fetuses for heritable diseases,embryo,fetuses,high
q_000540,d_000341,1.0,1.0,parents should be allowed to genetically screen fetuses for heritable diseases,embryo,genetic screening,high
q_000540,d_000378,0.9,0.9,parents should be allowed to genetically screen fetuses for heritable diseases,embryo,heritable diseases,high
q_000540,d_000483,0.7,0.7,parents should be allowed to genetically screen fetuses for heritable diseases,embryo,maternal,high
q_000540,d_000484,0.7,0.7,parents should be allowed to genetically screen fetuses for heritable diseases,embryo,maternal serum,high
q_000540,d_000595,0.8,0.8,parents should be allowed to genetically screen fetuses for heritable diseases,embryo,parents,high
q_000540,d_000637,0.8,0.8,parents should be allowed to genetically screen fetuses for heritable diseases,embryo,prenatal testing,high
q_000540,d_000868,0.9,0.9,parents should be allowed to genetically screen fetuses for heritable diseases,embryo,uterus,high
q_000541,d_000314,0.8,0.8,parents should be allowed to genetically screen fetuses for heritable diseases,embryo transfer,fetuses,high
q_000543,d_000140,0.7,0.7,all collective bargaining rights claimed by trades unions should be abolished,employers,collective bargaining rights,high
q_000544,d_000140,0.7,0.7,all collective bargaining rights claimed by trades unions should be abolished,employers and workers,collective bargaining rights,high
q_000544,d_000839,0.9,0.9,all collective bargaining rights claimed by trades unions should be abolished,employers and workers,trades unions,high
q_000545,d_000018,1.0,1.0,the american jobs act should be passed,employment,american jobs act,high
q_000545,d_000481,0.9,0.9,a mandatory retirement age should be used,employment,mandatory retirement age,high
q_000546,d_000009,1.0,1.0,the use of affirmative action is justified,employment opportunity,affirmative action,high
q_000547,d_000009,1.0,1.0,the use of affirmative action is justified,employment opportunity commission,affirmative action,high
q_000551,d_000273,1.0,1.0,endangered species should be protected,endangered species act,endangered species,high
q_000554,d_000277,1.0,1.0,wind power should be a primary focus of future energy supply,energy,energy supply,high
q_000554,d_000532,0.9,0.9,wind power should be a primary focus of future energy supply,energy,national renewable energy,high
q_000554,d_000560,0.9,0.9,all nations have a right to nuclear weapons,energy,nuclear weapons,high
q_000554,d_000635,1.0,1.0,wind power should be a primary focus of future energy supply,energy,power stations,high
q_000554,d_000887,0.9,0.9,wind power should be a primary focus of future energy supply,energy,walney wind farm,high
q_000554,d_000903,1.0,1.0,wind power should be a primary focus of future energy supply,energy,wind power,high
q_000555,d_000277,0.8,0.8,wind power should be a primary focus of future energy supply,energy policy act,energy supply,high
q_000555,d_000701,0.9,0.9,wind power should be a primary focus of future energy supply,energy policy act,renewable energy technologies,high
q_000555,d_000903,0.8,0.8,wind power should be a primary focus of future energy supply,energy policy act,wind power,high
q_000556,d_000277,1.0,1.0,wind power should be a primary focus of future energy supply,energy sources,energy supply,high
q_000556,d_000903,0.9,0.9,wind power should be a primary focus of future energy supply,energy sources,wind power,high
q_000558,d_000714,0.9,0.9,the right to asylum should not be absolute,enforcement immigration officers,right to asylum,high
q_000559,d_000515,1.0,1.0,the monarchy should be abolished,england,monarchy,high
q_000560,d_000515,0.9,0.9,the monarchy should be abolished,england and scotland,monarchy,high
q_000561,d_000560,1.0,1.0,the us is justified in using force to prevent states from acquiring nuclear weapons,enriched uranium,nuclear weapons,high
q_000562,d_000875,0.7,0.7,the sale of violent video games to minors should be banned,entertainment software,violent video games,high
q_000563,d_000684,1.0,1.0,the sale of violent video games to minors should be banned,entertainment software rating,rating board,high
q_000563,d_000685,1.0,1.0,the sale of violent video games to minors should be banned,entertainment software rating,rating board esrb,high
q_000563,d_000875,0.9,0.9,the sale of violent video games to minors should be banned,entertainment software rating,violent video games,high
q_000564,d_000032,1.0,1.0,states should not subsidize the growing of tobacco,environmental tobacco smoke,anti smoking movement,high
q_000564,d_000683,0.9,0.9,states should not subsidize the growing of tobacco,environmental tobacco smoke,rates of smoking,high
q_000564,d_000770,0.9,0.9,states should not subsidize the growing of tobacco,environmental tobacco smoke,smoking rates,high
q_000565,d_000009,0.7,0.7,the use of affirmative action is justified,equal,affirmative action,high
q_000566,d_000009,1.0,1.0,the use of affirmative action is justified,equal employment opportunity,affirmative action,high
q_000566,d_000430,0.9,0.9,the use of affirmative action is justified,equal employment opportunity,jim crow,high
q_000566,d_000500,0.9,0.9,the use of affirmative action is justified,equal employment opportunity,mexican american,high
q_000567,d_000009,1.0,1.0,the use of affirmative action is justified,equal opportunity,affirmative action,high
q_000568,d_000009,1.0,1.0,the use of affirmative action is justified,equality,affirmative action,high
q_000569,d_000009,1.0,1.0,the use of affirmative action is justified,equality of opportunity,affirmative action,high
q_000569,d_000513,0.7,0.7,the use of affirmative action is justified,equality of opportunity,modern symbolic prejudice,high
q_000570,d_000009,0.8,0.8,the use of affirmative action is justified,equality of outcome,affirmative action,high
q_000570,d_000270,0.8,0.8,the use of affirmative action is justified,equality of outcome,employment opportunity commission,high
q_000570,d_000464,0.7,0.7,the use of affirmative action is justified,equality of outcome,level playing field,high
q_000572,d_000774,0.9,0.9,europe should weaken its austerity measures to guarantee its citizens greater social support,esping andersen,social support,high
q_000573,d_000023,0.7,0.7,the leaking of military documents by anat kamm is justified,espionage,anat kamm,high
q_000573,d_000460,0.9,0.9,the leaking of military documents by anat kamm is justified,espionage,leaking,high
q_000573,d_000504,0.7,0.7,the leaking of military documents by anat kamm is justified,espionage,military documents,high
q_000574,d_000504,1.0,1.0,the leaking of military documents by anat kamm is justified,espionage act,military documents,high
q_000577,d_000009,0.9,0.9,the use of affirmative action is justified,ethnicity,affirmative action,high
q_000581,d_000192,0.7,0.7,europe should weaken its austerity measures to guarantee its citizens greater social support,european central bank,debts,high
q_000581,d_000286,1.0,1.0,europe should weaken its austerity measures to guarantee its citizens greater social support,european central bank,europe,high
q_000581,d_000471,0.8,0.8,europe should weaken its austerity measures to guarantee its citizens greater social support,european central bank,loan,high
q_000582,d_000515,1.0,1.0,the monarchy should be abolished,european monarchies,monarchy,high
q_000583,d_000192,0.7,0.7,europe should weaken its austerity measures to guarantee its citizens greater social support,eurozone,debts,high
q_000583,d_000286,1.0,1.0,europe should weaken its austerity measures to guarantee its citizens greater social support,eurozone,europe,high
q_000583,d_000343,0.9,0.9,europe should weaken its austerity measures to guarantee its citizens greater social support,eurozone,germany,high
q_000588,d_000413,0.7,0.7,intellectual property rights should be abolished,exclusive rights,intellectual property rights,high
q_000590,d_000533,0.7,0.7,national service should be reintroduced,exempt,national service,high
q_000591,d_000095,0.9,0.9,open primaries are the most effective method of selecting candidates for elections,exhaustive ballot,candidates,high
q_000591,d_000258,1.0,1.0,open primaries are the most effective method of selecting candidates for elections,exhaustive ballot,elections,high
q_000591,d_000582,0.9,0.9,open primaries are the most effective method of selecting candidates for elections,exhaustive ballot,open primaries,high
q_000594,d_000046,0.7,0.7,atheism is the only way,existence and nature,atheism,high
q_000595,d_000046,0.8,0.8,atheism is the only way,existence of god,atheism,high
q_000595,d_000181,0.8,0.8,atheism is the only way,existence of god,critics of religion,high
q_000595,d_000228,0.9,0.9,atheism is the only way,existence of god,divine,high
q_000596,d_000046,0.8,0.8,atheism is the only way,existence of gods,atheism,high
q_000596,d_000176,0.9,0.9,atheism is the only way,existence of gods,creator god,high
q_000596,d_000202,0.9,0.9,atheism is the only way,existence of gods,deities exist,high
q_000596,d_000832,0.8,0.8,atheism is the only way,existence of gods,theological noncognitivism,high
q_000597,d_000176,0.7,0.7,atheism is the only way,existence or nonexistence,creator god,high
q_000597,d_000202,0.7,0.7,atheism is the only way,existence or nonexistence,deities exist,high
q_000598,d_000301,0.9,0.9,intellectual property rights should be abolished,existing copyright law,fair dealing,high
q_000598,d_000413,1.0,1.0,intellectual property rights should be abolished,existing copyright law,intellectual property rights,high
q_000598,d_000596,0.8,0.8,intellectual property rights should be abolished,existing copyright law,paris convention,high
q_000598,d_000657,0.9,0.9,intellectual property rights should be abolished,existing copyright law,property systems,high
q_000599,d_000585,1.0,1.0,opinion polls harm the democratic process,exit poll,opinion polls,high
q_000599,d_000641,0.8,0.8,opinion polls harm the democratic process,exit poll,presidential election,high
q_000600,d_000028,0.8,0.8,exploitation of the antarctic continent should be ceased,expedition,antarctic continent,high
q_000602,d_000560,1.0,1.0,all nations have a right to nuclear weapons,explosion,nuclear weapons,high
q_000603,d_000137,0.9,0.9,it is sometimes right for the government to restrict freedom of speech,expression,coarse language,high
q_000603,d_000326,0.9,0.9,it is sometimes right for the government to restrict freedom of speech,expression,freedom of speech,high
q_000604,d_000082,0.7,0.7,boxing should be banned,extended arm,boxing,high
q_000605,d_000273,1.0,1.0,endangered species should be protected,extinct,endangered species,high
q_000606,d_000273,1.0,1.0,endangered species should be protected,extinction,endangered species,high
q_000607,d_000273,1.0,1.0,endangered species should be protected,extinction event,endangered species,high
q_000611,d_000413,0.9,0.9,intellectual property rights should be abolished,fair dealing,intellectual property rights,high
q_000612,d_000326,0.8,0.8,it is sometimes right for the government to restrict freedom of speech,fairness doctrine,freedom of speech,high
q_000613,d_000046,1.0,1.0,atheism is the only way,faith,atheism,high
q_000614,d_000046,0.8,0.8,atheism is the only way,faith and reason,atheism,high
q_000616,d_000341,0.7,0.7,parents should be allowed to genetically screen fetuses for heritable diseases,false positive rate,genetic screening,high
q_000616,d_000737,0.7,0.7,parents should be allowed to genetically screen fetuses for heritable diseases,false positive rate,screening test,high
q_000617,d_000120,0.8,0.8,the one-child policy of china is justified,falun gong,china,high
q_000618,d_000391,1.0,1.0,housewives should be paid for their work,family,housewives,high
q_000618,d_000577,0.8,0.8,the one-child policy of china is justified,family,one child policy,high
q_000619,d_000066,1.0,1.0,the catholic church is justified in forbidding the use of barrier methods of contraception,family planning,barrier methods of contraception,high
q_000619,d_000120,0.8,0.8,the one-child policy of china is justified,family planning,china,high
q_000619,d_000161,1.0,1.0,the catholic church is justified in forbidding the use of barrier methods of contraception,family planning,contraceptives,high
q_000619,d_000577,1.0,1.0,the one-child policy of china is justified,family planning,one child policy,high
q_000620,d_000120,0.8,0.8,the one-child policy of china is justified,family planning programs,china,high
q_000620,d_000577,1.0,1.0,the one-child policy of china is justified,family planning programs,one child policy,high
q_000623,d_000560,0.8,0.8,all nations have a right to nuclear weapons,fat man,nuclear weapons,high
q_000624,d_000479,0.7,0.7,opinion polls harm the democratic process,fear of isolation,majority opinion,high
q_000625,d_000045,0.9,0.9,the right to asylum should not be absolute,fear of persecution,asylum applications,high
q_000625,d_000714,0.9,0.9,the right to asylum should not be absolute,fear of persecution,right to asylum,high
q_000627,d_000207,0.8,0.8,democratic governments should require voters to present photo identification at the polling station,federal elections,democratic governments,high
q_000627,d_000628,0.8,0.8,democratic governments should require voters to present photo identification at the polling station,federal elections,polling station,high
q_000627,d_000880,0.9,0.9,democratic governments should require voters to present photo identification at the polling station,federal elections,voters,high
q_000628,d_000390,0.7,0.7,congressional earmarks should be abolished,federal government,houses of congress,high
q_000629,d_000714,0.9,0.9,the right to asylum should not be absolute,federal migration service,right to asylum,high
q_000631,d_000331,1.0,1.0,gambling should be banned,federal wire act,gambling,high
q_000633,d_000044,1.0,1.0,the catholic church is justified in forbidding the use of barrier methods of contraception,female condom,artificial contraception,high
q_000633,d_000065,1.0,1.0,the catholic church is justified in forbidding the use of barrier methods of contraception,female condom,barrier methods,high
q_000633,d_000066,1.0,1.0,the catholic church is justified in forbidding the use of barrier methods of contraception,female condom,barrier methods of contraception,high
q_000633,d_000751,0.8,0.8,the catholic church is justified in forbidding the use of barrier methods of contraception,female condom,sexually transmitted infection,high
q_000634,d_000391,0.8,0.8,housewives should be paid for their work,feminist,housewives,high
q_000635,d_000391,0.8,0.8,housewives should be paid for their work,feminist economics,housewives,high
q_000635,d_000909,0.8,0.8,housewives should be paid for their work,feminist economics,work,high
q_000636,d_000391,0.8,0.8,housewives should be paid for their work,feminist economists,housewives,high
q_000639,d_000577,0.7,0.7,the one-child policy of china is justified,fertility rate,one child policy,high
q_000640,d_000082,0.9,0.9,boxing should be banned,fighter,boxing,high
q_000641,d_000082,0.9,0.9,boxing should be banned,fighters,boxing,high
q_000642,d_000108,0.8,0.8,google shouldn't censor its search results in china,filtering,censor,high
q_000642,d_000120,0.7,0.7,google shouldn't censor its search results in china,filtering,china,high
q_000642,d_000351,0.7,0.7,google shouldn't censor its search results in china,filtering,google,high
q_000642,d_000352,0.9,0.9,google shouldn't censor its search results in china,filtering,google search,high
q_000642,d_000738,0.9,0.9,google shouldn't censor its search results in china,filtering,search results,high
q_000644,d_000625,0.8,0.8,the sale of violent video games to minors should be banned,first person shooter,playing video games,high
q_000644,d_000875,0.9,0.9,the sale of violent video games to minors should be banned,first person shooter,violent video games,high
q_000645,d_000165,1.0,1.0,intellectual property rights should be abolished,first sale doctrine,copyright system,high
q_000645,d_000413,1.0,1.0,intellectual property rights should be abolished,first sale doctrine,intellectual property rights,high
q_000647,d_000560,1.0,1.0,all nations have a right to nuclear weapons,fission,nuclear weapons,high
q_000647,d_000860,1.0,1.0,all nations have a right to nuclear weapons,fission,uranium enrichment,high
q_000648,d_000560,1.0,1.0,all nations have a right to nuclear weapons,fission chain reaction,nuclear weapons,high
q_000649,d_000082,0.8,0.8,boxing should be banned,fist,boxing,high
q_000651,d_000391,0.7,0.7,housewives should be paid for their work,folbre,housewives,high
q_000653,d_000714,0.8,0.8,the right to asylum should not be absolute,foreign nationals,right to asylum,high
q_000654,d_000515,1.0,1.0,the monarchy should be abolished,form of government,monarchy,high
q_000655,d_000118,0.9,0.9,the school leaving age should be raised to 18,formal education,children,high
q_000657,d_000086,1.0,1.0,bribery is sometimes acceptable,forms of corruption,bribery,high
q_000658,d_000113,0.7,0.7,gambling should be banned,forms of gambling,chance,high
q_000658,d_000331,1.0,1.0,gambling should be banned,forms of gambling,gambling,high
q_000659,d_000875,0.8,0.8,the sale of violent video games to minors should be banned,forms of violence,violent video games,high
q_000661,d_000277,0.9,0.9,wind power should be a primary focus of future energy supply,fossil fuels,energy supply,high
q_000662,d_000059,0.8,0.8,democratic governments should require voters to present photo identification at the polling station,fraud,ballot stuffing,high
q_000662,d_000568,0.7,0.7,democratic governments should require voters to present photo identification at the polling station,fraud,observers,high
q_000662,d_000618,0.8,0.8,democratic governments should require voters to present photo identification at the polling station,fraud,photo identification,high
q_000663,d_000395,0.8,0.8,us should re-engage myanmar,free burma coalition,human rights abuses,high
q_000663,d_000526,1.0,1.0,us should re-engage myanmar,free burma coalition,myanmar,high
q_000664,d_000326,1.0,1.0,it is sometimes right for the government to restrict freedom of speech,free speech,freedom of speech,high
q_000664,d_000765,1.0,1.0,it is sometimes right for the government to restrict freedom of speech,free speech,slander and libel,high
q_000665,d_000123,0.7,0.7,it is sometimes right for the government to restrict freedom of speech,free speech fight,chrc,high
q_000665,d_000323,1.0,1.0,it is sometimes right for the government to restrict freedom of speech,free speech fight,free speech fights,high
q_000665,d_000326,1.0,1.0,it is sometimes right for the government to restrict freedom of speech,free speech fight,freedom of speech,high
q_000666,d_000326,1.0,1.0,it is sometimes right for the government to restrict freedom of speech,free speech fights,freedom of speech,high
q_000667,d_000326,1.0,1.0,it is sometimes right for the government to restrict freedom of speech,free speech zones,freedom of speech,high
q_000669,d_000046,0.9,0.9,atheism is the only way,free will argument,atheism,high
q_000670,d_000326,1.0,1.0,it is sometimes right for the government to restrict freedom of speech,freedom,freedom of speech,high
q_000670,d_000690,0.7,0.7,it is sometimes right for the government to restrict freedom of speech,freedom,reasonable restrictions,high
q_000671,d_000140,0.8,0.8,all collective bargaining rights claimed by trades unions should be abolished,freedom of association,collective bargaining rights,high
q_000671,d_000590,0.8,0.8,all collective bargaining rights claimed by trades unions should be abolished,freedom of association,organize,high
q_000671,d_000839,1.0,1.0,all collective bargaining rights claimed by trades unions should be abolished,freedom of association,trades unions,high
q_000672,d_000023,0.7,0.7,the leaking of military documents by anat kamm is justified,freedom of expression,anat kamm,high
q_000672,d_000196,0.8,0.8,it is sometimes right for the government to restrict freedom of speech,freedom of expression,defamatory,high
q_000672,d_000326,1.0,1.0,it is sometimes right for the government to restrict freedom of speech,freedom of expression,freedom of speech,high
q_000672,d_000460,0.7,0.7,the leaking of military documents by anat kamm is justified,freedom of expression,leaking,high
q_000673,d_000023,0.7,0.7,the leaking of military documents by anat kamm is justified,freedom of information,anat kamm,high
q_000673,d_000460,0.7,0.7,the leaking of military documents by anat kamm is justified,freedom of information,leaking,high
q_000673,d_000504,0.7,0.7,the leaking of military documents by anat kamm is justified,freedom of information,military documents,high
q_000673,d_000895,0.9,0.9,the leaking of military documents by anat kamm is justified,freedom of information,whistleblower,high
q_000674,d_000326,1.0,1.0,it is sometimes right for the government to restrict freedom of speech,freedom of press,freedom of speech,high
q_000675,d_000326,1.0,1.0,it is sometimes right for the government to restrict freedom of speech,freedom of speech,freedom of speech,high
q_000675,d_000460,0.7,0.7,the leaking of military documents by anat kamm is justified,freedom of speech,leaking,high
q_000675,d_000764,1.0,1.0,it is sometimes right for the government to restrict freedom of speech,freedom of speech,slander,high
q_000678,d_000560,1.0,1.0,all nations have a right to nuclear weapons,fusion fuel,nuclear weapons,high
q_000680,d_000331,1.0,1.0,gambling should be banned,gam anon,gambling,high
q_000681,d_000331,1.0,1.0,gambling should be banned,gamblers,gambling,high
q_000682,d_000330,1.0,1.0,gambling should be banned,gambling,gam anon,high
q_000682,d_000331,1.0,1.0,gambling should be banned,gambling,gambling,high
q_000682,d_000569,0.9,0.9,gambling should be banned,gambling,odds,high
q_000683,d_000331,1.0,1.0,gambling should be banned,gambling industry,gambling,high
q_000684,d_000333,1.0,1.0,the sale of violent video games to minors should be banned,game,game content rating,high
q_000684,d_000875,0.9,0.9,the sale of violent video games to minors should be banned,game,violent video games,high
q_000685,d_000875,1.0,1.0,the sale of violent video games to minors should be banned,game content rating,violent video games,high
q_000686,d_000875,0.8,0.8,the sale of violent video games to minors should be banned,gameplay,violent video games,high
q_000687,d_000333,0.8,0.8,the sale of violent video games to minors should be banned,games,game content rating,high
q_000687,d_000800,0.9,0.9,the sale of violent video games to minors should be banned,games,strategy games,high
q_000687,d_000875,0.8,0.8,the sale of violent video games to minors should be banned,games,violent video games,high
q_000688,d_000331,1.0,1.0,gambling should be banned,games of chance,gambling,high
q_000689,d_000068,0.8,0.8,gambling should be banned,gaming,bet,high
q_000689,d_000331,0.9,0.9,gambling should be banned,gaming,gambling,high
q_000689,d_000766,0.9,0.9,gambling should be banned,gaming,slot machines,high
q_000689,d_000875,1.0,1.0,the sale of violent video games to minors should be banned,gaming,violent video games,high
q_000691,d_000439,0.8,0.8,the keystone xl pipeline should be built,gas pipelines,keystone xl pipeline,high
q_000692,d_000088,0.8,0.8,europe should weaken its austerity measures to guarantee its citizens greater social support,gdp,budget,high
q_000692,d_000249,0.9,0.9,europe should weaken its austerity measures to guarantee its citizens greater social support,gdp,economy,high
q_000693,d_000053,0.8,0.8,europe should weaken its austerity measures to guarantee its citizens greater social support,gdp growth rates,austerity measures,high
q_000693,d_000249,0.9,0.9,europe should weaken its austerity measures to guarantee its citizens greater social support,gdp growth rates,economy,high
q_000693,d_000692,0.8,0.8,europe should weaken its austerity measures to guarantee its citizens greater social support,gdp growth rates,recession,high
q_000695,d_000120,0.8,0.8,the one-child policy of china is justified,gender imbalance,china,high
q_000695,d_000577,1.0,1.0,the one-child policy of china is justified,gender imbalance,one child policy,high
q_000696,d_000341,0.9,0.9,parents should be allowed to genetically screen fetuses for heritable diseases,gene therapy,genetic screening,high
q_000696,d_000378,0.9,0.9,parents should be allowed to genetically screen fetuses for heritable diseases,gene therapy,heritable diseases,high
q_000697,d_000210,1.0,1.0,opinion polls harm the democratic process,general election,democratic process,high
q_000697,d_000585,0.8,0.8,opinion polls harm the democratic process,general election,opinion polls,high
q_000698,d_000277,0.7,0.7,wind power should be a primary focus of future energy supply,generating,energy supply,high
q_000700,d_000021,0.7,0.7,parents should be allowed to genetically screen fetuses for heritable diseases,genetic,amniocentesis,high
q_000700,d_000314,0.8,0.8,parents should be allowed to genetically screen fetuses for heritable diseases,genetic,fetuses,high
q_000700,d_000341,1.0,1.0,parents should be allowed to genetically screen fetuses for heritable diseases,genetic,genetic screening,high
q_000700,d_000378,1.0,1.0,parents should be allowed to genetically screen fetuses for heritable diseases,genetic,heritable diseases,high
q_000700,d_000595,0.7,0.7,parents should be allowed to genetically screen fetuses for heritable diseases,genetic,parents,high
q_000700,d_000737,0.8,0.8,parents should be allowed to genetically screen fetuses for heritable diseases,genetic,screening test,high
q_000701,d_000273,0.9,0.9,endangered species should be protected,genetic diversity,endangered species,high
q_000701,d_000370,0.9,0.9,endangered species should be protected,genetic diversity,habitat loss,high
q_000701,d_000811,0.8,0.8,endangered species should be protected,genetic diversity,sustainability,high
q_000702,d_000273,0.7,0.7,endangered species should be protected,genetic resources,endangered species,high
q_000703,d_000314,1.0,1.0,parents should be allowed to genetically screen fetuses for heritable diseases,genetic test,fetuses,high
q_000703,d_000338,0.9,0.9,parents should be allowed to genetically screen fetuses for heritable diseases,genetic test,gene therapy,high
q_000703,d_000341,1.0,1.0,parents should be allowed to genetically screen fetuses for heritable diseases,genetic test,genetic screening,high
q_000703,d_000378,1.0,1.0,parents should be allowed to genetically screen fetuses for heritable diseases,genetic test,heritable diseases,high
q_000703,d_000484,0.8,0.8,parents should be allowed to genetically screen fetuses for heritable diseases,genetic test,maternal serum,high
q_000703,d_000595,0.7,0.7,parents should be allowed to genetically screen fetuses for heritable diseases,genetic test,parents,high
q_000703,d_000737,1.0,1.0,parents should be allowed to genetically screen fetuses for heritable diseases,genetic test,screening test,high
q_000704,d_000125,1.0,1.0,parents should be allowed to genetically screen fetuses for heritable diseases,genetic testing,chromosomes,high
q_000704,d_000226,0.9,0.9,parents should be allowed to genetically screen fetuses for heritable diseases,genetic testing,disorders,high
q_000704,d_000314,1.0,1.0,parents should be allowed to genetically screen fetuses for heritable diseases,genetic testing,fetuses,high
q_000704,d_000338,1.0,1.0,parents should be allowed to genetically screen fetuses for heritable diseases,genetic testing,gene therapy,high
q_000704,d_000341,1.0,1.0,parents should be allowed to genetically screen fetuses for heritable diseases,genetic testing,genetic screening,high
q_000704,d_000378,0.9,0.9,parents should be allowed to genetically screen fetuses for heritable diseases,genetic testing,heritable diseases,high
q_000704,d_000424,0.8,0.8,parents should be allowed to genetically screen fetuses for heritable diseases,genetic testing,invasive procedure,high
q_000704,d_000426,0.8,0.8,parents should be allowed to genetically screen fetuses for heritable diseases,genetic testing,invasive test,high
q_000704,d_000427,1.0,1.0,parents should be allowed to genetically screen fetuses for heritable diseases,genetic testing,invasive testing,high
q_000704,d_000484,0.9,0.9,parents should be allowed to genetically screen fetuses for heritable diseases,genetic testing,maternal serum,high
q_000704,d_000595,0.8,0.8,parents should be allowed to genetically screen fetuses for heritable diseases,genetic testing,parents,high
q_000704,d_000637,0.8,0.8,parents should be allowed to genetically screen fetuses for heritable diseases,genetic testing,prenatal testing,high
q_000704,d_000830,1.0,1.0,parents should be allowed to genetically screen fetuses for heritable diseases,genetic testing,test results,high
q_000705,d_000863,1.0,1.0,the us is justified in using force to prevent states from acquiring nuclear weapons,george w bush,us,high
q_000706,d_000286,0.9,0.9,europe should weaken its austerity measures to guarantee its citizens greater social support,germany,europe,high
q_000707,d_000326,0.7,0.7,it is sometimes right for the government to restrict freedom of speech,global network initiative,freedom of speech,high
q_000708,d_000351,1.0,1.0,google shouldn't censor its search results in china,gmail,google,high
q_000709,d_000351,1.0,1.0,google shouldn't censor its search results in china,gmail accounts,google,high
q_000710,d_000046,1.0,1.0,atheism is the only way,god,atheism,high
q_000711,d_000046,0.9,0.9,atheism is the only way,god delusion,atheism,high
q_000712,d_000046,0.9,0.9,atheism is the only way,god exists,atheism,high
q_000714,d_000046,1.0,1.0,atheism is the only way,god's existence,atheism,high
q_000714,d_000347,0.9,0.9,atheism is the only way,god's existence,god's,high
q_000716,d_000108,0.9,0.9,google shouldn't censor its search results in china,golden shield project,censor,high
q_000716,d_000120,1.0,1.0,google shouldn't censor its search results in china,golden shield project,china,high
q_000716,d_000363,1.0,1.0,google shouldn't censor its search results in china,golden shield project,great firewall,high
q_000716,d_000423,0.8,0.8,google shouldn't censor its search results in china,golden shield project,internet security,high
q_000718,d_000028,0.8,0.8,exploitation of the antarctic continent should be ceased,gondwana,antarctic continent,high
q_000721,d_000145,0.8,0.8,google shouldn't censor its search results in china,google,companies,high
q_000721,d_000351,1.0,1.0,google shouldn't censor its search results in china,google,google,high
q_000721,d_000352,1.0,1.0,google shouldn't censor its search results in china,google,google search,high
q_000721,d_000738,1.0,1.0,google shouldn't censor its search results in china,google,search results,high
q_000722,d_000076,0.7,0.7,google shouldn't censor its search results in china,google china,block,high
q_000722,d_000108,0.9,0.9,google shouldn't censor its search results in china,google china,censor,high
q_000722,d_000120,1.0,1.0,google shouldn't censor its search results in china,google china,china,high
q_000722,d_000346,0.8,0.8,google shouldn't censor its search results in china,google china,gmail accounts,high
q_000722,d_000351,1.0,1.0,google shouldn't censor its search results in china,google china,google,high
q_000722,d_000352,0.9,0.9,google shouldn't censor its search results in china,google china,google search,high
q_000722,d_000738,0.9,0.9,google shouldn't censor its search results in china,google china,search results,high
q_000723,d_000351,0.9,0.9,google shouldn't censor its search results in china,google search,google,high
q_000723,d_000738,0.8,0.8,google shouldn't censor its search results in china,google search,search results,high
q_000724,d_000108,0.75,0.75,google shouldn't censor its search results in china,google's search engine,censor,high
q_000724,d_000122,0.7,0.7,google shouldn't censor its search results in china,google's search engine,chinese authorities,high
q_000724,d_000351,1.0,1.0,google shouldn't censor its search results in china,google's search engine,google,high
q_000724,d_000738,1.0,1.0,google shouldn't censor its search results in china,google's search engine,search results,high
q_000724,d_000892,0.7,0.7,google shouldn't censor its search results in china,google's search engine,web companies,high
q_000726,d_000053,1.0,1.0,europe should weaken its austerity measures to guarantee its citizens greater social support,government deficit,austerity measures,high
q_000728,d_000151,1.0,1.0,congressional earmarks should be abolished,government spending,congressional earmarks,high
q_000728,d_000825,0.9,0.9,congressional earmarks should be abolished,government spending,tea party movement,high
q_000730,d_000357,1.0,1.0,the monarchy should be abolished,governor general,governor,high
q_000730,d_000515,0.9,0.9,the monarchy should be abolished,governor general,monarchy,high
q_000734,d_000449,1.0,1.0,the sale of violent video games to minors should be banned,grand theft auto,kutner and olson,high
q_000734,d_000625,1.0,1.0,the sale of violent video games to minors should be banned,grand theft auto,playing video games,high
q_000734,d_000871,0.7,0.7,the sale of violent video games to minors should be banned,grand theft auto,video game sales,high
q_000734,d_000875,1.0,1.0,the sale of violent video games to minors should be banned,grand theft auto,violent video games,high
q_000735,d_000714,1.0,1.0,the right to asylum should not be absolute,granted asylum,right to asylum,high
q_000739,d_000108,0.9,0.9,google shouldn't censor its search results in china,great firewall,censor,high
q_000739,d_000120,1.0,1.0,google shouldn't censor its search results in china,great firewall,china,high
q_000739,d_000351,0.7,0.7,google shouldn't censor its search results in china,great firewall,google,high
q_000739,d_000738,0.7,0.7,google shouldn't censor its search results in china,great firewall,search results,high
q_000740,d_000018,0.8,0.8,the american jobs act should be passed,great recession,american jobs act,high
q_000741,d_000053,0.7,0.7,europe should weaken its austerity measures to guarantee its citizens greater social support,greece,austerity measures,high
q_000741,d_000286,0.9,0.9,europe should weaken its austerity measures to guarantee its citizens greater social support,greece,europe,high
q_000741,d_000692,0.7,0.7,europe should weaken its austerity measures to guarantee its citizens greater social support,greece,recession,high
q_000741,d_000778,0.8,0.8,europe should weaken its austerity measures to guarantee its citizens greater social support,greece,sovereign default,high
q_000742,d_000053,0.7,0.7,europe should weaken its austerity measures to guarantee its citizens greater social support,greek,austerity measures,high
q_000742,d_000192,0.8,0.8,europe should weaken its austerity measures to guarantee its citizens greater social support,greek,debts,high
q_000742,d_000286,0.8,0.8,europe should weaken its austerity measures to guarantee its citizens greater social support,greek,europe,high
q_000742,d_000777,0.7,0.7,europe should weaken its austerity measures to guarantee its citizens greater social support,greek,sovereign debt,high
q_000743,d_000053,1.0,1.0,europe should weaken its austerity measures to guarantee its citizens greater social support,greek debt,austerity measures,high
q_000743,d_000191,0.9,0.9,europe should weaken its austerity measures to guarantee its citizens greater social support,greek debt,debt swap,high
q_000743,d_000286,0.9,0.9,europe should weaken its austerity measures to guarantee its citizens greater social support,greek debt,europe,high
q_000743,d_000374,0.9,0.9,europe should weaken its austerity measures to guarantee its citizens greater social support,greek debt,harsh austerity,high
q_000743,d_000778,0.9,0.9,europe should weaken its austerity measures to guarantee its citizens greater social support,greek debt,sovereign default,high
q_000744,d_000053,1.0,1.0,europe should weaken its austerity measures to guarantee its citizens greater social support,greek government,austerity measures,high
q_000744,d_000286,0.9,0.9,europe should weaken its austerity measures to guarantee its citizens greater social support,greek government,europe,high
q_000744,d_000471,0.7,0.7,europe should weaken its austerity measures to guarantee its citizens greater social support,greek government,loan,high
q_000744,d_000777,0.7,0.7,europe should weaken its austerity measures to guarantee its citizens greater social support,greek government,sovereign debt,high
q_000744,d_000778,0.9,0.9,europe should weaken its austerity measures to guarantee its citizens greater social support,greek government,sovereign default,high
q_000745,d_000192,0.8,0.8,europe should weaken its austerity measures to guarantee its citizens greater social support,greek government bonds,debts,high
q_000745,d_000286,0.8,0.8,europe should weaken its austerity measures to guarantee its citizens greater social support,greek government bonds,europe,high
q_000745,d_000913,0.7,0.7,europe should weaken its austerity measures to guarantee its citizens greater social support,greek government bonds,year bonds,high
q_000746,d_000053,1.0,1.0,europe should weaken its austerity measures to guarantee its citizens greater social support,greek government debt,austerity measures,high
q_000746,d_000088,0.8,0.8,europe should weaken its austerity measures to guarantee its citizens greater social support,greek government debt,budget,high
q_000746,d_000249,0.9,0.9,europe should weaken its austerity measures to guarantee its citizens greater social support,greek government debt,economy,high
q_000746,d_000286,0.9,0.9,europe should weaken its austerity measures to guarantee its citizens greater social support,greek government debt,europe,high
q_000746,d_000774,0.7,0.7,europe should weaken its austerity measures to guarantee its citizens greater social support,greek government debt,social support,high
q_000747,d_000053,0.7,0.7,europe should weaken its austerity measures to guarantee its citizens greater social support,greek governmental bonds,austerity measures,high
q_000747,d_000249,0.8,0.8,europe should weaken its austerity measures to guarantee its citizens greater social support,greek governmental bonds,economy,high
q_000747,d_000286,0.8,0.8,europe should weaken its austerity measures to guarantee its citizens greater social support,greek governmental bonds,europe,high
q_000747,d_000355,0.9,0.9,europe should weaken its austerity measures to guarantee its citizens greater social support,greek governmental bonds,government deficit,high
q_000747,d_000913,0.7,0.7,europe should weaken its austerity measures to guarantee its citizens greater social support,greek governmental bonds,year bonds,high
q_000748,d_000263,0.8,0.8,wind power should be a primary focus of future energy supply,greenhouse gas emissions,electricity generation,high
q_000748,d_000439,0.8,0.8,the keystone xl pipeline should be built,greenhouse gas emissions,keystone xl pipeline,high
q_000749,d_000439,0.8,0.8,the keystone xl pipeline should be built,greenhouse gases,keystone xl pipeline,high
q_000750,d_000277,0.7,0.7,wind power should be a primary focus of future energy supply,grid,energy supply,high
q_000751,d_000140,0.8,0.8,all collective bargaining rights claimed by trades unions should be abolished,group of workers,collective bargaining rights,high
q_000751,d_000590,0.8,0.8,all collective bargaining rights claimed by trades unions should be abolished,group of workers,organize,high
q_000751,d_000763,0.7,0.7,all collective bargaining rights claimed by trades unions should be abolished,group of workers,skilled workers,high
q_000751,d_000839,0.8,0.8,all collective bargaining rights claimed by trades unions should be abolished,group of workers,trades unions,high
q_000753,d_000612,1.0,1.0,the use of performance enhancing drugs in professional sports should be permitted,growth hormone,performance enhancing drugs,high
q_000753,d_000654,0.9,0.9,the use of performance enhancing drugs in professional sports should be permitted,growth hormone,professional sports,high
q_000754,d_000009,0.8,0.8,the use of affirmative action is justified,grutter v bollinger,affirmative action,high
q_000756,d_000082,0.9,0.9,boxing should be banned,guard position,boxing,high
q_000757,d_000023,0.9,0.9,the leaking of military documents by anat kamm is justified,haaretz,anat kamm,high
q_000758,d_000273,0.9,0.9,endangered species should be protected,habitat,endangered species,high
q_000759,d_000273,1.0,1.0,endangered species should be protected,habitat destruction,endangered species,high
q_000760,d_000273,1.0,1.0,endangered species should be protected,habitat loss,endangered species,high
q_000763,d_000082,0.8,0.8,boxing should be banned,hand,boxing,high
q_000764,d_000053,1.0,1.0,europe should weaken its austerity measures to guarantee its citizens greater social support,harsh austerity,austerity measures,high
q_000764,d_000129,0.7,0.7,europe should weaken its austerity measures to guarantee its citizens greater social support,harsh austerity,citizens,high
q_000764,d_000774,0.9,0.9,europe should weaken its austerity measures to guarantee its citizens greater social support,harsh austerity,social support,high
q_000765,d_000083,0.8,0.8,it is sometimes right for the government to restrict freedom of speech,hate speech,brandenburg v ohio,high
q_000765,d_000195,0.8,0.8,it is sometimes right for the government to restrict freedom of speech,hate speech,defamation laws,high
q_000765,d_000196,0.7,0.7,it is sometimes right for the government to restrict freedom of speech,hate speech,defamatory,high
q_000765,d_000326,1.0,1.0,it is sometimes right for the government to restrict freedom of speech,hate speech,freedom of speech,high
q_000766,d_000069,0.7,0.7,the monarchy should be abolished,head of state,bi partisan appointment,high
q_000766,d_000255,0.9,0.9,the monarchy should be abolished,head of state,elected,high
q_000766,d_000260,0.9,0.9,the monarchy should be abolished,head of state,elective monarchy,high
q_000766,d_000515,1.0,1.0,the monarchy should be abolished,head of state,monarchy,high
q_000768,d_000834,0.7,0.7,states should not subsidize the growing of tobacco,health care costs,tobacco consumption,high
q_000769,d_000560,0.9,0.9,the us is justified in using force to prevent states from acquiring nuclear weapons,heavy water,nuclear weapons,high
q_000770,d_000515,1.0,1.0,the monarchy should be abolished,hereditary monarchy,monarchy,high
q_000771,d_000914,0.8,0.8,year round schooling should be introduced,high school,year round schooling,high
q_000772,d_000250,1.0,1.0,education should be funded using a voucher scheme,higher education,education,high
q_000773,d_000140,0.9,0.9,all collective bargaining rights claimed by trades unions should be abolished,higher wages,collective bargaining rights,high
q_000773,d_000839,0.9,0.9,all collective bargaining rights claimed by trades unions should be abolished,higher wages,trades unions,high
q_000773,d_000909,0.9,0.9,housewives should be paid for their work,higher wages,work,high
q_000774,d_000560,1.0,1.0,the us is justified in using force to prevent states from acquiring nuclear weapons,highly enriched uranium,nuclear weapons,high
q_000776,d_000560,0.8,0.8,all nations have a right to nuclear weapons,hiroshima and nagasaki,nuclear weapons,high
q_000777,d_000066,1.0,1.0,the catholic church is justified in forbidding the use of barrier methods of contraception,hiv,barrier methods of contraception,high
q_000777,d_000161,0.8,0.8,the catholic church is justified in forbidding the use of barrier methods of contraception,hiv,contraceptives,high
q_000777,d_000750,1.0,1.0,the catholic church is justified in forbidding the use of barrier methods of contraception,hiv,sexually transmitted disease,high
q_000778,d_000066,0.8,0.8,the catholic church is justified in forbidding the use of barrier methods of contraception,hiv and aids,barrier methods of contraception,high
q_000779,d_000711,0.7,0.7,year round schooling should be introduced,holidays,returning to school,high
q_000779,d_000914,0.7,0.7,year round schooling should be introduced,holidays,year round schooling,high
q_000783,d_000515,0.9,0.9,the monarchy should be abolished,holy roman empire,monarchy,high
q_000784,d_000391,1.0,1.0,housewives should be paid for their work,home,housewives,high
q_000788,d_000120,1.0,1.0,google shouldn't censor its search results in china,hong kong,china,high
q_000788,d_000120,1.0,1.0,the one-child policy of china is justified,hong kong,china,high
q_000788,d_000631,0.7,0.7,the one-child policy of china is justified,hong kong,population density,high
q_000789,d_000082,0.9,0.9,boxing should be banned,hooks and uppercuts,boxing,high
q_000790,d_000612,1.0,1.0,the use of performance enhancing drugs in professional sports should be permitted,hormone,performance enhancing drugs,high
q_000791,d_000612,1.0,1.0,the use of performance enhancing drugs in professional sports should be permitted,hormones,performance enhancing drugs,high
q_000791,d_000654,0.7,0.7,the use of performance enhancing drugs in professional sports should be permitted,hormones,professional sports,high
q_000793,d_000151,0.7,0.7,congressional earmarks should be abolished,house appropriations committee,congressional earmarks,high
q_000796,d_000072,0.9,0.9,congressional earmarks should be abolished,house of representatives,bill,high
q_000796,d_000151,0.7,0.7,congressional earmarks should be abolished,house of representatives,congressional earmarks,high
q_000797,d_000303,1.0,1.0,housewives should be paid for their work,household,family,high
q_000797,d_000384,1.0,1.0,housewives should be paid for their work,household,home,high
q_000797,d_000391,1.0,1.0,housewives should be paid for their work,household,housewives,high
q_000797,d_000909,0.8,0.8,housewives should be paid for their work,household,work,high
q_000798,d_000151,0.9,0.9,congressional earmarks should be abolished,houses of congress,congressional earmarks,high
q_000801,d_000125,0.8,0.8,parents should be allowed to genetically screen fetuses for heritable diseases,human genetic engineering,chromosomes,high
q_000801,d_000314,0.8,0.8,parents should be allowed to genetically screen fetuses for heritable diseases,human genetic engineering,fetuses,high
q_000801,d_000378,0.8,0.8,parents should be allowed to genetically screen fetuses for heritable diseases,human genetic engineering,heritable diseases,high
q_000803,d_000612,1.0,1.0,the use of performance enhancing drugs in professional sports should be permitted,human growth hormone,performance enhancing drugs,high
q_000803,d_000654,0.7,0.7,the use of performance enhancing drugs in professional sports should be permitted,human growth hormone,professional sports,high
q_000805,d_000326,1.0,1.0,it is sometimes right for the government to restrict freedom of speech,human rights,freedom of speech,high
q_000805,d_000716,1.0,1.0,it is sometimes right for the government to restrict freedom of speech,human rights,rights of man,high
q_000806,d_000526,1.0,1.0,us should re-engage myanmar,human rights abuses,myanmar,high
q_000807,d_000140,0.7,0.7,all collective bargaining rights claimed by trades unions should be abolished,human rights held,collective bargaining rights,high
q_000808,d_000526,0.8,0.8,us should re-engage myanmar,human rights organizations,myanmar,high
q_000809,d_000104,0.9,0.9,the catholic church is justified in forbidding the use of barrier methods of contraception,humanae vitae,catholic church,high
q_000811,d_000028,1.0,1.0,exploitation of the antarctic continent should be ceased,ice,antarctic continent,high
q_000812,d_000028,0.8,0.8,exploitation of the antarctic continent should be ceased,ice sheet,antarctic continent,high
q_000813,d_000028,0.8,0.8,exploitation of the antarctic continent should be ceased,ice shelf,antarctic continent,high
q_000814,d_000618,1.0,1.0,democratic governments should require voters to present photo identification at the polling station,identification,photo identification,high
q_000814,d_000880,0.7,0.7,democratic governments should require voters to present photo identification at the polling station,identification,voters,high
q_000816,d_000714,0.9,0.9,the right to asylum should not be absolute,illegal entrant,right to asylum,high
q_000817,d_000360,0.9,0.9,the right to asylum should not be absolute,illegal entrants,granted asylum,high
q_000817,d_000695,0.9,0.9,the right to asylum should not be absolute,illegal entrants,refugee camps,high
q_000817,d_000714,1.0,1.0,the right to asylum should not be absolute,illegal entrants,right to asylum,high
q_000818,d_000331,1.0,1.0,gambling should be banned,illegal gambling,gambling,high
q_000818,d_000579,1.0,1.0,gambling should be banned,illegal gambling,online casinos,high
q_000819,d_000695,0.8,0.8,the right to asylum should not be absolute,illegal immigrants,refugee camps,high
q_000819,d_000714,0.9,0.9,the right to asylum should not be absolute,illegal immigrants,right to asylum,high
q_000820,d_000053,0.7,0.7,europe should weaken its austerity measures to guarantee its citizens greater social support,imf,austerity measures,high
q_000820,d_000778,0.7,0.7,europe should weaken its austerity measures to guarantee its citizens greater social support,imf,sovereign default,high
q_000821,d_000398,1.0,1.0,the right to asylum should not be absolute,immigrants,illegal entrant,high
q_000821,d_000714,1.0,1.0,the right to asylum should not be absolute,immigrants,right to asylum,high
q_000822,d_000714,0.9,0.9,the right to asylum should not be absolute,immigration,right to asylum,high
q_000823,d_000144,0.8,0.8,the right to asylum should not be absolute,immigration control,committee for refugees,high
q_000823,d_000318,0.8,0.8,the right to asylum should not be absolute,immigration control,foreign national,high
q_000823,d_000714,1.0,1.0,the right to asylum should not be absolute,immigration control,right to asylum,high
q_000824,d_000714,0.9,0.9,the right to asylum should not be absolute,immigration officers,right to asylum,high
q_000825,d_000633,0.7,0.7,the right to asylum should not be absolute,immigration service,ports of entry,high
q_000825,d_000714,0.9,0.9,the right to asylum should not be absolute,immigration service,right to asylum,high
q_000826,d_000714,0.7,0.7,the right to asylum should not be absolute,immigration service enforcement,right to asylum,high
q_000827,d_000326,0.8,0.8,it is sometimes right for the government to restrict freedom of speech,imminent lawless action,freedom of speech,high
q_000828,d_000451,0.7,0.7,the american jobs act should be passed,income,labour market,high
q_000829,d_000490,0.8,0.8,the american jobs act should be passed,income tax,median household income,high
q_000832,d_000326,1.0,1.0,it is sometimes right for the government to restrict freedom of speech,index on censorship,freedom of speech,high
q_000833,d_000560,0.7,0.7,the us is justified in using force to prevent states from acquiring nuclear weapons,india and pakistan,nuclear weapons,high
q_000833,d_000791,0.8,0.8,the us is justified in using force to prevent states from acquiring nuclear weapons,india and pakistan,states,high
q_000838,d_000839,0.8,0.8,all collective bargaining rights claimed by trades unions should be abolished,industrial organizations,trades unions,high
q_000839,d_000140,0.9,0.9,all collective bargaining rights claimed by trades unions should be abolished,industrial union,collective bargaining rights,high
q_000839,d_000349,0.7,0.7,all collective bargaining rights claimed by trades unions should be abolished,industrial union,gompers,high
q_000839,d_000839,0.9,0.9,all collective bargaining rights claimed by trades unions should be abolished,industrial union,trades unions,high
q_000839,d_000910,0.7,0.7,all collective bargaining rights claimed by trades unions should be abolished,industrial union,working,high
q_000840,d_000140,1.0,1.0,all collective bargaining rights claimed by trades unions should be abolished,industrial unionism,collective bargaining rights,high
q_000840,d_000175,1.0,1.0,all collective bargaining rights claimed by trades unions should be abolished,industrial unionism,craft union,high
q_000840,d_000839,1.0,1.0,all collective bargaining rights claimed by trades unions should be abolished,industrial unionism,trades unions,high
q_000844,d_000133,0.7,0.7,the leaking of military documents by anat kamm is justified,information,classification,high
q_000844,d_000217,0.7,0.7,the leaking of military documents by anat kamm is justified,information,disclosure,high
q_000844,d_000414,0.8,0.8,the leaking of military documents by anat kamm is justified,information,intelligence service,high
q_000844,d_000459,0.9,0.9,the leaking of military documents by anat kamm is justified,information,leak,high
q_000844,d_000460,0.8,0.8,the leaking of military documents by anat kamm is justified,information,leaking,high
q_000844,d_000504,0.9,0.9,the leaking of military documents by anat kamm is justified,information,military documents,high
q_000844,d_000898,0.8,0.8,the leaking of military documents by anat kamm is justified,information,wikileaks released,high
q_000845,d_000413,0.9,0.9,intellectual property rights should be abolished,infringement,intellectual property rights,high
q_000846,d_000082,0.8,0.8,boxing should be banned,injury,boxing,high
q_000850,d_000095,1.0,1.0,open primaries are the most effective method of selecting candidates for elections,instant runoff voting,candidates,high
q_000850,d_000258,1.0,1.0,open primaries are the most effective method of selecting candidates for elections,instant runoff voting,elections,high
q_000850,d_000582,0.8,0.8,open primaries are the most effective method of selecting candidates for elections,instant runoff voting,open primaries,high
q_000850,d_000760,1.0,1.0,open primaries are the most effective method of selecting candidates for elections,instant runoff voting,single winner,high
q_000852,d_000413,0.8,0.8,intellectual property rights should be abolished,intellectual,intellectual property rights,high
q_000853,d_000413,1.0,1.0,intellectual property rights should be abolished,intellectual property,intellectual property rights,high
q_000853,d_000603,1.0,1.0,intellectual property rights should be abolished,intellectual property,patent rights,high
q_000854,d_000408,1.0,1.0,intellectual property rights should be abolished,intellectual property law,infringement,high
q_000854,d_000413,1.0,1.0,intellectual property rights should be abolished,intellectual property law,intellectual property rights,high
q_000854,d_000657,0.9,0.9,intellectual property rights should be abolished,intellectual property law,property systems,high
q_000854,d_000667,0.8,0.8,intellectual property rights should be abolished,intellectual property law,public property,high
q_000855,d_000413,1.0,1.0,intellectual property rights should be abolished,intellectual property laws,intellectual property rights,high
q_000855,d_000907,0.9,0.9,intellectual property rights should be abolished,intellectual property laws,wipo,high
q_000856,d_000413,1.0,1.0,intellectual property rights should be abolished,intellectual property rights,intellectual property rights,high
q_000856,d_000602,1.0,1.0,intellectual property rights should be abolished,intellectual property rights,patent laws,high
q_000857,d_000504,0.8,0.8,the leaking of military documents by anat kamm is justified,intelligence service,military documents,high
q_000858,d_000066,1.0,1.0,the catholic church is justified in forbidding the use of barrier methods of contraception,intercourse,barrier methods of contraception,high
q_000859,d_000903,0.7,0.7,wind power should be a primary focus of future energy supply,intermittency,wind power,high
q_000863,d_000839,0.9,0.9,all collective bargaining rights claimed by trades unions should be abolished,international labour conference,trades unions,high
q_000865,d_000839,0.7,0.7,all collective bargaining rights claimed by trades unions should be abolished,international labour standards,trades unions,high
q_000868,d_000612,0.7,0.7,the use of performance enhancing drugs in professional sports should be permitted,international olympic committee,performance enhancing drugs,high
q_000868,d_000654,0.9,0.9,the use of performance enhancing drugs in professional sports should be permitted,international olympic committee,professional sports,high
q_000870,d_000714,1.0,1.0,the right to asylum should not be absolute,international refugee organization,right to asylum,high
q_000871,d_000108,0.9,0.9,google shouldn't censor its search results in china,internet,censor,high
q_000871,d_000346,0.9,0.9,google shouldn't censor its search results in china,internet,gmail accounts,high
q_000871,d_000351,1.0,1.0,google shouldn't censor its search results in china,internet,google,high
q_000871,d_000352,1.0,1.0,google shouldn't censor its search results in china,internet,google search,high
q_000871,d_000363,1.0,1.0,google shouldn't censor its search results in china,internet,great firewall,high
q_000871,d_000423,1.0,1.0,google shouldn't censor its search results in china,internet,internet security,high
q_000871,d_000738,0.9,0.9,google shouldn't censor its search results in china,internet,search results,high
q_000871,d_000892,0.9,0.9,google shouldn't censor its search results in china,internet,web companies,high
q_000872,d_000108,1.0,1.0,google shouldn't censor its search results in china,internet censorship,censor,high
q_000872,d_000120,1.0,1.0,google shouldn't censor its search results in china,internet censorship,china,high
q_000872,d_000351,0.8,0.8,google shouldn't censor its search results in china,internet censorship,google,high
q_000872,d_000352,1.0,1.0,google shouldn't censor its search results in china,internet censorship,google search,high
q_000872,d_000738,0.9,0.9,google shouldn't censor its search results in china,internet censorship,search results,high
q_000872,d_000921,0.8,0.8,google shouldn't censor its search results in china,internet censorship,youtube,high
q_000873,d_000331,1.0,1.0,gambling should be banned,internet gambling,gambling,high
q_000874,d_000108,0.7,0.7,google shouldn't censor its search results in china,internet security,censor,high
q_000874,d_000351,0.8,0.8,google shouldn't censor its search results in china,internet security,google,high
q_000875,d_000346,0.7,0.7,google shouldn't censor its search results in china,internet users,gmail accounts,high
q_000875,d_000351,0.9,0.9,google shouldn't censor its search results in china,internet users,google,high
q_000875,d_000352,0.9,0.9,google shouldn't censor its search results in china,internet users,google search,high
q_000875,d_000423,0.7,0.7,google shouldn't censor its search results in china,internet users,internet security,high
q_000875,d_000865,0.9,0.9,google shouldn't censor its search results in china,internet users,user,high
q_000877,d_000424,1.0,1.0,parents should be allowed to genetically screen fetuses for heritable diseases,invasive,invasive procedure,high
q_000877,d_000426,1.0,1.0,parents should be allowed to genetically screen fetuses for heritable diseases,invasive,invasive test,high
q_000877,d_000637,0.7,0.7,parents should be allowed to genetically screen fetuses for heritable diseases,invasive,prenatal testing,high
q_000878,d_000341,0.7,0.7,parents should be allowed to genetically screen fetuses for heritable diseases,invasive procedure,genetic screening,high
q_000879,d_000273,0.7,0.7,endangered species should be protected,invasive species,endangered species,high
q_000880,d_000341,0.7,0.7,parents should be allowed to genetically screen fetuses for heritable diseases,invasive test,genetic screening,high
q_000881,d_000341,0.7,0.7,parents should be allowed to genetically screen fetuses for heritable diseases,invasive testing,genetic screening,high
q_000882,d_000363,0.7,0.7,google shouldn't censor its search results in china,ip address,great firewall,high
q_000883,d_000536,0.7,0.7,all nations have a right to nuclear weapons,iran's nuclear program,nations,high
q_000883,d_000560,1.0,1.0,all nations have a right to nuclear weapons,iran's nuclear program,nuclear weapons,high
q_000884,d_000028,0.8,0.8,exploitation of the antarctic continent should be ceased,island,antarctic continent,high
q_000886,d_000273,0.9,0.9,endangered species should be protected,iucn red list,endangered species,high
q_000887,d_000254,0.9,0.9,parents should be allowed to genetically screen fetuses for heritable diseases,ivf,egg,high
q_000887,d_000314,0.9,0.9,parents should be allowed to genetically screen fetuses for heritable diseases,ivf,fetuses,high
q_000887,d_000341,0.7,0.7,parents should be allowed to genetically screen fetuses for heritable diseases,ivf,genetic screening,high
q_000889,d_000009,0.8,0.8,the use of affirmative action is justified,jim crow,affirmative action,high
q_000890,d_000009,0.8,0.8,the use of affirmative action is justified,jim crow laws,affirmative action,high
q_000891,d_000018,1.0,1.0,the american jobs act should be passed,jobs,american jobs act,high
q_000891,d_000909,1.0,1.0,housewives should be paid for their work,jobs,work,high
q_000892,d_000018,1.0,1.0,the american jobs act should be passed,jobs created,american jobs act,high
q_000893,d_000018,1.0,1.0,the american jobs act should be passed,jobs lost,american jobs act,high
q_000893,d_000364,0.9,0.9,the american jobs act should be passed,jobs lost,great recession,high
q_000894,d_000082,0.9,0.9,boxing should be banned,joe frazier,boxing,high
q_000894,d_000446,0.7,0.7,boxing should be banned,joe frazier,knockout,high
q_000895,d_000082,1.0,1.0,boxing should be banned,john l sullivan,boxing,high
q_000896,d_000413,0.7,0.7,intellectual property rights should be abolished,john locke,intellectual property rights,high
q_000898,d_000104,0.9,0.9,the catholic church is justified in forbidding the use of barrier methods of contraception,john paul,catholic church,high
q_000898,d_000787,0.7,0.7,the catholic church is justified in forbidding the use of barrier methods of contraception,john paul,st peter's,high
q_000899,d_000104,0.9,0.9,the catholic church is justified in forbidding the use of barrier methods of contraception,john paul ii,catholic church,high
q_000899,d_000605,0.9,0.9,the catholic church is justified in forbidding the use of barrier methods of contraception,john paul ii,paul vi,high
q_000900,d_000104,1.0,1.0,the catholic church is justified in forbidding the use of barrier methods of contraception,john paul ii's,catholic church,high
q_000901,d_000175,0.8,0.8,all collective bargaining rights claimed by trades unions should be abolished,join a union,craft union,high
q_000901,d_000839,0.9,0.9,all collective bargaining rights claimed by trades unions should be abolished,join a union,trades unions,high
q_000902,d_000560,0.7,0.7,the us is justified in using force to prevent states from acquiring nuclear weapons,joined the npt,nuclear weapons,high
q_000902,d_000791,0.7,0.7,the us is justified in using force to prevent states from acquiring nuclear weapons,joined the npt,states,high
q_000902,d_000863,1.0,1.0,the us is justified in using force to prevent states from acquiring nuclear weapons,joined the npt,us,high
q_000904,d_000189,0.9,0.9,the leaking of military documents by anat kamm is justified,julian assange,daniel domscheit berg,high
q_000904,d_000217,0.7,0.7,the leaking of military documents by anat kamm is justified,julian assange,disclosure,high
q_000904,d_000460,0.9,0.9,the leaking of military documents by anat kamm is justified,julian assange,leaking,high
q_000907,d_000395,0.8,0.8,us should re-engage myanmar,junta,human rights abuses,high
q_000907,d_000526,1.0,1.0,us should re-engage myanmar,junta,myanmar,high
q_000910,d_000526,1.0,1.0,us should re-engage myanmar,kachin state,myanmar,high
q_000911,d_000526,1.0,1.0,us should re-engage myanmar,kenji nagai,myanmar,high
q_000912,d_000439,1.0,1.0,the keystone xl pipeline should be built,keystone pipeline,keystone xl pipeline,high
q_000913,d_000439,1.0,1.0,the keystone xl pipeline should be built,keystone xl,keystone xl pipeline,high
q_000914,d_000075,0.8,0.8,the keystone xl pipeline should be built,keystone xl pipeline,bituminous sands,high
q_000914,d_000439,1.0,1.0,the keystone xl pipeline should be built,keystone xl pipeline,keystone xl pipeline,high
q_000915,d_000738,1.0,1.0,google shouldn't censor its search results in china,keywords,search results,high
q_000916,d_000086,0.7,0.7,bribery is sometimes acceptable,kickbacks,bribery,high
q_000917,d_000560,0.9,0.9,all nations have a right to nuclear weapons,kilotons of tnt,nuclear weapons,high
q_000918,d_000277,0.7,0.7,wind power should be a primary focus of future energy supply,kilowatt hour,energy supply,high
q_000919,d_000515,1.0,1.0,the monarchy should be abolished,king,monarchy,high
q_000920,d_000515,1.0,1.0,the monarchy should be abolished,king is dead,monarchy,high
q_000922,d_000140,0.7,0.7,all collective bargaining rights claimed by trades unions should be abolished,knights of labor,collective bargaining rights,high
q_000922,d_000839,0.7,0.7,all collective bargaining rights claimed by trades unions should be abolished,knights of labor,trades unions,high
q_000926,d_000875,1.0,1.0,the sale of violent video games to minors should be banned,kutner and olson,violent video games,high
q_000927,d_000140,0.8,0.8,all collective bargaining rights claimed by trades unions should be abolished,labor,collective bargaining rights,high
q_000927,d_000839,0.9,0.9,all collective bargaining rights claimed by trades unions should be abolished,labor,trades unions,high
q_000929,d_000140,0.9,0.9,all collective bargaining rights claimed by trades unions should be abolished,labour,collective bargaining rights,high
q_000929,d_000452,1.0,1.0,all collective bargaining rights claimed by trades unions should be abolished,labour,labour relations,high
q_000929,d_000839,0.9,0.9,all collective bargaining rights claimed by trades unions should be abolished,labour,trades unions,high
q_000930,d_000018,0.9,0.9,the american jobs act should be passed,labour market,american jobs act,high
q_000931,d_000839,0.7,0.7,all collective bargaining rights claimed by trades unions should be abolished,labour relations,trades unions,high
q_000932,d_000526,0.9,0.9,us should re-engage myanmar,lan na,myanmar,high
q_000933,d_000277,0.8,0.8,wind power should be a primary focus of future energy supply,largest wind farm,energy supply,high
q_000933,d_000903,0.9,0.9,wind power should be a primary focus of future energy supply,largest wind farm,wind power,high
q_000934,d_000331,1.0,1.0,gambling should be banned,las vegas,gambling,high
q_000938,d_000227,1.0,1.0,the right to asylum should not be absolute,law on refugees,displaced people,high
q_000938,d_000714,1.0,1.0,the right to asylum should not be absolute,law on refugees,right to asylum,high
q_000939,d_000082,0.9,0.9,boxing should be banned,lead hand,boxing,high
q_000939,d_000661,0.7,0.7,boxing should be banned,lead hand,protect the body,high
q_000940,d_000654,0.9,0.9,the use of performance enhancing drugs in professional sports should be permitted,league,professional sports,high
q_000942,d_000023,1.0,1.0,the leaking of military documents by anat kamm is justified,leak,anat kamm,high
q_000942,d_000460,1.0,1.0,the leaking of military documents by anat kamm is justified,leak,leaking,high
q_000942,d_000504,0.8,0.8,the leaking of military documents by anat kamm is justified,leak,military documents,high
q_000943,d_000733,0.7,0.7,the school leaving age should be raised to 18,learning,school leaving age,high
q_000948,d_000009,0.8,0.8,the use of affirmative action is justified,level playing field,affirmative action,high
q_000951,d_000137,0.7,0.7,it is sometimes right for the government to restrict freedom of speech,libel,coarse language,high
q_000951,d_000326,0.9,0.9,it is sometimes right for the government to restrict freedom of speech,libel,freedom of speech,high
q_000952,d_000229,0.7,0.7,parents should be allowed to genetically screen fetuses for heritable diseases,liberal eugenics,dna,high
q_000952,d_000314,0.7,0.7,parents should be allowed to genetically screen fetuses for heritable diseases,liberal eugenics,fetuses,high
q_000952,d_000341,0.8,0.8,parents should be allowed to genetically screen fetuses for heritable diseases,liberal eugenics,genetic screening,high
q_000952,d_000378,0.8,0.8,parents should be allowed to genetically screen fetuses for heritable diseases,liberal eugenics,heritable diseases,high
q_000954,d_000413,0.8,0.8,intellectual property rights should be abolished,license,intellectual property rights,high
q_000956,d_000365,0.7,0.7,states should not subsidize the growing of tobacco,light cigarettes,growing of tobacco,high
q_000957,d_000260,0.8,0.8,the monarchy should be abolished,line of succession,elective monarchy,high
q_000957,d_000515,0.9,0.9,the monarchy should be abolished,line of succession,monarchy,high
q_000958,d_000439,0.9,0.9,the keystone xl pipeline should be built,liquid pipelines,keystone xl pipeline,high
q_000959,d_000314,0.9,0.9,parents should be allowed to genetically screen fetuses for heritable diseases,live birth,fetuses,high
q_000959,d_000595,0.8,0.8,parents should be allowed to genetically screen fetuses for heritable diseases,live birth,parents,high
q_000960,d_000314,0.8,0.8,parents should be allowed to genetically screen fetuses for heritable diseases,live birth rate,fetuses,high
q_000963,d_000250,1.0,1.0,education should be funded using a voucher scheme,local public schools,education,high
q_000963,d_000883,0.8,0.8,education should be funded using a voucher scheme,local public schools,voucher scheme,high
q_000964,d_000250,1.0,1.0,education should be funded using a voucher scheme,local school district,education,high
q_000965,d_000250,1.0,1.0,education should be funded using a voucher scheme,local school districts,education,high
q_000967,d_000273,1.0,1.0,endangered species should be protected,loss of biodiversity,endangered species,high
q_000967,d_000370,1.0,1.0,endangered species should be protected,loss of biodiversity,habitat loss,high
q_000967,d_000811,0.8,0.8,endangered species should be protected,loss of biodiversity,sustainability,high
q_000968,d_000082,0.9,0.9,boxing should be banned,loss of consciousness,boxing,high
q_000969,d_000331,0.8,0.8,gambling should be banned,lotteries,gambling,high
q_000970,d_000331,0.9,0.9,gambling should be banned,lottery,gambling,high
q_000970,d_000332,0.8,0.8,gambling should be banned,lottery,gambling industry,high
q_000971,d_000068,1.0,1.0,gambling should be banned,lottery ticket,bet,high
q_000971,d_000331,0.9,0.9,gambling should be banned,lottery ticket,gambling,high
q_000971,d_000885,0.9,0.9,gambling should be banned,lottery ticket,wagering,high
q_000972,d_000331,0.8,0.8,gambling should be banned,lotto,gambling,high
q_000973,d_000909,1.0,1.0,housewives should be paid for their work,low wages,work,high
q_000976,d_000771,0.8,0.8,states should not subsidize the growing of tobacco,lung cancer,smoking restrictions,high
q_000977,d_000120,1.0,1.0,the one-child policy of china is justified,macau,china,high
q_000978,d_000120,1.0,1.0,the one-child policy of china is justified,mainland china,china,high
q_000979,d_000120,0.9,0.9,google shouldn't censor its search results in china,mainland chinese,china,high
q_000980,d_000909,0.8,0.8,housewives should be paid for their work,mainstream economics,work,high
q_000981,d_000511,1.0,1.0,the use of performance enhancing drugs in professional sports should be permitted,major league baseball,mlb,high
q_000981,d_000654,1.0,1.0,the use of performance enhancing drugs in professional sports should be permitted,major league baseball,professional sports,high
q_000983,d_000095,0.8,0.8,open primaries are the most effective method of selecting candidates for elections,majority of votes,candidates,high
q_000983,d_000148,0.7,0.7,open primaries are the most effective method of selecting candidates for elections,majority of votes,condorcet methods,high
q_000983,d_000258,0.9,0.9,open primaries are the most effective method of selecting candidates for elections,majority of votes,elections,high
q_000983,d_000582,1.0,1.0,open primaries are the most effective method of selecting candidates for elections,majority of votes,open primaries,high
q_000983,d_000720,0.7,0.7,open primaries are the most effective method of selecting candidates for elections,majority of votes,round of counting,high
q_000983,d_000760,1.0,1.0,open primaries are the most effective method of selecting candidates for elections,majority of votes,single winner,high
q_000984,d_000210,1.0,1.0,opinion polls harm the democratic process,majority opinion,democratic process,high
q_000984,d_000585,0.9,0.9,opinion polls harm the democratic process,majority opinion,opinion polls,high
q_000988,d_000585,0.8,0.8,opinion polls harm the democratic process,margin of error,opinion polls,high
q_000989,d_000821,1.0,1.0,the american jobs act should be passed,marginal income tax,tax policy,high
q_000990,d_000516,0.7,0.7,housewives should be paid for their work,market work,monetary,high
q_000990,d_000909,0.9,0.9,housewives should be paid for their work,market work,work,high
q_000992,d_000273,1.0,1.0,endangered species should be protected,mass extinction events,endangered species,high
q_000994,d_000595,0.7,0.7,parents should be allowed to genetically screen fetuses for heritable diseases,maternal,parents,high
q_000995,d_000314,0.9,0.9,parents should be allowed to genetically screen fetuses for heritable diseases,maternal serum,fetuses,high
q_000995,d_000378,0.8,0.8,parents should be allowed to genetically screen fetuses for heritable diseases,maternal serum,heritable diseases,high
q_000996,d_000250,1.0,1.0,education should be funded using a voucher scheme,math,education,high
q_000999,d_000028,0.9,0.9,exploitation of the antarctic continent should be ceased,mcmurdo,antarctic continent,high
q_001002,d_000875,0.7,0.7,the sale of violent video games to minors should be banned,media,violent video games,high
q_001003,d_000746,0.7,0.7,the sale of violent video games to minors should be banned,media violence,sexual violence,high
q_001003,d_000872,0.7,0.7,the sale of violent video games to minors should be banned,media violence,violent acts,high
q_001003,d_000874,1.0,1.0,the sale of violent video games to minors should be banned,media violence,violent content,high
q_001003,d_000875,0.9,0.9,the sale of violent video games to minors should be banned,media violence,violent video games,high
q_001008,d_000839,1.0,1.0,all collective bargaining rights claimed by trades unions should be abolished,members,trades unions,high
q_001009,d_000151,0.9,0.9,congressional earmarks should be abolished,members of congress,congressional earmarks,high
q_001010,d_000839,1.0,1.0,all collective bargaining rights claimed by trades unions should be abolished,membership,trades unions,high
q_001011,d_000168,0.7,0.7,a mandatory retirement age should be used,memory,cortex,high
q_001014,d_000533,0.7,0.7,national service should be reintroduced,men,national service,high
q_001017,d_000009,0.7,0.7,the use of affirmative action is justified,meritocratic,affirmative action,high
q_001018,d_000046,0.8,0.8,atheism is the only way,metaphysical naturalism,atheism,high
q_001018,d_000293,0.8,0.8,atheism is the only way,metaphysical naturalism,existence and nature,high
q_001018,d_000736,0.8,0.8,atheism is the only way,metaphysical naturalism,science,high
q_001019,d_000591,0.7,0.7,exploitation of the antarctic continent should be ceased,meteorites,outer space,high
q_001020,d_000046,0.9,0.9,atheism is the only way,methodological naturalism,atheism,high
q_001021,d_000009,0.9,0.9,the use of affirmative action is justified,mexican american,affirmative action,high
q_001025,d_000168,0.8,0.8,a mandatory retirement age should be used,mild cognitive impairment,cortex,high
q_001025,d_000495,1.0,1.0,a mandatory retirement age should be used,mild cognitive impairment,memory loss,high
q_001026,d_000082,1.0,1.0,boxing should be banned,mild head injury,boxing,high
q_001026,d_000653,0.9,0.9,boxing should be banned,mild head injury,professional boxing,high
q_001027,d_000232,1.0,1.0,national service should be reintroduced,military,draft dodgers,high
q_001027,d_000504,1.0,1.0,the leaking of military documents by anat kamm is justified,military,military documents,high
q_001027,d_000533,1.0,1.0,national service should be reintroduced,military,national service,high
q_001027,d_000877,0.8,0.8,national service should be reintroduced,military,volunteer,high
q_001028,d_000533,1.0,1.0,national service should be reintroduced,military conscription,national service,high
q_001029,d_000526,1.0,1.0,us should re-engage myanmar,military government,myanmar,high
q_001030,d_000526,1.0,1.0,us should re-engage myanmar,military junta,myanmar,high
q_001031,d_000152,0.8,0.8,national service should be reintroduced,military recruitment,conscientious objection,high
q_001031,d_000533,0.9,0.9,national service should be reintroduced,military recruitment,national service,high
q_001032,d_000526,1.0,1.0,us should re-engage myanmar,military rulers,myanmar,high
q_001032,d_000697,0.9,0.9,us should re-engage myanmar,military rulers,regime,high
q_001033,d_000152,0.7,0.7,national service should be reintroduced,military service,conscientious objection,high
q_001033,d_000233,0.9,0.9,national service should be reintroduced,military service,draft law,high
q_001033,d_000533,1.0,1.0,national service should be reintroduced,military service,national service,high
q_001034,d_000533,1.0,1.0,national service should be reintroduced,military training,national service,high
q_001035,d_000018,0.8,0.8,the american jobs act should be passed,million jobs,american jobs act,high
q_001040,d_000053,0.9,0.9,europe should weaken its austerity measures to guarantee its citizens greater social support,minister of finance,austerity measures,high
q_001040,d_000089,0.8,0.8,europe should weaken its austerity measures to guarantee its citizens greater social support,minister of finance,budget deficit,high
q_001040,d_000249,0.8,0.8,europe should weaken its austerity measures to guarantee its citizens greater social support,minister of finance,economy,high
q_001040,d_000355,0.8,0.8,europe should weaken its austerity measures to guarantee its citizens greater social support,minister of finance,government deficit,high
q_001041,d_000507,1.0,1.0,the sale of violent video games to minors should be banned,minors,minors,high
q_001041,d_000875,0.7,0.7,the sale of violent video games to minors should be banned,minors,violent video games,high
q_001043,d_000551,0.9,0.9,all nations have a right to nuclear weapons,missile,nuclear explosion,high
q_001043,d_000560,1.0,1.0,all nations have a right to nuclear weapons,missile,nuclear weapons,high
q_001043,d_000560,0.9,0.9,the us is justified in using force to prevent states from acquiring nuclear weapons,missile,nuclear weapons,high
q_001044,d_000612,1.0,1.0,the use of performance enhancing drugs in professional sports should be permitted,mitchell report,performance enhancing drugs,high
q_001044,d_000654,0.9,0.9,the use of performance enhancing drugs in professional sports should be permitted,mitchell report,professional sports,high
q_001045,d_000082,0.7,0.7,boxing should be banned,mixed martial arts,boxing,high
q_001047,d_000082,1.0,1.0,boxing should be banned,modern boxing,boxing,high
q_001048,d_000413,1.0,1.0,intellectual property rights should be abolished,modern patent,intellectual property rights,high
q_001049,d_000009,0.8,0.8,the use of affirmative action is justified,modern symbolic prejudice,affirmative action,high
q_001050,d_000515,1.0,1.0,the monarchy should be abolished,monarch,monarchy,high
q_001051,d_000515,1.0,1.0,the monarchy should be abolished,monarch's,monarchy,high
q_001052,d_000003,1.0,1.0,the monarchy should be abolished,monarchies,absolute monarchy,high
q_001052,d_000515,1.0,1.0,the monarchy should be abolished,monarchies,monarchy,high
q_001053,d_000515,1.0,1.0,the monarchy should be abolished,monarchs,monarchy,high
q_001054,d_000055,1.0,1.0,the monarchy should be abolished,monarchy,australian republican movement,high
q_001054,d_000515,1.0,1.0,the monarchy should be abolished,monarchy,monarchy,high
q_001055,d_000909,0.7,0.7,housewives should be paid for their work,monetary,work,high
q_001056,d_000086,1.0,1.0,bribery is sometimes acceptable,money,bribery,high
q_001057,d_000086,0.7,0.7,bribery is sometimes acceptable,money laundering,bribery,high
q_001058,d_000526,0.9,0.9,us should re-engage myanmar,monks,myanmar,high
q_001059,d_000526,0.7,0.7,us should re-engage myanmar,monks and civilians,myanmar,high
q_001068,d_000028,0.9,0.9,exploitation of the antarctic continent should be ceased,mount erebus,antarctic continent,high
q_001068,d_000876,0.7,0.7,exploitation of the antarctic continent should be ceased,mount erebus,volcano,high
q_001070,d_000082,0.8,0.8,boxing should be banned,muay thai,boxing,high
q_001073,d_000560,1.0,1.0,the us is justified in using force to prevent states from acquiring nuclear weapons,mutually assured destruction,nuclear weapons,high
q_001074,d_000438,1.0,1.0,us should re-engage myanmar,myanmar,kenji nagai,high
q_001074,d_000453,0.8,0.8,us should re-engage myanmar,myanmar,lan na,high
q_001074,d_000526,1.0,1.0,us should re-engage myanmar,myanmar,myanmar,high
q_001074,d_000752,1.0,1.0,us should re-engage myanmar,myanmar,shan state,high
q_001074,d_000756,1.0,1.0,us should re-engage myanmar,myanmar,shwedagon pagoda,high
q_001074,d_000863,0.8,0.8,us should re-engage myanmar,myanmar,us,high
q_001075,d_000391,0.8,0.8,housewives should be paid for their work,nancy folbre,housewives,high
q_001077,d_000526,0.9,0.9,us should re-engage myanmar,national democratic force,myanmar,high
q_001077,d_000813,0.7,0.7,us should re-engage myanmar,national democratic force,suu kyi,high
q_001079,d_000654,1.0,1.0,the use of performance enhancing drugs in professional sports should be permitted,national football league,professional sports,high
q_001080,d_000277,0.8,0.8,wind power should be a primary focus of future energy supply,national grid,energy supply,high
q_001081,d_000536,0.7,0.7,all nations have a right to nuclear weapons,national intelligence estimate,nations,high
q_001082,d_000009,0.7,0.7,the use of affirmative action is justified,national origin,affirmative action,high
q_001082,d_000678,0.7,0.7,the use of affirmative action is justified,national origin,racial prejudice,high
q_001084,d_000277,1.0,1.0,wind power should be a primary focus of future energy supply,national renewable energy,energy supply,high
q_001084,d_000903,1.0,1.0,wind power should be a primary focus of future energy supply,national renewable energy,wind power,high
q_001085,d_000023,0.8,0.8,the leaking of military documents by anat kamm is justified,national security,anat kamm,high
q_001085,d_000354,0.9,0.9,it is sometimes right for the government to restrict freedom of speech,national security,government,high
q_001085,d_000460,0.7,0.7,the leaking of military documents by anat kamm is justified,national security,leaking,high
q_001085,d_000502,1.0,1.0,the leaking of military documents by anat kamm is justified,national security,military,high
q_001085,d_000504,0.9,0.9,the leaking of military documents by anat kamm is justified,national security,military documents,high
q_001085,d_000570,1.0,1.0,the leaking of military documents by anat kamm is justified,national security,official secrets act,high
q_001085,d_000786,0.9,0.9,the leaking of military documents by anat kamm is justified,national security,spy,high
q_001085,d_000895,0.8,0.8,the leaking of military documents by anat kamm is justified,national security,whistleblower,high
q_001088,d_000791,0.9,0.9,the us is justified in using force to prevent states from acquiring nuclear weapons,nations,states,high
q_001088,d_000863,0.7,0.7,the us is justified in using force to prevent states from acquiring nuclear weapons,nations,us,high
q_001091,d_000009,0.9,0.9,the use of affirmative action is justified,native americans,affirmative action,high
q_001091,d_000221,0.7,0.7,the use of affirmative action is justified,native americans,discrimination in employment,high
q_001092,d_000439,0.8,0.8,the keystone xl pipeline should be built,natural bitumen,keystone xl pipeline,high
q_001092,d_000818,0.7,0.7,the keystone xl pipeline should be built,natural bitumen,tar sands,high
q_001093,d_000066,0.9,0.9,the catholic church is justified in forbidding the use of barrier methods of contraception,natural family planning,barrier methods of contraception,high
q_001093,d_000718,0.8,0.8,the catholic church is justified in forbidding the use of barrier methods of contraception,natural family planning,roman catholic church,high
q_001095,d_000273,1.0,1.0,endangered species should be protected,natural habitat,endangered species,high
q_001095,d_000780,0.8,0.8,endangered species should be protected,natural habitat,species extinctions,high
q_001097,d_000273,0.7,0.7,endangered species should be protected,natural resource management,endangered species,high
q_001102,d_000314,1.0,1.0,parents should be allowed to genetically screen fetuses for heritable diseases,neural tube defects,fetuses,high
q_001102,d_000637,0.8,0.8,parents should be allowed to genetically screen fetuses for heritable diseases,neural tube defects,prenatal testing,high
q_001102,d_000737,0.7,0.7,parents should be allowed to genetically screen fetuses for heritable diseases,neural tube defects,screening test,high
q_001102,d_000851,0.7,0.7,parents should be allowed to genetically screen fetuses for heritable diseases,neural tube defects,ultrasound,high
q_001103,d_000557,1.0,1.0,all nations have a right to nuclear weapons,nevada test site,nuclear testing,high
q_001103,d_000560,1.0,1.0,all nations have a right to nuclear weapons,nevada test site,nuclear weapons,high
q_001104,d_000066,0.9,0.9,the catholic church is justified in forbidding the use of barrier methods of contraception,nfp,barrier methods of contraception,high
q_001105,d_000127,0.9,0.9,states should not subsidize the growing of tobacco,nicotine,cigar smokers,high
q_001105,d_000365,0.7,0.7,states should not subsidize the growing of tobacco,nicotine,growing of tobacco,high
q_001105,d_000835,1.0,1.0,states should not subsidize the growing of tobacco,nicotine,tobacco product,high
q_001108,d_000095,0.8,0.8,open primaries are the most effective method of selecting candidates for elections,nomination,candidates,high
q_001108,d_000258,0.9,0.9,open primaries are the most effective method of selecting candidates for elections,nomination,elections,high
q_001109,d_000095,0.9,0.9,open primaries are the most effective method of selecting candidates for elections,nonpartisan blanket primary,candidates,high
q_001109,d_000258,1.0,1.0,open primaries are the most effective method of selecting candidates for elections,nonpartisan blanket primary,elections,high
q_001109,d_000291,0.8,0.8,open primaries are the most effective method of selecting candidates for elections,nonpartisan blanket primary,exhaustive ballot,high
q_001109,d_000582,1.0,1.0,open primaries are the most effective method of selecting candidates for elections,nonpartisan blanket primary,open primaries,high
q_001109,d_000598,0.8,0.8,open primaries are the most effective method of selecting candidates for elections,nonpartisan blanket primary,parties,high
q_001109,d_000760,0.7,0.7,open primaries are the most effective method of selecting candidates for elections,nonpartisan blanket primary,single winner,high
q_001109,d_000881,0.9,0.9,open primaries are the most effective method of selecting candidates for elections,nonpartisan blanket primary,voting methods,high
q_001109,d_000882,0.8,0.8,open primaries are the most effective method of selecting candidates for elections,nonpartisan blanket primary,voting system criteria,high
q_001112,d_000215,0.9,0.9,all nations have a right to nuclear weapons,north korea,developing nuclear weapons,high
q_001112,d_000536,0.9,0.9,all nations have a right to nuclear weapons,north korea,nations,high
q_001112,d_000536,0.8,0.8,the us is justified in using force to prevent states from acquiring nuclear weapons,north korea,nations,high
q_001112,d_000556,0.7,0.7,the us is justified in using force to prevent states from acquiring nuclear weapons,north korea,nuclear test,high
q_001112,d_000560,0.9,0.9,the us is justified in using force to prevent states from acquiring nuclear weapons,north korea,nuclear weapons,high
q_001113,d_000536,0.9,0.9,all nations have a right to nuclear weapons,north korea's,nations,high
q_001113,d_000560,0.7,0.7,all nations have a right to nuclear weapons,north korea's,nuclear weapons,high
q_001114,d_000560,0.8,0.8,the us is justified in using force to prevent states from acquiring nuclear weapons,north korean,nuclear weapons,high
q_001115,d_000560,0.9,0.9,all nations have a right to nuclear weapons,north korean nuclear,nuclear weapons,high
q_001116,d_000328,0.9,0.9,all nations have a right to nuclear weapons,nuclear,fusion fuel,high
q_001116,d_000428,0.8,0.8,all nations have a right to nuclear weapons,nuclear,iran's nuclear program,high
q_001116,d_000547,0.7,0.7,the us is justified in using force to prevent states from acquiring nuclear weapons,nuclear,north korean,high
q_001116,d_000560,1.0,1.0,all nations have a right to nuclear weapons,nuclear,nuclear weapons,high
q_001116,d_000560,1.0,1.0,the us is justified in using force to prevent states from acquiring nuclear weapons,nuclear,nuclear weapons,high
q_001117,d_000560,1.0,1.0,the us is justified in using force to prevent states from acquiring nuclear weapons,nuclear arms race,nuclear weapons,high
q_001117,d_000863,0.8,0.8,the us is justified in using force to prevent states from acquiring nuclear weapons,nuclear arms race,us,high
q_001118,d_000560,1.0,1.0,all nations have a right to nuclear weapons,nuclear bomb,nuclear weapons,high
q_001119,d_000079,0.8,0.8,the us is justified in using force to prevent states from acquiring nuclear weapons,nuclear disarmament,bombs,high
q_001119,d_000215,0.7,0.7,all nations have a right to nuclear weapons,nuclear disarmament,developing nuclear weapons,high
q_001119,d_000536,0.8,0.8,all nations have a right to nuclear weapons,nuclear disarmament,nations,high
q_001119,d_000549,0.8,0.8,the us is justified in using force to prevent states from acquiring nuclear weapons,nuclear disarmament,nuclear arms race,high
q_001119,d_000560,1.0,1.0,all nations have a right to nuclear weapons,nuclear disarmament,nuclear weapons,high
q_001119,d_000560,0.9,0.9,the us is justified in using force to prevent states from acquiring nuclear weapons,nuclear disarmament,nuclear weapons,high
q_001120,d_000560,1.0,1.0,all nations have a right to nuclear weapons,nuclear explosion,nuclear weapons,high
q_001121,d_000560,1.0,1.0,all nations have a right to nuclear weapons,nuclear explosive devices,nuclear weapons,high
q_001121,d_000560,1.0,1.0,the us is justified in using force to prevent states from acquiring nuclear weapons,nuclear explosive devices,nuclear weapons,high
q_001122,d_000560,1.0,1.0,all nations have a right to nuclear weapons,nuclear material,nuclear weapons,high
q_001123,d_000214,0.8,0.8,all nations have a right to nuclear weapons,nuclear power,deterrence,high
q_001123,d_000552,0.8,0.8,all nations have a right to nuclear weapons,nuclear power,nuclear explosive devices,high
q_001123,d_000560,0.9,0.9,all nations have a right to nuclear weapons,nuclear power,nuclear weapons,high
q_001123,d_000688,0.9,0.9,all nations have a right to nuclear weapons,nuclear power,reactors,high
q_001124,d_000560,0.9,0.9,all nations have a right to nuclear weapons,nuclear power plant,nuclear weapons,high
q_001125,d_000560,1.0,1.0,the us is justified in using force to prevent states from acquiring nuclear weapons,nuclear powers,nuclear weapons,high
q_001125,d_000863,1.0,1.0,the us is justified in using force to prevent states from acquiring nuclear weapons,nuclear powers,us,high
q_001126,d_000560,1.0,1.0,the us is justified in using force to prevent states from acquiring nuclear weapons,nuclear suppliers group,nuclear weapons,high
q_001127,d_000560,1.0,1.0,the us is justified in using force to prevent states from acquiring nuclear weapons,nuclear technology,nuclear weapons,high
q_001127,d_000863,0.7,0.7,the us is justified in using force to prevent states from acquiring nuclear weapons,nuclear technology,us,high
q_001128,d_000560,1.0,1.0,the us is justified in using force to prevent states from acquiring nuclear weapons,nuclear terrorism,nuclear weapons,high
q_001128,d_000833,0.9,0.9,the us is justified in using force to prevent states from acquiring nuclear weapons,nuclear terrorism,threat,high
q_001129,d_000560,1.0,1.0,the us is justified in using force to prevent states from acquiring nuclear weapons,nuclear test,nuclear weapons,high
q_001130,d_000560,1.0,1.0,all nations have a right to nuclear weapons,nuclear testing,nuclear weapons,high
q_001131,d_000560,1.0,1.0,all nations have a right to nuclear weapons,nuclear tests,nuclear weapons,high
q_001132,d_000079,0.9,0.9,the us is justified in using force to prevent states from acquiring nuclear weapons,nuclear war,bombs,high
q_001132,d_000536,0.8,0.8,all nations have a right to nuclear weapons,nuclear war,nations,high
q_001132,d_000536,0.7,0.7,the us is justified in using force to prevent states from acquiring nuclear weapons,nuclear war,nations,high
q_001132,d_000553,0.7,0.7,all nations have a right to nuclear weapons,nuclear war,nuclear material,high
q_001132,d_000560,1.0,1.0,all nations have a right to nuclear weapons,nuclear war,nuclear weapons,high
q_001132,d_000560,1.0,1.0,the us is justified in using force to prevent states from acquiring nuclear weapons,nuclear war,nuclear weapons,high
q_001132,d_000890,0.8,0.8,the us is justified in using force to prevent states from acquiring nuclear weapons,nuclear war,warheads,high
q_001133,d_000214,1.0,1.0,all nations have a right to nuclear weapons,nuclear weapon,deterrence,high
q_001133,d_000215,1.0,1.0,all nations have a right to nuclear weapons,nuclear weapon,developing nuclear weapons,high
q_001133,d_000509,0.9,0.9,the us is justified in using force to prevent states from acquiring nuclear weapons,nuclear weapon,missile,high
q_001133,d_000560,1.0,1.0,all nations have a right to nuclear weapons,nuclear weapon,nuclear weapons,high
q_001133,d_000560,1.0,1.0,the us is justified in using force to prevent states from acquiring nuclear weapons,nuclear weapon,nuclear weapons,high
q_001133,d_000634,1.0,1.0,the us is justified in using force to prevent states from acquiring nuclear weapons,nuclear weapon,possess nuclear weapons,high
q_001133,d_000833,0.8,0.8,the us is justified in using force to prevent states from acquiring nuclear weapons,nuclear weapon,threat,high
q_001133,d_000890,0.9,0.9,all nations have a right to nuclear weapons,nuclear weapon,warheads,high
q_001134,d_000560,1.0,1.0,all nations have a right to nuclear weapons,nuclear weapon design,nuclear weapons,high
q_001135,d_000428,0.9,0.9,all nations have a right to nuclear weapons,nuclear weapon states,iran's nuclear program,high
q_001135,d_000536,1.0,1.0,all nations have a right to nuclear weapons,nuclear weapon states,nations,high
q_001135,d_000557,0.8,0.8,all nations have a right to nuclear weapons,nuclear weapon states,nuclear testing,high
q_001135,d_000560,1.0,1.0,all nations have a right to nuclear weapons,nuclear weapon states,nuclear weapons,high
q_001135,d_000560,1.0,1.0,the us is justified in using force to prevent states from acquiring nuclear weapons,nuclear weapon states,nuclear weapons,high
q_001135,d_000791,0.9,0.9,the us is justified in using force to prevent states from acquiring nuclear weapons,nuclear weapon states,states,high
q_001135,d_000833,0.7,0.7,the us is justified in using force to prevent states from acquiring nuclear weapons,nuclear weapon states,threat,high
q_001135,d_000863,0.9,0.9,the us is justified in using force to prevent states from acquiring nuclear weapons,nuclear weapon states,us,high
q_001136,d_000079,0.9,0.9,the us is justified in using force to prevent states from acquiring nuclear weapons,nuclear weapons,bombs,high
q_001136,d_000376,0.8,0.8,the us is justified in using force to prevent states from acquiring nuclear weapons,nuclear weapons,heavy water,high
q_001136,d_000549,0.9,0.9,the us is justified in using force to prevent states from acquiring nuclear weapons,nuclear weapons,nuclear arms race,high
q_001136,d_000556,0.9,0.9,the us is justified in using force to prevent states from acquiring nuclear weapons,nuclear weapons,nuclear test,high
q_001136,d_000560,1.0,1.0,all nations have a right to nuclear weapons,nuclear weapons,nuclear weapons,high
q_001136,d_000560,1.0,1.0,the us is justified in using force to prevent states from acquiring nuclear weapons,nuclear weapons,nuclear weapons,high
q_001136,d_000561,1.0,1.0,all nations have a right to nuclear weapons,nuclear weapons,nuclear weapons tests,high
q_001136,d_000833,0.9,0.9,the us is justified in using force to prevent states from acquiring nuclear weapons,nuclear weapons,threat,high
q_001137,d_000214,0.8,0.8,all nations have a right to nuclear weapons,nuclear weapons program,deterrence,high
q_001137,d_000215,0.9,0.9,the us is justified in using force to prevent states from acquiring nuclear weapons,nuclear weapons program,developing nuclear weapons,high
q_001137,d_000509,0.7,0.7,the us is justified in using force to prevent states from acquiring nuclear weapons,nuclear weapons program,missile,high
q_001137,d_000548,0.9,0.9,all nations have a right to nuclear weapons,nuclear weapons program,north korean nuclear,high
q_001137,d_000550,1.0,1.0,all nations have a right to nuclear weapons,nuclear weapons program,nuclear bomb,high
q_001137,d_000551,0.8,0.8,all nations have a right to nuclear weapons,nuclear weapons program,nuclear explosion,high
q_001137,d_000560,1.0,1.0,all nations have a right to nuclear weapons,nuclear weapons program,nuclear weapons,high
q_001137,d_000560,1.0,1.0,the us is justified in using force to prevent states from acquiring nuclear weapons,nuclear weapons program,nuclear weapons,high
q_001137,d_000687,0.9,0.9,the us is justified in using force to prevent states from acquiring nuclear weapons,nuclear weapons program,reactor,high
q_001137,d_000757,0.8,0.8,the us is justified in using force to prevent states from acquiring nuclear weapons,nuclear weapons program,signed the npt,high
q_001137,d_000863,0.7,0.7,the us is justified in using force to prevent states from acquiring nuclear weapons,nuclear weapons program,us,high
q_001137,d_000890,0.8,0.8,the us is justified in using force to prevent states from acquiring nuclear weapons,nuclear weapons program,warheads,high
q_001138,d_000555,0.9,0.9,the us is justified in using force to prevent states from acquiring nuclear weapons,nuclear weapons programs,nuclear suppliers group,high
q_001138,d_000560,1.0,1.0,the us is justified in using force to prevent states from acquiring nuclear weapons,nuclear weapons programs,nuclear weapons,high
q_001139,d_000079,0.8,0.8,the us is justified in using force to prevent states from acquiring nuclear weapons,nuclear weapons states,bombs,high
q_001139,d_000536,1.0,1.0,all nations have a right to nuclear weapons,nuclear weapons states,nations,high
q_001139,d_000547,0.9,0.9,the us is justified in using force to prevent states from acquiring nuclear weapons,nuclear weapons states,north korean,high
q_001139,d_000551,0.7,0.7,all nations have a right to nuclear weapons,nuclear weapons states,nuclear explosion,high
q_001139,d_000560,1.0,1.0,all nations have a right to nuclear weapons,nuclear weapons states,nuclear weapons,high
q_001139,d_000560,1.0,1.0,the us is justified in using force to prevent states from acquiring nuclear weapons,nuclear weapons states,nuclear weapons,high
q_001139,d_000626,0.9,0.9,the us is justified in using force to prevent states from acquiring nuclear weapons,nuclear weapons states,policy of deterrence,high
q_001139,d_000634,0.9,0.9,the us is justified in using force to prevent states from acquiring nuclear weapons,nuclear weapons states,possess nuclear weapons,high
q_001139,d_000791,0.9,0.9,the us is justified in using force to prevent states from acquiring nuclear weapons,nuclear weapons states,states,high
q_001139,d_000863,0.8,0.8,the us is justified in using force to prevent states from acquiring nuclear weapons,nuclear weapons states,us,high
q_001140,d_000560,1.0,1.0,all nations have a right to nuclear weapons,nuclear weapons tests,nuclear weapons,high
q_001141,d_000095,1.0,1.0,open primaries are the most effective method of selecting candidates for elections,number of candidates,candidates,high
q_001141,d_000258,1.0,1.0,open primaries are the most effective method of selecting candidates for elections,number of candidates,elections,high
q_001141,d_000582,0.7,0.7,open primaries are the most effective method of selecting candidates for elections,number of candidates,open primaries,high
q_001141,d_000659,0.7,0.7,open primaries are the most effective method of selecting candidates for elections,number of candidates,proportional representation,high
q_001141,d_000882,0.7,0.7,open primaries are the most effective method of selecting candidates for elections,number of candidates,voting system criteria,high
q_001142,d_000095,0.7,0.7,open primaries are the most effective method of selecting candidates for elections,number of delegates,candidates,high
q_001142,d_000258,0.7,0.7,open primaries are the most effective method of selecting candidates for elections,number of delegates,elections,high
q_001142,d_000582,0.8,0.8,open primaries are the most effective method of selecting candidates for elections,number of delegates,open primaries,high
q_001143,d_000082,0.9,0.9,boxing should be banned,number of rounds,boxing,high
q_001144,d_000095,0.7,0.7,open primaries are the most effective method of selecting candidates for elections,number of seats,candidates,high
q_001144,d_000258,0.8,0.8,open primaries are the most effective method of selecting candidates for elections,number of seats,elections,high
q_001145,d_000245,0.8,0.8,endangered species should be protected,number of species,ecology,high
q_001145,d_000273,0.8,0.8,endangered species should be protected,number of species,endangered species,high
q_001145,d_000781,1.0,1.0,endangered species should be protected,number of species,species loss,high
q_001147,d_000095,0.8,0.8,open primaries are the most effective method of selecting candidates for elections,number of voters,candidates,high
q_001147,d_000169,0.7,0.7,democratic governments should require voters to present photo identification at the polling station,number of voters,counted,high
q_001147,d_000258,1.0,1.0,open primaries are the most effective method of selecting candidates for elections,number of voters,elections,high
q_001147,d_000582,0.8,0.8,open primaries are the most effective method of selecting candidates for elections,number of voters,open primaries,high
q_001147,d_000880,1.0,1.0,democratic governments should require voters to present photo identification at the polling station,number of voters,voters,high
q_001148,d_000095,0.8,0.8,open primaries are the most effective method of selecting candidates for elections,number of votes,candidates,high
q_001148,d_000258,0.9,0.9,open primaries are the most effective method of selecting candidates for elections,number of votes,elections,high
q_001148,d_000564,1.0,1.0,open primaries are the most effective method of selecting candidates for elections,number of votes,number of seats,high
q_001148,d_000582,0.7,0.7,open primaries are the most effective method of selecting candidates for elections,number of votes,open primaries,high
q_001149,d_000515,0.9,0.9,the monarchy should be abolished,oath of allegiance,monarchy,high
q_001150,d_000289,0.7,0.7,congressional earmarks should be abolished,obama,executive branch,high
q_001151,d_000628,0.8,0.8,democratic governments should require voters to present photo identification at the polling station,observers,polling station,high
q_001152,d_000331,1.0,1.0,gambling should be banned,odds,gambling,high
q_001153,d_000326,0.8,0.8,it is sometimes right for the government to restrict freedom of speech,official secrets act,freedom of speech,high
q_001153,d_000354,0.7,0.7,it is sometimes right for the government to restrict freedom of speech,official secrets act,government,high
q_001153,d_000460,0.8,0.8,the leaking of military documents by anat kamm is justified,official secrets act,leaking,high
q_001153,d_000504,0.8,0.8,the leaking of military documents by anat kamm is justified,official secrets act,military documents,high
q_001154,d_000018,0.9,0.9,the american jobs act should be passed,official unemployment rate,american jobs act,high
q_001155,d_000086,0.7,0.7,bribery is sometimes acceptable,officials,bribery,high
q_001156,d_000277,0.9,0.9,wind power should be a primary focus of future energy supply,offshore wind farm,energy supply,high
q_001156,d_000454,0.7,0.7,wind power should be a primary focus of future energy supply,offshore wind farm,largest wind farm,high
q_001156,d_000903,1.0,1.0,wind power should be a primary focus of future energy supply,offshore wind farm,wind power,high
q_001157,d_000263,0.9,0.9,wind power should be a primary focus of future energy supply,offshore wind farms,electricity generation,high
q_001157,d_000277,1.0,1.0,wind power should be a primary focus of future energy supply,offshore wind farms,energy supply,high
q_001157,d_000454,0.9,0.9,wind power should be a primary focus of future energy supply,offshore wind farms,largest wind farm,high
q_001157,d_000903,1.0,1.0,wind power should be a primary focus of future energy supply,offshore wind farms,wind power,high
q_001157,d_000904,0.9,0.9,wind power should be a primary focus of future energy supply,offshore wind farms,wind speed,high
q_001158,d_000264,0.9,0.9,wind power should be a primary focus of future energy supply,offshore wind power,electricity production,high
q_001158,d_000277,1.0,1.0,wind power should be a primary focus of future energy supply,offshore wind power,energy supply,high
q_001158,d_000903,1.0,1.0,wind power should be a primary focus of future energy supply,offshore wind power,wind power,high
q_001159,d_000439,0.8,0.8,the keystone xl pipeline should be built,ogallala,keystone xl pipeline,high
q_001160,d_000439,0.9,0.9,the keystone xl pipeline should be built,ogallala aquifer,keystone xl pipeline,high
q_001161,d_000439,1.0,1.0,the keystone xl pipeline should be built,oil,keystone xl pipeline,high
q_001161,d_000853,1.0,1.0,the keystone xl pipeline should be built,oil,unconventional oil,high
q_001162,d_000439,1.0,1.0,the keystone xl pipeline should be built,oil and gas,keystone xl pipeline,high
q_001164,d_000276,0.8,0.8,the keystone xl pipeline should be built,oil production,energy,high
q_001164,d_000439,1.0,1.0,the keystone xl pipeline should be built,oil production,keystone xl pipeline,high
q_001165,d_000439,0.9,0.9,the keystone xl pipeline should be built,oil sands,keystone xl pipeline,high
q_001166,d_000276,0.7,0.7,the keystone xl pipeline should be built,oil sands extraction,energy,high
q_001166,d_000439,1.0,1.0,the keystone xl pipeline should be built,oil sands extraction,keystone xl pipeline,high
q_001168,d_000481,0.9,0.9,a mandatory retirement age should be used,older adults,mandatory retirement age,high
q_001169,d_000481,0.8,0.8,a mandatory retirement age should be used,older generation,mandatory retirement age,high
q_001169,d_000609,0.9,0.9,a mandatory retirement age should be used,older generation,pension scheme,high
q_001169,d_000806,0.8,0.8,a mandatory retirement age should be used,older generation,successful ageing,high
q_001171,d_000481,0.8,0.8,a mandatory retirement age should be used,older people,mandatory retirement age,high
q_001171,d_000574,0.8,0.8,a mandatory retirement age should be used,older people,older patients,high
q_001172,d_000654,0.9,0.9,the use of performance enhancing drugs in professional sports should be permitted,olympic champion,professional sports,high
q_001176,d_000331,1.0,1.0,gambling should be banned,online casinos,gambling,high
q_001177,d_000331,1.0,1.0,gambling should be banned,online gambling,gambling,high
q_001178,d_000875,1.0,1.0,the sale of violent video games to minors should be banned,online games,violent video games,high
q_001179,d_000331,0.9,0.9,gambling should be banned,online lotteries,gambling,high
q_001180,d_000068,0.9,0.9,gambling should be banned,online poker,bet,high
q_001180,d_000331,1.0,1.0,gambling should be banned,online poker,gambling,high
q_001180,d_000650,0.7,0.7,gambling should be banned,online poker,prize,high
q_001181,d_000015,0.7,0.7,open primaries are the most effective method of selecting candidates for elections,open primary,alternative vote,high
q_001181,d_000095,0.9,0.9,open primaries are the most effective method of selecting candidates for elections,open primary,candidates,high
q_001181,d_000258,1.0,1.0,open primaries are the most effective method of selecting candidates for elections,open primary,elections,high
q_001181,d_000582,1.0,1.0,open primaries are the most effective method of selecting candidates for elections,open primary,open primaries,high
q_001183,d_000585,1.0,1.0,opinion polls harm the democratic process,opinion,opinion polls,high
q_001183,d_000629,0.7,0.7,opinion polls harm the democratic process,opinion,pollster,high
q_001184,d_000210,0.9,0.9,opinion polls harm the democratic process,opinion poll,democratic process,high
q_001184,d_000585,1.0,1.0,opinion polls harm the democratic process,opinion poll,opinion polls,high
q_001185,d_000150,0.7,0.7,opinion polls harm the democratic process,opinion polls,confidence interval,high
q_001185,d_000210,0.9,0.9,opinion polls harm the democratic process,opinion polls,democratic process,high
q_001185,d_000585,1.0,1.0,opinion polls harm the democratic process,opinion polls,opinion polls,high
q_001185,d_000726,0.8,0.8,opinion polls harm the democratic process,opinion polls,sampling error,high
q_001186,d_000585,1.0,1.0,opinion polls harm the democratic process,opinions,opinion polls,high
q_001187,d_000009,0.7,0.7,the use of affirmative action is justified,opportunity,affirmative action,high
q_001189,d_000046,1.0,1.0,atheism is the only way,opposition to god,atheism,high
q_001191,d_000053,0.7,0.7,europe should weaken its austerity measures to guarantee its citizens greater social support,orderly default,austerity measures,high
q_001191,d_000192,0.8,0.8,europe should weaken its austerity measures to guarantee its citizens greater social support,orderly default,debts,high
q_001191,d_000374,0.7,0.7,europe should weaken its austerity measures to guarantee its citizens greater social support,orderly default,harsh austerity,high
q_001193,d_000839,1.0,1.0,all collective bargaining rights claimed by trades unions should be abolished,organization,trades unions,high
q_001194,d_000839,0.7,0.7,all collective bargaining rights claimed by trades unions should be abolished,organize,trades unions,high
q_001196,d_000277,0.8,0.8,wind power should be a primary focus of future energy supply,output,energy supply,high
q_001197,d_000120,1.0,1.0,the one-child policy of china is justified,overpopulation,china,high
q_001197,d_000304,0.9,0.9,the one-child policy of china is justified,overpopulation,family planning programs,high
q_001197,d_000313,0.9,0.9,the one-child policy of china is justified,overpopulation,fertility rate,high
q_001197,d_000577,1.0,1.0,the one-child policy of china is justified,overpopulation,one child policy,high
q_001197,d_000837,0.9,0.9,the one-child policy of china is justified,overpopulation,total population,high
q_001198,d_000413,0.8,0.8,intellectual property rights should be abolished,ownership,intellectual property rights,high
q_001201,d_000909,0.9,0.9,housewives should be paid for their work,paid,work,high
q_001202,d_000391,0.8,0.8,housewives should be paid for their work,paid work,housewives,high
q_001202,d_000909,1.0,1.0,housewives should be paid for their work,paid work,work,high
q_001203,d_000634,0.8,0.8,the us is justified in using force to prevent states from acquiring nuclear weapons,pakistan,possess nuclear weapons,high
q_001205,d_000053,0.7,0.7,europe should weaken its austerity measures to guarantee its citizens greater social support,paradox of thrift,austerity measures,high
q_001205,d_000249,0.7,0.7,europe should weaken its austerity measures to guarantee its citizens greater social support,paradox of thrift,economy,high
q_001205,d_000692,0.9,0.9,europe should weaken its austerity measures to guarantee its citizens greater social support,paradox of thrift,recession,high
q_001205,d_000728,0.9,0.9,europe should weaken its austerity measures to guarantee its citizens greater social support,paradox of thrift,savings,high
q_001206,d_000413,1.0,1.0,intellectual property rights should be abolished,paris convention,intellectual property rights,high
q_001209,d_000095,0.9,0.9,open primaries are the most effective method of selecting candidates for elections,parties,candidates,high
q_001209,d_000258,1.0,1.0,open primaries are the most effective method of selecting candidates for elections,parties,elections,high
q_001209,d_000582,1.0,1.0,open primaries are the most effective method of selecting candidates for elections,parties,open primaries,high
q_001210,d_000095,0.9,0.9,open primaries are the most effective method of selecting candidates for elections,party,candidates,high
q_001210,d_000258,0.9,0.9,open primaries are the most effective method of selecting candidates for elections,party,elections,high
q_001210,d_000582,1.0,1.0,open primaries are the most effective method of selecting candidates for elections,party,open primaries,high
q_001210,d_000704,0.9,0.9,open primaries are the most effective method of selecting candidates for elections,party,republican,high
q_001211,d_000309,0.8,0.8,democratic governments should require voters to present photo identification at the polling station,party or candidate,federal elections,high
q_001213,d_000086,1.0,1.0,bribery is sometimes acceptable,passive bribery,bribery,high
q_001215,d_000413,1.0,1.0,intellectual property rights should be abolished,patent,intellectual property rights,high
q_001216,d_000413,1.0,1.0,intellectual property rights should be abolished,patent laws,intellectual property rights,high
q_001217,d_000413,0.9,0.9,intellectual property rights should be abolished,patent rights,intellectual property rights,high
q_001218,d_000413,1.0,1.0,intellectual property rights should be abolished,patents,intellectual property rights,high
q_001218,d_000467,0.8,0.8,intellectual property rights should be abolished,patents,license,high
q_001218,d_000667,0.8,0.8,intellectual property rights should be abolished,patents,public property,high
q_001219,d_000331,1.0,1.0,gambling should be banned,pathological gambling,gambling,high
q_001219,d_000474,0.7,0.7,gambling should be banned,pathological gambling,lotto,high
q_001221,d_000104,0.9,0.9,the catholic church is justified in forbidding the use of barrier methods of contraception,paul vi,catholic church,high
q_001223,d_000803,0.9,0.9,states should not subsidize the growing of tobacco,payments,subsidize,high
q_001224,d_000063,0.8,0.8,boxing should be banned,peek a boo,bare knuckle,high
q_001224,d_000082,1.0,1.0,boxing should be banned,peek a boo,boxing,high
q_001225,d_000023,0.9,0.9,the leaking of military documents by anat kamm is justified,penalty for treason,anat kamm,high
q_001226,d_000269,0.8,0.8,a mandatory retirement age should be used,pension,employment,high
q_001226,d_000481,0.8,0.8,a mandatory retirement age should be used,pension,mandatory retirement age,high
q_001229,d_000266,0.7,0.7,the leaking of military documents by anat kamm is justified,pentagon papers,ellsberg and russo,high
q_001229,d_000460,0.7,0.7,the leaking of military documents by anat kamm is justified,pentagon papers,leaking,high
q_001229,d_000504,1.0,1.0,the leaking of military documents by anat kamm is justified,pentagon papers,military documents,high
q_001229,d_000889,0.8,0.8,the leaking of military documents by anat kamm is justified,pentagon papers,war logs,high
q_001231,d_000437,0.7,0.7,us should re-engage myanmar,people of burma,kachin state,high
q_001231,d_000526,1.0,1.0,us should re-engage myanmar,people of burma,myanmar,high
q_001231,d_000813,0.8,0.8,us should re-engage myanmar,people of burma,suu kyi,high
q_001231,d_000831,0.7,0.7,us should re-engage myanmar,people of burma,thein sein,high
q_001232,d_000009,1.0,1.0,the use of affirmative action is justified,people of color,affirmative action,high
q_001232,d_000676,1.0,1.0,the use of affirmative action is justified,people of color,racial differences,high
q_001234,d_000025,1.0,1.0,the use of performance enhancing drugs in professional sports should be permitted,performance enhancing drugs,androgenic steroids,high
q_001234,d_000387,0.9,0.9,the use of performance enhancing drugs in professional sports should be permitted,performance enhancing drugs,hormone,high
q_001234,d_000612,1.0,1.0,the use of performance enhancing drugs in professional sports should be permitted,performance enhancing drugs,performance enhancing drugs,high
q_001234,d_000654,1.0,1.0,the use of performance enhancing drugs in professional sports should be permitted,performance enhancing drugs,professional sports,high
q_001234,d_000730,0.9,0.9,the use of performance enhancing drugs in professional sports should be permitted,performance enhancing drugs,schedule iii,high
q_001234,d_000805,0.8,0.8,the use of performance enhancing drugs in professional sports should be permitted,performance enhancing drugs,substance dependence,high
q_001234,d_000816,1.0,1.0,the use of performance enhancing drugs in professional sports should be permitted,performance enhancing drugs,systematic doping,high
q_001235,d_000005,0.9,0.9,the use of performance enhancing drugs in professional sports should be permitted,performance enhancing substances,abuse potential,high
q_001235,d_000047,0.9,0.9,the use of performance enhancing drugs in professional sports should be permitted,performance enhancing substances,athlete,high
q_001235,d_000387,1.0,1.0,the use of performance enhancing drugs in professional sports should be permitted,performance enhancing substances,hormone,high
q_001235,d_000612,1.0,1.0,the use of performance enhancing drugs in professional sports should be permitted,performance enhancing substances,performance enhancing drugs,high
q_001235,d_000654,0.9,0.9,the use of performance enhancing drugs in professional sports should be permitted,performance enhancing substances,professional sports,high
q_001237,d_000066,0.8,0.8,the catholic church is justified in forbidding the use of barrier methods of contraception,periodic abstinence,barrier methods of contraception,high
q_001241,d_000618,1.0,1.0,democratic governments should require voters to present photo identification at the polling station,photo id,photo identification,high
q_001242,d_000618,1.0,1.0,democratic governments should require voters to present photo identification at the polling station,photo identification,photo identification,high
q_001242,d_000880,0.7,0.7,democratic governments should require voters to present photo identification at the polling station,photo identification,voters,high
q_001244,d_000439,1.0,1.0,the keystone xl pipeline should be built,pipeline,keystone xl pipeline,high
q_001245,d_000439,1.0,1.0,the keystone xl pipeline should be built,pipelines,keystone xl pipeline,high
q_001246,d_000104,0.9,0.9,the catholic church is justified in forbidding the use of barrier methods of contraception,pius xii,catholic church,high
q_001249,d_000305,0.9,0.9,the one-child policy of china is justified,planning,family planning services,high
q_001252,d_000114,0.7,0.7,the sale of violent video games to minors should be banned,player,character,high
q_001252,d_000800,0.9,0.9,the sale of violent video games to minors should be banned,player,strategy games,high
q_001252,d_000875,0.9,0.9,the sale of violent video games to minors should be banned,player,violent video games,high
q_001253,d_000875,0.9,0.9,the sale of violent video games to minors should be banned,playing video games,violent video games,high
q_001254,d_000015,0.9,0.9,open primaries are the most effective method of selecting candidates for elections,plurality voting,alternative vote,high
q_001254,d_000095,1.0,1.0,open primaries are the most effective method of selecting candidates for elections,plurality voting,candidates,high
q_001254,d_000258,1.0,1.0,open primaries are the most effective method of selecting candidates for elections,plurality voting,elections,high
q_001254,d_000582,0.8,0.8,open primaries are the most effective method of selecting candidates for elections,plurality voting,open primaries,high
q_001254,d_000882,1.0,1.0,open primaries are the most effective method of selecting candidates for elections,plurality voting,voting system criteria,high
q_001255,d_000331,1.0,1.0,gambling should be banned,poker,gambling,high
q_001256,d_000028,0.9,0.9,exploitation of the antarctic continent should be ceased,polar,antarctic continent,high
q_001256,d_000295,0.7,0.7,exploitation of the antarctic continent should be ceased,polar,explorer,high
q_001257,d_000560,0.9,0.9,the us is justified in using force to prevent states from acquiring nuclear weapons,policy of deterrence,nuclear weapons,high
q_001259,d_000086,1.0,1.0,bribery is sometimes acceptable,political corruption,bribery,high
q_001260,d_000095,1.0,1.0,open primaries are the most effective method of selecting candidates for elections,political parties,candidates,high
q_001260,d_000258,1.0,1.0,open primaries are the most effective method of selecting candidates for elections,political parties,elections,high
q_001260,d_000544,0.7,0.7,open primaries are the most effective method of selecting candidates for elections,political parties,nomination,high
q_001260,d_000582,0.9,0.9,open primaries are the most effective method of selecting candidates for elections,political parties,open primaries,high
q_001260,d_000704,1.0,1.0,open primaries are the most effective method of selecting candidates for elections,political parties,republican,high
q_001261,d_000526,0.8,0.8,us should re-engage myanmar,political prisoners,myanmar,high
q_001263,d_000210,0.9,0.9,opinion polls harm the democratic process,poll,democratic process,high
q_001263,d_000257,0.9,0.9,opinion polls harm the democratic process,poll,election results,high
q_001263,d_000584,1.0,1.0,opinion polls harm the democratic process,poll,opinion poll,high
q_001263,d_000585,1.0,1.0,opinion polls harm the democratic process,poll,opinion polls,high
q_001263,d_000726,0.9,0.9,opinion polls harm the democratic process,poll,sampling error,high
q_001264,d_000479,0.9,0.9,opinion polls harm the democratic process,poll results,majority opinion,high
q_001264,d_000585,1.0,1.0,opinion polls harm the democratic process,poll results,opinion polls,high
q_001265,d_000210,0.9,0.9,opinion polls harm the democratic process,polling,democratic process,high
q_001265,d_000585,1.0,1.0,opinion polls harm the democratic process,polling,opinion polls,high
q_001266,d_000339,0.7,0.7,opinion polls harm the democratic process,polling organizations,general election,high
q_001266,d_000585,1.0,1.0,opinion polls harm the democratic process,polling organizations,opinion polls,high
q_001266,d_000810,0.9,0.9,opinion polls harm the democratic process,polling organizations,survey results,high
q_001267,d_000628,1.0,1.0,democratic governments should require voters to present photo identification at the polling station,polling places,polling station,high
q_001267,d_000880,0.9,0.9,democratic governments should require voters to present photo identification at the polling station,polling places,voters,high
q_001268,d_000210,0.9,0.9,opinion polls harm the democratic process,polls,democratic process,high
q_001268,d_000257,0.9,0.9,opinion polls harm the democratic process,polls,election results,high
q_001268,d_000585,1.0,1.0,opinion polls harm the democratic process,polls,opinion polls,high
q_001269,d_000585,1.0,1.0,opinion polls harm the democratic process,pollster,opinion polls,high
q_001270,d_000585,1.0,1.0,opinion polls harm the democratic process,pollsters,opinion polls,high
q_001270,d_000726,0.7,0.7,opinion polls harm the democratic process,pollsters,sampling error,high
q_001271,d_000104,1.0,1.0,the catholic church is justified in forbidding the use of barrier methods of contraception,pontifical council,catholic church,high
q_001272,d_000104,1.0,1.0,the catholic church is justified in forbidding the use of barrier methods of contraception,pope,catholic church,high
q_001272,d_000787,0.8,0.8,the catholic church is justified in forbidding the use of barrier methods of contraception,pope,st peter's,high
q_001273,d_000104,1.0,1.0,the catholic church is justified in forbidding the use of barrier methods of contraception,pope benedict xvi,catholic church,high
q_001274,d_000104,1.0,1.0,the catholic church is justified in forbidding the use of barrier methods of contraception,pope john,catholic church,high
q_001274,d_000630,0.9,0.9,the catholic church is justified in forbidding the use of barrier methods of contraception,pope john,pontifical council,high
q_001275,d_000104,1.0,1.0,the catholic church is justified in forbidding the use of barrier methods of contraception,pope john paul,catholic church,high
q_001275,d_000126,0.9,0.9,the catholic church is justified in forbidding the use of barrier methods of contraception,pope john paul,church's,high
q_001276,d_000104,1.0,1.0,the catholic church is justified in forbidding the use of barrier methods of contraception,pope paul vi,catholic church,high
q_001276,d_000605,1.0,1.0,the catholic church is justified in forbidding the use of barrier methods of contraception,pope paul vi,paul vi,high
q_001277,d_000577,0.8,0.8,the one-child policy of china is justified,population,one child policy,high
q_001279,d_000074,1.0,1.0,the one-child policy of china is justified,population control,birth control,high
q_001279,d_000120,1.0,1.0,the one-child policy of china is justified,population control,china,high
q_001279,d_000577,0.9,0.9,the one-child policy of china is justified,population control,one child policy,high
q_001279,d_000837,0.9,0.9,the one-child policy of china is justified,population control,total population,high
q_001280,d_000120,1.0,1.0,the one-child policy of china is justified,population control policies,china,high
q_001280,d_000577,1.0,1.0,the one-child policy of china is justified,population control policies,one child policy,high
q_001281,d_000120,0.7,0.7,the one-child policy of china is justified,population density,china,high
q_001281,d_000577,0.8,0.8,the one-child policy of china is justified,population density,one child policy,high
q_001282,d_000119,0.9,0.9,the one-child policy of china is justified,population growth,children per woman,high
q_001282,d_000120,0.9,0.9,the one-child policy of china is justified,population growth,china,high
q_001282,d_000304,0.9,0.9,the one-child policy of china is justified,population growth,family planning programs,high
q_001282,d_000577,1.0,1.0,the one-child policy of china is justified,population growth,one child policy,high
q_001282,d_000837,1.0,1.0,the one-child policy of china is justified,population growth,total population,high
q_001283,d_000151,0.8,0.8,congressional earmarks should be abolished,pork barrel,congressional earmarks,high
q_001284,d_000151,0.9,0.9,congressional earmarks should be abolished,pork barrel spending,congressional earmarks,high
q_001287,d_000560,1.0,1.0,the us is justified in using force to prevent states from acquiring nuclear weapons,possess nuclear weapons,nuclear weapons,high
q_001287,d_000863,0.9,0.9,the us is justified in using force to prevent states from acquiring nuclear weapons,possess nuclear weapons,us,high
q_001288,d_000560,0.7,0.7,the us is justified in using force to prevent states from acquiring nuclear weapons,possibility of nuclear,nuclear weapons,high
q_001289,d_000829,0.8,0.8,the school leaving age should be raised to 18,post secondary,tertiary,high
q_001291,d_000262,0.9,0.9,wind power should be a primary focus of future energy supply,power,electrical,high
q_001291,d_000277,0.8,0.8,wind power should be a primary focus of future energy supply,power,energy supply,high
q_001291,d_000340,0.7,0.7,wind power should be a primary focus of future energy supply,power,generating,high
q_001291,d_000529,0.8,0.8,wind power should be a primary focus of future energy supply,power,national grid,high
q_001291,d_000699,1.0,1.0,wind power should be a primary focus of future energy supply,power,renewable electricity,high
q_001291,d_000903,1.0,1.0,wind power should be a primary focus of future energy supply,power,wind power,high
q_001292,d_000277,0.9,0.9,wind power should be a primary focus of future energy supply,power stations,energy supply,high
q_001292,d_000903,0.8,0.8,wind power should be a primary focus of future energy supply,power stations,wind power,high
q_001294,d_000314,1.0,1.0,parents should be allowed to genetically screen fetuses for heritable diseases,pregnancy,fetuses,high
q_001294,d_000378,0.7,0.7,parents should be allowed to genetically screen fetuses for heritable diseases,pregnancy,heritable diseases,high
q_001294,d_000595,0.9,0.9,parents should be allowed to genetically screen fetuses for heritable diseases,pregnancy,parents,high
q_001294,d_000637,0.9,0.9,parents should be allowed to genetically screen fetuses for heritable diseases,pregnancy,prenatal testing,high
q_001295,d_000229,0.8,0.8,parents should be allowed to genetically screen fetuses for heritable diseases,preimplantation genetic diagnosis,dna,high
q_001295,d_000314,0.9,0.9,parents should be allowed to genetically screen fetuses for heritable diseases,preimplantation genetic diagnosis,fetuses,high
q_001295,d_000341,1.0,1.0,parents should be allowed to genetically screen fetuses for heritable diseases,preimplantation genetic diagnosis,genetic screening,high
q_001295,d_000378,0.9,0.9,parents should be allowed to genetically screen fetuses for heritable diseases,preimplantation genetic diagnosis,heritable diseases,high
q_001295,d_000737,0.8,0.8,parents should be allowed to genetically screen fetuses for heritable diseases,preimplantation genetic diagnosis,screening test,high
q_001296,d_000021,0.7,0.7,parents should be allowed to genetically screen fetuses for heritable diseases,prenatal diagnosis,amniocentesis,high
q_001296,d_000125,0.9,0.9,parents should be allowed to genetically screen fetuses for heritable diseases,prenatal diagnosis,chromosomes,high
q_001296,d_000314,1.0,1.0,parents should be allowed to genetically screen fetuses for heritable diseases,prenatal diagnosis,fetuses,high
q_001296,d_000341,1.0,1.0,parents should be allowed to genetically screen fetuses for heritable diseases,prenatal diagnosis,genetic screening,high
q_001296,d_000378,1.0,1.0,parents should be allowed to genetically screen fetuses for heritable diseases,prenatal diagnosis,heritable diseases,high
q_001296,d_000483,0.7,0.7,parents should be allowed to genetically screen fetuses for heritable diseases,prenatal diagnosis,maternal,high
q_001296,d_000595,0.7,0.7,parents should be allowed to genetically screen fetuses for heritable diseases,prenatal diagnosis,parents,high
q_001296,d_000637,1.0,1.0,parents should be allowed to genetically screen fetuses for heritable diseases,prenatal diagnosis,prenatal testing,high
q_001296,d_000642,1.0,1.0,parents should be allowed to genetically screen fetuses for heritable diseases,prenatal diagnosis,presymptomatic testing,high
q_001296,d_000737,0.9,0.9,parents should be allowed to genetically screen fetuses for heritable diseases,prenatal diagnosis,screening test,high
q_001296,d_000830,0.7,0.7,parents should be allowed to genetically screen fetuses for heritable diseases,prenatal diagnosis,test results,high
q_001296,d_000851,1.0,1.0,parents should be allowed to genetically screen fetuses for heritable diseases,prenatal diagnosis,ultrasound,high
q_001297,d_000314,0.9,0.9,parents should be allowed to genetically screen fetuses for heritable diseases,prenatal testing,fetuses,high
q_001297,d_000341,0.8,0.8,parents should be allowed to genetically screen fetuses for heritable diseases,prenatal testing,genetic screening,high
q_001297,d_000378,0.9,0.9,parents should be allowed to genetically screen fetuses for heritable diseases,prenatal testing,heritable diseases,high
q_001297,d_000595,0.8,0.8,parents should be allowed to genetically screen fetuses for heritable diseases,prenatal testing,parents,high
q_001298,d_000515,0.8,0.8,the monarchy should be abolished,prerogative,monarchy,high
q_001299,d_000612,0.8,0.8,the use of performance enhancing drugs in professional sports should be permitted,prescription,performance enhancing drugs,high
q_001300,d_000863,1.0,1.0,the us is justified in using force to prevent states from acquiring nuclear weapons,president ronald reagan,us,high
q_001301,d_000210,1.0,1.0,opinion polls harm the democratic process,presidential election,democratic process,high
q_001301,d_000585,0.8,0.8,opinion polls harm the democratic process,presidential election,opinion polls,high
q_001302,d_000023,0.7,0.7,the leaking of military documents by anat kamm is justified,press freedom,anat kamm,high
q_001302,d_000460,0.7,0.7,the leaking of military documents by anat kamm is justified,press freedom,leaking,high
q_001303,d_000341,0.9,0.9,parents should be allowed to genetically screen fetuses for heritable diseases,presymptomatic testing,genetic screening,high
q_001303,d_000378,1.0,1.0,parents should be allowed to genetically screen fetuses for heritable diseases,presymptomatic testing,heritable diseases,high
q_001304,d_000095,0.8,0.8,open primaries are the most effective method of selecting candidates for elections,primary,candidates,high
q_001304,d_000258,0.9,0.9,open primaries are the most effective method of selecting candidates for elections,primary,elections,high
q_001304,d_000544,0.7,0.7,open primaries are the most effective method of selecting candidates for elections,primary,nomination,high
q_001304,d_000582,1.0,1.0,open primaries are the most effective method of selecting candidates for elections,primary,open primaries,high
q_001305,d_000136,0.8,0.8,the school leaving age should be raised to 18,primary education,classroom,high
q_001305,d_000733,0.7,0.7,the school leaving age should be raised to 18,primary education,school leaving age,high
q_001306,d_000250,1.0,1.0,education should be funded using a voucher scheme,primary school,education,high
q_001306,d_000883,0.7,0.7,education should be funded using a voucher scheme,primary school,voucher scheme,high
q_001307,d_000095,0.7,0.7,open primaries are the most effective method of selecting candidates for elections,primary semi closed,candidates,high
q_001307,d_000258,0.9,0.9,open primaries are the most effective method of selecting candidates for elections,primary semi closed,elections,high
q_001307,d_000582,1.0,1.0,open primaries are the most effective method of selecting candidates for elections,primary semi closed,open primaries,high
q_001308,d_000704,0.7,0.7,the monarchy should be abolished,prime minister,republican,high
q_001310,d_000514,0.8,0.8,the monarchy should be abolished,prince charles,monarch's,high
q_001310,d_000515,1.0,1.0,the monarchy should be abolished,prince charles,monarchy,high
q_001312,d_000377,1.0,1.0,the monarchy should be abolished,prince or princess,hereditary monarchy,high
q_001312,d_000515,1.0,1.0,the monarchy should be abolished,prince or princess,monarchy,high
q_001313,d_000207,1.0,1.0,democratic governments should require voters to present photo identification at the polling station,principles of democracy,democratic governments,high
q_001313,d_000880,0.9,0.9,democratic governments should require voters to present photo identification at the polling station,principles of democracy,voters,high
q_001315,d_000648,1.0,1.0,europe should weaken its austerity measures to guarantee its citizens greater social support,private capital markets,private holders,high
q_001315,d_000649,0.9,0.9,europe should weaken its austerity measures to guarantee its citizens greater social support,private capital markets,private sector,high
q_001316,d_000250,1.0,1.0,education should be funded using a voucher scheme,private education,education,high
q_001316,d_000883,0.9,0.9,education should be funded using a voucher scheme,private education,voucher scheme,high
q_001317,d_000086,0.8,0.8,bribery is sometimes acceptable,private gain,bribery,high
q_001319,d_000413,0.9,0.9,intellectual property rights should be abolished,private property,intellectual property rights,high
q_001319,d_000602,0.8,0.8,intellectual property rights should be abolished,private property,patent laws,high
q_001319,d_000667,1.0,1.0,intellectual property rights should be abolished,private property,public property,high
q_001320,d_000250,1.0,1.0,education should be funded using a voucher scheme,private schools,education,high
q_001320,d_000734,1.0,1.0,education should be funded using a voucher scheme,private schools,school system,high
q_001320,d_000883,0.8,0.8,education should be funded using a voucher scheme,private schools,voucher scheme,high
q_001322,d_000331,0.9,0.9,gambling should be banned,prize,gambling,high
q_001323,d_000528,0.7,0.7,us should re-engage myanmar,pro democracy,national development party,high
q_001323,d_000863,1.0,1.0,us should re-engage myanmar,pro democracy,us,high
q_001325,d_000331,1.0,1.0,gambling should be banned,problem gambling,gambling,high
q_001325,d_000850,0.7,0.7,gambling should be banned,problem gambling,uigea,high
q_001327,d_000439,0.7,0.7,the keystone xl pipeline should be built,product being transported,keystone xl pipeline,high
q_001327,d_000721,0.8,0.8,the keystone xl pipeline should be built,product being transported,route,high
q_001329,d_000032,0.8,0.8,states should not subsidize the growing of tobacco,production of tobacco,anti smoking movement,high
q_001329,d_000127,0.8,0.8,states should not subsidize the growing of tobacco,production of tobacco,cigar smokers,high
q_001329,d_000365,1.0,1.0,states should not subsidize the growing of tobacco,production of tobacco,growing of tobacco,high
q_001329,d_000772,0.7,0.7,states should not subsidize the growing of tobacco,production of tobacco,snuff,high
q_001329,d_000834,1.0,1.0,states should not subsidize the growing of tobacco,production of tobacco,tobacco consumption,high
q_001329,d_000835,1.0,1.0,states should not subsidize the growing of tobacco,production of tobacco,tobacco product,high
q_001331,d_000082,1.0,1.0,boxing should be banned,professional boxing,boxing,high
q_001335,d_000560,0.9,0.9,the us is justified in using force to prevent states from acquiring nuclear weapons,proliferation,nuclear weapons,high
q_001336,d_000413,1.0,1.0,intellectual property rights should be abolished,property,intellectual property rights,high
q_001337,d_000413,1.0,1.0,intellectual property rights should be abolished,property rights,intellectual property rights,high
q_001337,d_000433,0.8,0.8,intellectual property rights should be abolished,property rights,john locke,high
q_001337,d_000512,0.9,0.9,intellectual property rights should be abolished,property rights,modern patent,high
q_001337,d_000603,1.0,1.0,intellectual property rights should be abolished,property rights,patent rights,high
q_001338,d_000413,0.9,0.9,intellectual property rights should be abolished,property systems,intellectual property rights,high
q_001340,d_000095,0.7,0.7,open primaries are the most effective method of selecting candidates for elections,proportional representation,candidates,high
q_001340,d_000258,1.0,1.0,open primaries are the most effective method of selecting candidates for elections,proportional representation,elections,high
q_001340,d_000582,0.7,0.7,open primaries are the most effective method of selecting candidates for elections,proportional representation,open primaries,high
q_001341,d_000023,0.8,0.8,the leaking of military documents by anat kamm is justified,prosecutions for treason,anat kamm,high
q_001342,d_000082,0.9,0.9,boxing should be banned,protect the body,boxing,high
q_001343,d_000082,0.9,0.9,boxing should be banned,protect the head,boxing,high
q_001344,d_000438,0.7,0.7,us should re-engage myanmar,protests,kenji nagai,high
q_001346,d_000053,1.0,1.0,europe should weaken its austerity measures to guarantee its citizens greater social support,public debt,austerity measures,high
q_001346,d_000088,0.8,0.8,europe should weaken its austerity measures to guarantee its citizens greater social support,public debt,budget,high
q_001346,d_000374,0.8,0.8,europe should weaken its austerity measures to guarantee its citizens greater social support,public debt,harsh austerity,high
q_001346,d_000774,0.8,0.8,europe should weaken its austerity measures to guarantee its citizens greater social support,public debt,social support,high
q_001346,d_000777,1.0,1.0,europe should weaken its austerity measures to guarantee its citizens greater social support,public debt,sovereign debt,high
q_001346,d_000783,0.9,0.9,europe should weaken its austerity measures to guarantee its citizens greater social support,public debt,spending,high
q_001348,d_000250,1.0,1.0,education should be funded using a voucher scheme,public education,education,high
q_001348,d_000883,0.9,0.9,education should be funded using a voucher scheme,public education,voucher scheme,high
q_001349,d_000140,0.7,0.7,all collective bargaining rights claimed by trades unions should be abolished,public employee unions,collective bargaining rights,high
q_001349,d_000175,0.8,0.8,all collective bargaining rights claimed by trades unions should be abolished,public employee unions,craft union,high
q_001349,d_000404,0.7,0.7,all collective bargaining rights claimed by trades unions should be abolished,public employee unions,industrial organizations,high
q_001349,d_000839,0.8,0.8,all collective bargaining rights claimed by trades unions should be abolished,public employee unions,trades unions,high
q_001349,d_000910,0.7,0.7,all collective bargaining rights claimed by trades unions should be abolished,public employee unions,working,high
q_001351,d_000751,0.9,0.9,the catholic church is justified in forbidding the use of barrier methods of contraception,public health,sexually transmitted infection,high
q_001354,d_000210,0.7,0.7,opinion polls harm the democratic process,public opinion,democratic process,high
q_001354,d_000257,0.9,0.9,opinion polls harm the democratic process,public opinion,election results,high
q_001354,d_000479,0.9,0.9,opinion polls harm the democratic process,public opinion,majority opinion,high
q_001354,d_000585,1.0,1.0,opinion polls harm the democratic process,public opinion,opinion polls,high
q_001354,d_000641,0.8,0.8,opinion polls harm the democratic process,public opinion,presidential election,high
q_001356,d_000413,0.7,0.7,intellectual property rights should be abolished,public property,intellectual property rights,high
q_001357,d_000250,1.0,1.0,education should be funded using a voucher scheme,public school,education,high
q_001357,d_000473,1.0,1.0,education should be funded using a voucher scheme,public school,local school district,high
q_001357,d_000883,0.9,0.9,education should be funded using a voucher scheme,public school,voucher scheme,high
q_001358,d_000250,1.0,1.0,education should be funded using a voucher scheme,public school students,education,high
q_001358,d_000883,0.9,0.9,education should be funded using a voucher scheme,public school students,voucher scheme,high
q_001359,d_000250,1.0,1.0,education should be funded using a voucher scheme,public school system,education,high
q_001359,d_000472,1.0,1.0,education should be funded using a voucher scheme,public school system,local public schools,high
q_001359,d_000883,0.9,0.9,education should be funded using a voucher scheme,public school system,voucher scheme,high
q_001360,d_000250,1.0,1.0,education should be funded using a voucher scheme,public schools,education,high
q_001360,d_000472,1.0,1.0,education should be funded using a voucher scheme,public schools,local public schools,high
q_001360,d_000643,1.0,1.0,education should be funded using a voucher scheme,public schools,primary school,high
q_001360,d_000735,0.9,0.9,education should be funded using a voucher scheme,public schools,school vouchers,high
q_001360,d_000883,0.9,0.9,education should be funded using a voucher scheme,public schools,voucher scheme,high
q_001362,d_000439,0.9,0.9,the keystone xl pipeline should be built,pump stations,keystone xl pipeline,high
q_001363,d_000082,1.0,1.0,boxing should be banned,punch,boxing,high
q_001363,d_000205,0.7,0.7,boxing should be banned,punch,dementia pugilistica,high
q_001364,d_000082,1.0,1.0,boxing should be banned,punches,boxing,high
q_001364,d_000171,1.0,1.0,boxing should be banned,punches,counter punch,high
q_001364,d_000445,1.0,1.0,boxing should be banned,punches,knocked,high
q_001364,d_000653,1.0,1.0,boxing should be banned,punches,professional boxing,high
q_001365,d_000023,0.9,0.9,the leaking of military documents by anat kamm is justified,punished with imprisonment,anat kamm,high
q_001366,d_000250,1.0,1.0,education should be funded using a voucher scheme,pupil assignment board,education,high
q_001366,d_000643,0.7,0.7,education should be funded using a voucher scheme,pupil assignment board,primary school,high
q_001367,d_000250,0.9,0.9,education should be funded using a voucher scheme,pupil assignment plan,education,high
q_001367,d_000472,0.7,0.7,education should be funded using a voucher scheme,pupil assignment plan,local public schools,high
q_001367,d_000646,0.7,0.7,education should be funded using a voucher scheme,pupil assignment plan,private education,high
q_001367,d_000883,0.7,0.7,education should be funded using a voucher scheme,pupil assignment plan,voucher scheme,high
q_001368,d_000585,1.0,1.0,opinion polls harm the democratic process,push poll,opinion polls,high
q_001369,d_000584,1.0,1.0,opinion polls harm the democratic process,push polling,opinion poll,high
q_001369,d_000585,1.0,1.0,opinion polls harm the democratic process,push polling,opinion polls,high
q_001369,d_000586,0.7,0.7,opinion polls harm the democratic process,push polling,opinions,high
q_001369,d_000629,0.9,0.9,opinion polls harm the democratic process,push polling,pollster,high
q_001369,d_000641,0.8,0.8,opinion polls harm the democratic process,push polling,presidential election,high
q_001370,d_000226,0.9,0.9,parents should be allowed to genetically screen fetuses for heritable diseases,quad test,disorders,high
q_001370,d_000314,0.9,0.9,parents should be allowed to genetically screen fetuses for heritable diseases,quad test,fetuses,high
q_001370,d_000341,0.8,0.8,parents should be allowed to genetically screen fetuses for heritable diseases,quad test,genetic screening,high
q_001370,d_000378,0.8,0.8,parents should be allowed to genetically screen fetuses for heritable diseases,quad test,heritable diseases,high
q_001373,d_000003,1.0,1.0,the monarchy should be abolished,queen,absolute monarchy,high
q_001373,d_000515,1.0,1.0,the monarchy should be abolished,queen,monarchy,high
q_001374,d_000515,1.0,1.0,the monarchy should be abolished,queen elizabeth,monarchy,high
q_001375,d_000515,1.0,1.0,the monarchy should be abolished,queen elizabeth ii,monarchy,high
q_001376,d_000515,1.0,1.0,the monarchy should be abolished,queen's,monarchy,high
q_001377,d_000009,1.0,1.0,the use of affirmative action is justified,race,affirmative action,high
q_001377,d_000676,1.0,1.0,the use of affirmative action is justified,race,racial differences,high
q_001378,d_000009,0.8,0.8,the use of affirmative action is justified,race color religion,affirmative action,high
q_001378,d_000283,0.7,0.7,the use of affirmative action is justified,race color religion,ethnicity,high
q_001379,d_000009,0.9,0.9,the use of affirmative action is justified,race creed color,affirmative action,high
q_001380,d_000009,0.8,0.8,the use of affirmative action is justified,races,affirmative action,high
q_001381,d_000009,0.7,0.7,the use of affirmative action is justified,racial,affirmative action,high
q_001382,d_000250,1.0,1.0,education should be funded using a voucher scheme,racial achievement gap,education,high
q_001383,d_000009,0.9,0.9,the use of affirmative action is justified,racial differences,affirmative action,high
q_001384,d_000009,1.0,1.0,the use of affirmative action is justified,racial discrimination,affirmative action,high
q_001384,d_000221,1.0,1.0,the use of affirmative action is justified,racial discrimination,discrimination in employment,high
q_001384,d_000381,0.7,0.7,the use of affirmative action is justified,racial discrimination,hiring,high
q_001385,d_000009,0.9,0.9,the use of affirmative action is justified,racial groups,affirmative action,high
q_001386,d_000009,1.0,1.0,the use of affirmative action is justified,racial prejudice,affirmative action,high
q_001387,d_000009,1.0,1.0,the use of affirmative action is justified,racism,affirmative action,high
q_001387,d_000283,0.9,0.9,the use of affirmative action is justified,racism,ethnicity,high
q_001388,d_000215,0.8,0.8,all nations have a right to nuclear weapons,radiation,developing nuclear weapons,high
q_001388,d_000296,0.7,0.7,all nations have a right to nuclear weapons,radiation,explosion,high
q_001388,d_000550,1.0,1.0,all nations have a right to nuclear weapons,radiation,nuclear bomb,high
q_001388,d_000560,1.0,1.0,all nations have a right to nuclear weapons,radiation,nuclear weapons,high
q_001388,d_000860,0.7,0.7,all nations have a right to nuclear weapons,radiation,uranium enrichment,high
q_001389,d_000612,0.8,0.8,the use of performance enhancing drugs in professional sports should be permitted,random testing,performance enhancing drugs,high
q_001393,d_000120,0.8,0.8,the one-child policy of china is justified,rapid population growth,china,high
q_001393,d_000577,1.0,1.0,the one-child policy of china is justified,rapid population growth,one child policy,high
q_001395,d_000365,0.7,0.7,states should not subsidize the growing of tobacco,rates of smoking,growing of tobacco,high
q_001396,d_000685,1.0,1.0,the sale of violent video games to minors should be banned,rating,rating board esrb,high
q_001397,d_000875,0.8,0.8,the sale of violent video games to minors should be banned,rating board,violent video games,high
q_001398,d_000875,0.9,0.9,the sale of violent video games to minors should be banned,rating board esrb,violent video games,high
q_001400,d_000560,1.0,1.0,the us is justified in using force to prevent states from acquiring nuclear weapons,reactor,nuclear weapons,high
q_001401,d_000560,0.8,0.8,all nations have a right to nuclear weapons,reactors,nuclear weapons,high
q_001402,d_000250,1.0,1.0,education should be funded using a voucher scheme,reading and math,education,high
q_001403,d_000082,0.8,0.8,boxing should be banned,rear hand,boxing,high
q_001403,d_000171,0.8,0.8,boxing should be banned,rear hand,counter punch,high
q_001403,d_000373,1.0,1.0,boxing should be banned,rear hand,hand,high
q_001403,d_000446,0.7,0.7,boxing should be banned,rear hand,knockout,high
q_001404,d_000326,0.9,0.9,it is sometimes right for the government to restrict freedom of speech,reasonable restrictions,freedom of speech,high
q_001406,d_000018,0.8,0.8,the american jobs act should be passed,recession,american jobs act,high
q_001406,d_000053,0.8,0.8,europe should weaken its austerity measures to guarantee its citizens greater social support,recession,austerity measures,high
q_001410,d_000714,1.0,1.0,the right to asylum should not be absolute,refugee,right to asylum,high
q_001411,d_000714,0.8,0.8,the right to asylum should not be absolute,refugee camps,right to asylum,high
q_001412,d_000714,1.0,1.0,the right to asylum should not be absolute,refugee status,right to asylum,high
q_001412,d_000792,0.9,0.9,the right to asylum should not be absolute,refugee status,status,high
q_001413,d_000172,0.8,0.8,the right to asylum should not be absolute,refugees,countries of origin,high
q_001413,d_000422,1.0,1.0,the right to asylum should not be absolute,refugees,international refugee organization,high
q_001413,d_000633,0.7,0.7,the right to asylum should not be absolute,refugees,ports of entry,high
q_001413,d_000710,1.0,1.0,the right to asylum should not be absolute,refugees,resettlement,high
q_001413,d_000714,1.0,1.0,the right to asylum should not be absolute,refugees,right to asylum,high
q_001415,d_000526,0.7,0.7,us should re-engage myanmar,regime,myanmar,high
q_001416,d_000515,1.0,1.0,the monarchy should be abolished,reign,monarchy,high
q_001418,d_000046,1.0,1.0,atheism is the only way,religion,atheism,high
q_001418,d_000176,0.9,0.9,atheism is the only way,religion,creator god,high
q_001419,d_000277,0.7,0.7,wind power should be a primary focus of future energy supply,renewable,energy supply,high
q_001419,d_000903,0.8,0.8,wind power should be a primary focus of future energy supply,renewable,wind power,high
q_001420,d_000277,1.0,1.0,wind power should be a primary focus of future energy supply,renewable electricity,energy supply,high
q_001420,d_000903,1.0,1.0,wind power should be a primary focus of future energy supply,renewable electricity,wind power,high
q_001421,d_000277,0.9,0.9,wind power should be a primary focus of future energy supply,renewable energy,energy supply,high
q_001421,d_000532,1.0,1.0,wind power should be a primary focus of future energy supply,renewable energy,national renewable energy,high
q_001421,d_000655,0.8,0.8,wind power should be a primary focus of future energy supply,renewable energy,projects,high
q_001421,d_000699,1.0,1.0,wind power should be a primary focus of future energy supply,renewable energy,renewable electricity,high
q_001421,d_000701,1.0,1.0,wind power should be a primary focus of future energy supply,renewable energy,renewable energy technologies,high
q_001421,d_000903,0.9,0.9,wind power should be a primary focus of future energy supply,renewable energy,wind power,high
q_001422,d_000277,1.0,1.0,wind power should be a primary focus of future energy supply,renewable energy production,energy supply,high
q_001422,d_000903,1.0,1.0,wind power should be a primary focus of future energy supply,renewable energy production,wind power,high
q_001423,d_000263,0.9,0.9,wind power should be a primary focus of future energy supply,renewable energy sources,electricity generation,high
q_001423,d_000277,0.9,0.9,wind power should be a primary focus of future energy supply,renewable energy sources,energy supply,high
q_001423,d_000700,1.0,1.0,wind power should be a primary focus of future energy supply,renewable energy sources,renewable energy production,high
q_001423,d_000701,1.0,1.0,wind power should be a primary focus of future energy supply,renewable energy sources,renewable energy technologies,high
q_001423,d_000902,0.9,0.9,wind power should be a primary focus of future energy supply,renewable energy sources,wind energy projects,high
q_001423,d_000903,1.0,1.0,wind power should be a primary focus of future energy supply,renewable energy sources,wind power,high
q_001424,d_000277,1.0,1.0,wind power should be a primary focus of future energy supply,renewable energy technologies,energy supply,high
q_001424,d_000903,1.0,1.0,wind power should be a primary focus of future energy supply,renewable energy technologies,wind power,high
q_001425,d_000277,0.7,0.7,wind power should be a primary focus of future energy supply,renewable portfolio standards,energy supply,high
q_001425,d_000903,0.7,0.7,wind power should be a primary focus of future energy supply,renewable portfolio standards,wind power,high
q_001426,d_000277,0.7,0.7,wind power should be a primary focus of future energy supply,renewables,energy supply,high
q_001426,d_000903,0.7,0.7,wind power should be a primary focus of future energy supply,renewables,wind power,high
q_001430,d_000108,0.75,0.75,google shouldn't censor its search results in china,reporters without borders,censor,high
q_001430,d_000717,0.7,0.7,the leaking of military documents by anat kamm is justified,reporters without borders,robert mã©nard,high
q_001431,d_000119,0.7,0.7,the one-child policy of china is justified,reproductive,children per woman,high
q_001433,d_000577,0.8,0.8,the one-child policy of china is justified,reproductive rights,one child policy,high
q_001434,d_000120,1.0,1.0,the one-child policy of china is justified,republic of china,china,high
q_001434,d_000577,0.9,0.9,the one-child policy of china is justified,republic of china,one child policy,high
q_001434,d_000779,0.7,0.7,the one-child policy of china is justified,republic of china,special administrative regions,high
q_001435,d_000515,1.0,1.0,the monarchy should be abolished,republican,monarchy,high
q_001436,d_000095,0.7,0.7,open primaries are the most effective method of selecting candidates for elections,republican party,candidates,high
q_001436,d_000258,0.9,0.9,open primaries are the most effective method of selecting candidates for elections,republican party,elections,high
q_001436,d_000582,0.7,0.7,open primaries are the most effective method of selecting candidates for elections,republican party,open primaries,high
q_001439,d_000028,0.9,0.9,exploitation of the antarctic continent should be ceased,research stations,antarctic continent,high
q_001440,d_000515,0.7,0.7,the monarchy should be abolished,reserve powers,monarchy,high
q_001441,d_000714,0.9,0.9,the right to asylum should not be absolute,resettlement,right to asylum,high
q_001442,d_000257,0.9,0.9,opinion polls harm the democratic process,results,election results,high
q_001442,d_000585,1.0,1.0,opinion polls harm the democratic process,results,opinion polls,high
q_001443,d_000481,1.0,1.0,a mandatory retirement age should be used,retirement,mandatory retirement age,high
q_001444,d_000481,0.8,0.8,a mandatory retirement age should be used,retirement plans,mandatory retirement age,high
q_001445,d_000914,0.7,0.7,year round schooling should be introduced,returning to school,year round schooling,high
q_001446,d_000009,1.0,1.0,the use of affirmative action is justified,reverse discrimination,affirmative action,high
q_001446,d_000513,0.9,0.9,the use of affirmative action is justified,reverse discrimination,modern symbolic prejudice,high
q_001447,d_000839,0.9,0.9,all collective bargaining rights claimed by trades unions should be abolished,revolutionary industrial unionism,trades unions,high
q_001450,d_000046,0.9,0.9,atheism is the only way,richard dawkins,atheism,high
q_001451,d_000046,0.9,0.9,atheism is the only way,richard dawkins foundation,atheism,high
q_001452,d_000326,1.0,1.0,it is sometimes right for the government to restrict freedom of speech,rights,freedom of speech,high
q_001452,d_000413,0.9,0.9,intellectual property rights should be abolished,rights,intellectual property rights,high
q_001453,d_000326,1.0,1.0,it is sometimes right for the government to restrict freedom of speech,rights of man,freedom of speech,high
q_001454,d_000341,0.8,0.8,parents should be allowed to genetically screen fetuses for heritable diseases,risk score,genetic screening,high
q_001454,d_000378,0.8,0.8,parents should be allowed to genetically screen fetuses for heritable diseases,risk score,heritable diseases,high
q_001454,d_000637,0.8,0.8,parents should be allowed to genetically screen fetuses for heritable diseases,risk score,prenatal testing,high
q_001456,d_000104,1.0,1.0,the catholic church is justified in forbidding the use of barrier methods of contraception,roman catholic church,catholic church,high
q_001457,d_000028,0.7,0.7,exploitation of the antarctic continent should be ceased,ross,antarctic continent,high
q_001458,d_000258,0.8,0.8,open primaries are the most effective method of selecting candidates for elections,round of counting,elections,high
q_001459,d_000095,0.7,0.7,open primaries are the most effective method of selecting candidates for elections,round of voting,candidates,high
q_001459,d_000258,0.9,0.9,open primaries are the most effective method of selecting candidates for elections,round of voting,elections,high
q_001459,d_000291,0.7,0.7,open primaries are the most effective method of selecting candidates for elections,round of voting,exhaustive ballot,high
q_001459,d_000582,0.7,0.7,open primaries are the most effective method of selecting candidates for elections,round of voting,open primaries,high
q_001459,d_000720,0.8,0.8,open primaries are the most effective method of selecting candidates for elections,round of voting,round of counting,high
q_001460,d_000082,1.0,1.0,boxing should be banned,rounds,boxing,high
q_001461,d_000258,0.9,0.9,open primaries are the most effective method of selecting candidates for elections,rounds of voting,elections,high
q_001461,d_000582,0.9,0.9,open primaries are the most effective method of selecting candidates for elections,rounds of voting,open primaries,high
q_001461,d_000720,0.7,0.7,open primaries are the most effective method of selecting candidates for elections,rounds of voting,round of counting,high
q_001462,d_000439,0.7,0.7,the keystone xl pipeline should be built,route,keystone xl pipeline,high
q_001463,d_000259,0.9,0.9,the monarchy should be abolished,royal,elective monarchies,high
q_001463,d_000514,0.9,0.9,the monarchy should be abolished,royal,monarch's,high
q_001463,d_000515,1.0,1.0,the monarchy should be abolished,royal,monarchy,high
q_001464,d_000515,1.0,1.0,the monarchy should be abolished,royal family,monarchy,high
q_001465,d_000515,1.0,1.0,the monarchy should be abolished,royal prerogative,monarchy,high
q_001467,d_000095,0.8,0.8,open primaries are the most effective method of selecting candidates for elections,runoff voting,candidates,high
q_001467,d_000258,1.0,1.0,open primaries are the most effective method of selecting candidates for elections,runoff voting,elections,high
q_001467,d_000582,0.9,0.9,open primaries are the most effective method of selecting candidates for elections,runoff voting,open primaries,high
q_001471,d_000331,0.7,0.7,gambling should be banned,safe port act,gambling,high
q_001473,d_000046,1.0,1.0,atheism is the only way,sam harris,atheism,high
q_001474,d_000585,0.9,0.9,opinion polls harm the democratic process,sample size,opinion polls,high
q_001474,d_000810,0.8,0.8,opinion polls harm the democratic process,sample size,survey results,high
q_001475,d_000585,0.8,0.8,opinion polls harm the democratic process,sampling error,opinion polls,high
q_001477,d_000526,1.0,1.0,us should re-engage myanmar,sanctions on burma,myanmar,high
q_001477,d_000863,1.0,1.0,us should re-engage myanmar,sanctions on burma,us,high
q_001478,d_000075,0.8,0.8,the keystone xl pipeline should be built,sand,bituminous sands,high
q_001480,d_000053,0.7,0.7,europe should weaken its austerity measures to guarantee its citizens greater social support,savings,austerity measures,high
q_001482,d_000612,0.9,0.9,the use of performance enhancing drugs in professional sports should be permitted,schedule iii,performance enhancing drugs,high
q_001483,d_000250,1.0,1.0,education should be funded using a voucher scheme,school,education,high
q_001483,d_000731,1.0,1.0,year round schooling should be introduced,school,school activities,high
q_001483,d_000883,0.8,0.8,education should be funded using a voucher scheme,school,voucher scheme,high
q_001483,d_000914,1.0,1.0,year round schooling should be introduced,school,year round schooling,high
q_001485,d_000250,0.9,0.9,education should be funded using a voucher scheme,school board,education,high
q_001486,d_000250,1.0,1.0,education should be funded using a voucher scheme,school choice,education,high
q_001486,d_000883,0.9,0.9,education should be funded using a voucher scheme,school choice,voucher scheme,high
q_001487,d_000250,0.9,0.9,education should be funded using a voucher scheme,school districts,education,high
q_001488,d_000914,0.8,0.8,year round schooling should be introduced,school holidays,year round schooling,high
q_001489,d_000733,1.0,1.0,the school leaving age should be raised to 18,school leaving age,school leaving age,high
q_001490,d_000914,0.9,0.9,year round schooling should be introduced,school programs,year round schooling,high
q_001491,d_000250,1.0,1.0,education should be funded using a voucher scheme,school system,education,high
q_001491,d_000883,0.9,0.9,education should be funded using a voucher scheme,school system,voucher scheme,high
q_001492,d_000250,1.0,1.0,education should be funded using a voucher scheme,school vouchers,education,high
q_001492,d_000883,1.0,1.0,education should be funded using a voucher scheme,school vouchers,voucher scheme,high
q_001493,d_000914,1.0,1.0,year round schooling should be introduced,school year,year round schooling,high
q_001494,d_000733,0.9,0.9,the school leaving age should be raised to 18,schooling,school leaving age,high
q_001495,d_000118,1.0,1.0,the school leaving age should be raised to 18,schools,children,high
q_001495,d_000250,1.0,1.0,education should be funded using a voucher scheme,schools,education,high
q_001495,d_000379,0.9,0.9,education should be funded using a voucher scheme,schools,higher education,high
q_001495,d_000668,1.0,1.0,education should be funded using a voucher scheme,schools,public school students,high
q_001495,d_000711,0.9,0.9,year round schooling should be introduced,schools,returning to school,high
q_001495,d_000733,1.0,1.0,the school leaving age should be raised to 18,schools,school leaving age,high
q_001495,d_000790,1.0,1.0,education should be funded using a voucher scheme,schools,state schools,high
q_001495,d_000883,0.9,0.9,education should be funded using a voucher scheme,schools,voucher scheme,high
q_001495,d_000914,1.0,1.0,year round schooling should be introduced,schools,year round schooling,high
q_001496,d_000046,0.8,0.8,atheism is the only way,science,atheism,high
q_001497,d_000046,0.7,0.7,atheism is the only way,scientific,atheism,high
q_001498,d_000341,1.0,1.0,parents should be allowed to genetically screen fetuses for heritable diseases,screening,genetic screening,high
q_001498,d_000424,0.7,0.7,parents should be allowed to genetically screen fetuses for heritable diseases,screening,invasive procedure,high
q_001498,d_000830,0.8,0.8,parents should be allowed to genetically screen fetuses for heritable diseases,screening,test results,high
q_001499,d_000314,0.7,0.7,parents should be allowed to genetically screen fetuses for heritable diseases,screening test,fetuses,high
q_001499,d_000341,0.9,0.9,parents should be allowed to genetically screen fetuses for heritable diseases,screening test,genetic screening,high
q_001499,d_000378,1.0,1.0,parents should be allowed to genetically screen fetuses for heritable diseases,screening test,heritable diseases,high
q_001502,d_000351,1.0,1.0,google shouldn't censor its search results in china,search,google,high
q_001502,d_000440,1.0,1.0,google shouldn't censor its search results in china,search,keywords,high
q_001502,d_000738,1.0,1.0,google shouldn't censor its search results in china,search,search results,high
q_001503,d_000076,0.7,0.7,google shouldn't censor its search results in china,search engine,block,high
q_001503,d_000351,1.0,1.0,google shouldn't censor its search results in china,search engine,google,high
q_001503,d_000352,1.0,1.0,google shouldn't censor its search results in china,search engine,google search,high
q_001503,d_000440,0.9,0.9,google shouldn't censor its search results in china,search engine,keywords,high
q_001503,d_000738,1.0,1.0,google shouldn't censor its search results in china,search engine,search results,high
q_001504,d_000351,1.0,1.0,google shouldn't censor its search results in china,search engines,google,high
q_001504,d_000363,0.7,0.7,google shouldn't censor its search results in china,search engines,great firewall,high
q_001504,d_000738,1.0,1.0,google shouldn't censor its search results in china,search engines,search results,high
q_001505,d_000108,0.9,0.9,google shouldn't censor its search results in china,search results,censor,high
q_001505,d_000351,1.0,1.0,google shouldn't censor its search results in china,search results,google,high
q_001505,d_000363,0.7,0.7,google shouldn't censor its search results in china,search results,great firewall,high
q_001505,d_000440,0.9,0.9,google shouldn't censor its search results in china,search results,keywords,high
q_001505,d_000738,1.0,1.0,google shouldn't censor its search results in china,search results,search results,high
q_001509,d_000023,0.8,0.8,the leaking of military documents by anat kamm is justified,secret,anat kamm,high
q_001509,d_000110,0.9,0.9,the leaking of military documents by anat kamm is justified,secret,central intelligence agency,high
q_001509,d_000135,1.0,1.0,the leaking of military documents by anat kamm is justified,secret,classified,high
q_001509,d_000460,0.7,0.7,the leaking of military documents by anat kamm is justified,secret,leaking,high
q_001509,d_000504,1.0,1.0,the leaking of military documents by anat kamm is justified,secret,military documents,high
q_001509,d_000895,0.8,0.8,the leaking of military documents by anat kamm is justified,secret,whistleblower,high
q_001510,d_000354,0.9,0.9,it is sometimes right for the government to restrict freedom of speech,secret service,government,high
q_001511,d_000023,0.7,0.7,the leaking of military documents by anat kamm is justified,secrets,anat kamm,high
q_001511,d_000459,0.8,0.8,the leaking of military documents by anat kamm is justified,secrets,leak,high
q_001511,d_000460,0.9,0.9,the leaking of military documents by anat kamm is justified,secrets,leaking,high
q_001511,d_000504,1.0,1.0,the leaking of military documents by anat kamm is justified,secrets,military documents,high
q_001512,d_000504,1.0,1.0,the leaking of military documents by anat kamm is justified,security,military documents,high
q_001515,d_000533,0.8,0.8,national service should be reintroduced,selective service,national service,high
q_001516,d_000233,0.7,0.7,national service should be reintroduced,selective service act,draft law,high
q_001516,d_000503,0.9,0.9,national service should be reintroduced,selective service act,military conscription,high
q_001516,d_000533,0.9,0.9,national service should be reintroduced,selective service act,national service,high
q_001517,d_000533,0.9,0.9,national service should be reintroduced,selective service system,national service,high
q_001518,d_000331,0.8,0.8,gambling should be banned,sell lottery tickets,gambling,high
q_001519,d_000151,0.7,0.7,congressional earmarks should be abolished,senate,congressional earmarks,high
q_001519,d_000240,0.7,0.7,congressional earmarks should be abolished,senate,earmark,high
q_001520,d_000151,0.7,0.7,congressional earmarks should be abolished,senators and representatives,congressional earmarks,high
q_001522,d_000533,1.0,1.0,national service should be reintroduced,service,national service,high
q_001524,d_000066,1.0,1.0,the catholic church is justified in forbidding the use of barrier methods of contraception,sex,barrier methods of contraception,high
q_001524,d_000382,1.0,1.0,the catholic church is justified in forbidding the use of barrier methods of contraception,sex,hiv and aids,high
q_001525,d_000009,1.0,1.0,the use of affirmative action is justified,sex discrimination,affirmative action,high
q_001526,d_000066,1.0,1.0,the catholic church is justified in forbidding the use of barrier methods of contraception,sex education,barrier methods of contraception,high
q_001526,d_000091,0.7,0.7,the catholic church is justified in forbidding the use of barrier methods of contraception,sex education,calendar based methods,high
q_001526,d_000382,1.0,1.0,the catholic church is justified in forbidding the use of barrier methods of contraception,sex education,hiv and aids,high
q_001526,d_000750,1.0,1.0,the catholic church is justified in forbidding the use of barrier methods of contraception,sex education,sexually transmitted disease,high
q_001526,d_000793,1.0,1.0,the catholic church is justified in forbidding the use of barrier methods of contraception,sex education,stds,high
q_001527,d_000074,0.9,0.9,the one-child policy of china is justified,sex selective abortion,birth control,high
q_001527,d_000304,0.7,0.7,the one-child policy of china is justified,sex selective abortion,family planning programs,high
q_001527,d_000577,0.9,0.9,the one-child policy of china is justified,sex selective abortion,one child policy,high
q_001528,d_000066,0.9,0.9,the catholic church is justified in forbidding the use of barrier methods of contraception,sexual,barrier methods of contraception,high
q_001528,d_000161,0.8,0.8,the catholic church is justified in forbidding the use of barrier methods of contraception,sexual,contraceptives,high
q_001528,d_000793,0.8,0.8,the catholic church is justified in forbidding the use of barrier methods of contraception,sexual,stds,high
q_001529,d_000066,1.0,1.0,the catholic church is justified in forbidding the use of barrier methods of contraception,sexual revolution,barrier methods of contraception,high
q_001531,d_000066,1.0,1.0,the catholic church is justified in forbidding the use of barrier methods of contraception,sexuality education,barrier methods of contraception,high
q_001532,d_000066,0.7,0.7,the catholic church is justified in forbidding the use of barrier methods of contraception,sexually,barrier methods of contraception,high
q_001534,d_000066,0.9,0.9,the catholic church is justified in forbidding the use of barrier methods of contraception,sexually transmitted,barrier methods of contraception,high
q_001534,d_000161,0.7,0.7,the catholic church is justified in forbidding the use of barrier methods of contraception,sexually transmitted,contraceptives,high
q_001534,d_000785,0.9,0.9,the catholic church is justified in forbidding the use of barrier methods of contraception,sexually transmitted,spread of hiv,high
q_001535,d_000066,0.9,0.9,the catholic church is justified in forbidding the use of barrier methods of contraception,sexually transmitted disease,barrier methods of contraception,high
q_001536,d_000066,0.9,0.9,the catholic church is justified in forbidding the use of barrier methods of contraception,sexually transmitted diseases,barrier methods of contraception,high
q_001536,d_000406,1.0,1.0,the catholic church is justified in forbidding the use of barrier methods of contraception,sexually transmitted diseases,infections,high
q_001537,d_000066,0.9,0.9,the catholic church is justified in forbidding the use of barrier methods of contraception,sexually transmitted infection,barrier methods of contraception,high
q_001538,d_000066,0.9,0.9,the catholic church is justified in forbidding the use of barrier methods of contraception,sexually transmitted infections,barrier methods of contraception,high
q_001538,d_000406,1.0,1.0,the catholic church is justified in forbidding the use of barrier methods of contraception,sexually transmitted infections,infections,high
q_001539,d_000526,1.0,1.0,us should re-engage myanmar,shan state,myanmar,high
q_001540,d_000526,1.0,1.0,us should re-engage myanmar,shan states,myanmar,high
q_001541,d_000082,0.8,0.8,boxing should be banned,shoulder lean,boxing,high
q_001543,d_000526,1.0,1.0,us should re-engage myanmar,shwedagon pagoda,myanmar,high
q_001544,d_000863,1.0,1.0,the us is justified in using force to prevent states from acquiring nuclear weapons,signed the npt,us,high
q_001546,d_000314,0.7,0.7,parents should be allowed to genetically screen fetuses for heritable diseases,single cell pcr,fetuses,high
q_001546,d_000341,0.9,0.9,parents should be allowed to genetically screen fetuses for heritable diseases,single cell pcr,genetic screening,high
q_001546,d_000378,0.7,0.7,parents should be allowed to genetically screen fetuses for heritable diseases,single cell pcr,heritable diseases,high
q_001546,d_000637,0.7,0.7,parents should be allowed to genetically screen fetuses for heritable diseases,single cell pcr,prenatal testing,high
q_001546,d_000737,0.8,0.8,parents should be allowed to genetically screen fetuses for heritable diseases,single cell pcr,screening test,high
q_001548,d_000095,0.8,0.8,open primaries are the most effective method of selecting candidates for elections,single transferable vote,candidates,high
q_001548,d_000258,1.0,1.0,open primaries are the most effective method of selecting candidates for elections,single transferable vote,elections,high
q_001548,d_000582,0.7,0.7,open primaries are the most effective method of selecting candidates for elections,single transferable vote,open primaries,high
q_001549,d_000095,0.7,0.7,open primaries are the most effective method of selecting candidates for elections,single winner,candidates,high
q_001549,d_000258,0.9,0.9,open primaries are the most effective method of selecting candidates for elections,single winner,elections,high
q_001552,d_000839,0.7,0.7,all collective bargaining rights claimed by trades unions should be abolished,skilled workers,trades unions,high
q_001553,d_000326,0.9,0.9,it is sometimes right for the government to restrict freedom of speech,slander,freedom of speech,high
q_001554,d_000326,0.9,0.9,it is sometimes right for the government to restrict freedom of speech,slander and libel,freedom of speech,high
q_001556,d_000331,1.0,1.0,gambling should be banned,slot machines,gambling,high
q_001557,d_000365,0.8,0.8,states should not subsidize the growing of tobacco,smoke,growing of tobacco,high
q_001557,d_000542,0.8,0.8,states should not subsidize the growing of tobacco,smoke,nicotinic acetylcholine receptors,high
q_001557,d_000767,0.8,0.8,states should not subsidize the growing of tobacco,smoke,smoke free workplaces,high
q_001559,d_000669,0.8,0.8,states should not subsidize the growing of tobacco,smoke free laws,pubs and clubs,high
q_001559,d_000768,0.7,0.7,states should not subsidize the growing of tobacco,smoke free laws,smokeless tobacco,high
q_001561,d_000365,0.8,0.8,states should not subsidize the growing of tobacco,smokeless tobacco,growing of tobacco,high
q_001562,d_000020,0.8,0.8,states should not subsidize the growing of tobacco,smokers,american tobacco,high
q_001562,d_000127,1.0,1.0,states should not subsidize the growing of tobacco,smokers,cigar smokers,high
q_001562,d_000128,1.0,1.0,states should not subsidize the growing of tobacco,smokers,cigar smoking,high
q_001562,d_000619,0.9,0.9,states should not subsidize the growing of tobacco,smokers,pipe,high
q_001562,d_000768,0.9,0.9,states should not subsidize the growing of tobacco,smokers,smokeless tobacco,high
q_001563,d_000128,1.0,1.0,states should not subsidize the growing of tobacco,smoking,cigar smoking,high
q_001563,d_000365,0.9,0.9,states should not subsidize the growing of tobacco,smoking,growing of tobacco,high
q_001563,d_000482,1.0,1.0,states should not subsidize the growing of tobacco,smoking,marlboro,high
q_001563,d_000769,1.0,1.0,states should not subsidize the growing of tobacco,smoking,smoking among women,high
q_001563,d_000834,1.0,1.0,states should not subsidize the growing of tobacco,smoking,tobacco consumption,high
q_001565,d_000032,1.0,1.0,states should not subsidize the growing of tobacco,smoking bans,anti smoking movement,high
q_001565,d_000127,1.0,1.0,states should not subsidize the growing of tobacco,smoking bans,cigar smokers,high
q_001565,d_000365,0.7,0.7,states should not subsidize the growing of tobacco,smoking bans,growing of tobacco,high
q_001565,d_000834,1.0,1.0,states should not subsidize the growing of tobacco,smoking bans,tobacco consumption,high
q_001568,d_000365,0.7,0.7,states should not subsidize the growing of tobacco,snuff,growing of tobacco,high
q_001571,d_000279,0.9,0.9,the one-child policy of china is justified,social sex selection,ericsson method,high
q_001572,d_000685,1.0,1.0,the sale of violent video games to minors should be banned,software rating board,rating board esrb,high
q_001572,d_000875,0.9,0.9,the sale of violent video games to minors should be banned,software rating board,violent video games,high
q_001573,d_000022,0.8,0.8,exploitation of the antarctic continent should be ceased,south pole,amundsen,high
q_001573,d_000028,1.0,1.0,exploitation of the antarctic continent should be ceased,south pole,antarctic continent,high
q_001573,d_000487,0.8,0.8,exploitation of the antarctic continent should be ceased,south pole,mcmurdo,high
q_001573,d_000708,0.7,0.7,exploitation of the antarctic continent should be ceased,south pole,research stations,high
q_001574,d_000526,1.0,1.0,us should re-engage myanmar,southeast asia,myanmar,high
q_001576,d_000515,0.9,0.9,the monarchy should be abolished,sovereign,monarchy,high
q_001576,d_000704,0.7,0.7,the monarchy should be abolished,sovereign,republican,high
q_001577,d_000053,0.7,0.7,europe should weaken its austerity measures to guarantee its citizens greater social support,sovereign debt,austerity measures,high
q_001579,d_000215,0.8,0.8,all nations have a right to nuclear weapons,soviet,developing nuclear weapons,high
q_001579,d_000536,0.8,0.8,all nations have a right to nuclear weapons,soviet,nations,high
q_001580,d_000536,0.9,0.9,all nations have a right to nuclear weapons,soviet union,nations,high
q_001580,d_000536,0.7,0.7,the us is justified in using force to prevent states from acquiring nuclear weapons,soviet union,nations,high
q_001580,d_000560,0.7,0.7,the us is justified in using force to prevent states from acquiring nuclear weapons,soviet union,nuclear weapons,high
q_001580,d_000634,0.8,0.8,the us is justified in using force to prevent states from acquiring nuclear weapons,soviet union,possess nuclear weapons,high
q_001580,d_000867,1.0,1.0,the us is justified in using force to prevent states from acquiring nuclear weapons,soviet union,ussr,high
q_001581,d_000120,0.7,0.7,the one-child policy of china is justified,special administrative regions,china,high
q_001582,d_000273,1.0,1.0,endangered species should be protected,species,endangered species,high
q_001582,d_000425,0.9,0.9,endangered species should be protected,species,invasive species,high
q_001583,d_000273,0.9,0.9,endangered species should be protected,species and ecosystems,endangered species,high
q_001583,d_000425,0.7,0.7,endangered species should be protected,species and ecosystems,invasive species,high
q_001583,d_000811,0.7,0.7,endangered species should be protected,species and ecosystems,sustainability,high
q_001584,d_000273,1.0,1.0,endangered species should be protected,species extinctions,endangered species,high
q_001585,d_000273,1.0,1.0,endangered species should be protected,species loss,endangered species,high
q_001586,d_000109,0.7,0.7,it is sometimes right for the government to restrict freedom of speech,speech,censored,high
q_001586,d_000326,1.0,1.0,it is sometimes right for the government to restrict freedom of speech,speech,freedom of speech,high
q_001587,d_000053,0.8,0.8,europe should weaken its austerity measures to guarantee its citizens greater social support,spending,austerity measures,high
q_001587,d_000151,0.8,0.8,congressional earmarks should be abolished,spending,congressional earmarks,high
q_001588,d_000314,1.0,1.0,parents should be allowed to genetically screen fetuses for heritable diseases,spina bifida,fetuses,high
q_001588,d_000341,0.7,0.7,parents should be allowed to genetically screen fetuses for heritable diseases,spina bifida,genetic screening,high
q_001588,d_000378,0.7,0.7,parents should be allowed to genetically screen fetuses for heritable diseases,spina bifida,heritable diseases,high
q_001591,d_000331,1.0,1.0,gambling should be banned,sports betting,gambling,high
q_001592,d_000066,1.0,1.0,the catholic church is justified in forbidding the use of barrier methods of contraception,spread of hiv,barrier methods of contraception,high
q_001594,d_000104,0.8,0.8,the catholic church is justified in forbidding the use of barrier methods of contraception,st peter's,catholic church,high
q_001595,d_000250,0.7,0.7,education should be funded using a voucher scheme,stanley plan,education,high
q_001595,d_000790,0.7,0.7,education should be funded using a voucher scheme,stanley plan,state schools,high
q_001599,d_000250,1.0,1.0,education should be funded using a voucher scheme,state schools,education,high
q_001599,d_000883,0.9,0.9,education should be funded using a voucher scheme,state schools,voucher scheme,high
q_001600,d_000023,0.9,0.9,the leaking of military documents by anat kamm is justified,state secrets,anat kamm,high
q_001600,d_000217,0.8,0.8,the leaking of military documents by anat kamm is justified,state secrets,disclosure,high
q_001600,d_000460,0.8,0.8,the leaking of military documents by anat kamm is justified,state secrets,leaking,high
q_001600,d_000504,1.0,1.0,the leaking of military documents by anat kamm is justified,state secrets,military documents,high
q_001600,d_000660,0.7,0.7,the leaking of military documents by anat kamm is justified,state secrets,prosecutions for treason,high
q_001600,d_000786,0.9,0.9,the leaking of military documents by anat kamm is justified,state secrets,spy,high
q_001600,d_000895,0.7,0.7,the leaking of military documents by anat kamm is justified,state secrets,whistleblower,high
q_001600,d_000898,0.9,0.9,the leaking of military documents by anat kamm is justified,state secrets,wikileaks released,high
q_001601,d_000217,0.7,0.7,the leaking of military documents by anat kamm is justified,state secrets privilege,disclosure,high
q_001601,d_000354,0.9,0.9,it is sometimes right for the government to restrict freedom of speech,state secrets privilege,government,high
q_001601,d_000460,0.7,0.7,the leaking of military documents by anat kamm is justified,state secrets privilege,leaking,high
q_001601,d_000504,0.8,0.8,the leaking of military documents by anat kamm is justified,state secrets privilege,military documents,high
q_001602,d_000791,1.0,1.0,the us is justified in using force to prevent states from acquiring nuclear weapons,states,states,high
q_001602,d_000863,0.8,0.8,the us is justified in using force to prevent states from acquiring nuclear weapons,states,us,high
q_001605,d_000227,1.0,1.0,the right to asylum should not be absolute,status of refugees,displaced people,high
q_001605,d_000714,1.0,1.0,the right to asylum should not be absolute,status of refugees,right to asylum,high
q_001605,d_000792,0.7,0.7,the right to asylum should not be absolute,status of refugees,status,high
q_001606,d_000066,1.0,1.0,the catholic church is justified in forbidding the use of barrier methods of contraception,stds,barrier methods of contraception,high
q_001612,d_000024,1.0,1.0,the use of performance enhancing drugs in professional sports should be permitted,steroid,androgen,high
q_001612,d_000612,1.0,1.0,the use of performance enhancing drugs in professional sports should be permitted,steroid,performance enhancing drugs,high
q_001612,d_000654,0.9,0.9,the use of performance enhancing drugs in professional sports should be permitted,steroid,professional sports,high
q_001612,d_000679,0.7,0.7,the use of performance enhancing drugs in professional sports should be permitted,steroid,random testing,high
q_001613,d_000612,1.0,1.0,the use of performance enhancing drugs in professional sports should be permitted,steroid users,performance enhancing drugs,high
q_001613,d_000654,1.0,1.0,the use of performance enhancing drugs in professional sports should be permitted,steroid users,professional sports,high
q_001613,d_000679,1.0,1.0,the use of performance enhancing drugs in professional sports should be permitted,steroid users,random testing,high
q_001614,d_000005,0.7,0.7,the use of performance enhancing drugs in professional sports should be permitted,steroids,abuse potential,high
q_001614,d_000025,1.0,1.0,the use of performance enhancing drugs in professional sports should be permitted,steroids,androgenic steroids,high
q_001614,d_000047,0.9,0.9,the use of performance enhancing drugs in professional sports should be permitted,steroids,athlete,high
q_001614,d_000388,0.9,0.9,the use of performance enhancing drugs in professional sports should be permitted,steroids,hormones,high
q_001614,d_000510,1.0,1.0,the use of performance enhancing drugs in professional sports should be permitted,steroids,mitchell report,high
q_001614,d_000654,0.9,0.9,the use of performance enhancing drugs in professional sports should be permitted,steroids,professional sports,high
q_001614,d_000730,0.8,0.8,the use of performance enhancing drugs in professional sports should be permitted,steroids,schedule iii,high
q_001616,d_000082,1.0,1.0,boxing should be banned,straight punch thrown,boxing,high
q_001617,d_000095,0.9,0.9,open primaries are the most effective method of selecting candidates for elections,strategic nomination,candidates,high
q_001617,d_000258,1.0,1.0,open primaries are the most effective method of selecting candidates for elections,strategic nomination,elections,high
q_001617,d_000582,0.7,0.7,open primaries are the most effective method of selecting candidates for elections,strategic nomination,open primaries,high
q_001618,d_000875,0.7,0.7,the sale of violent video games to minors should be banned,strategy games,violent video games,high
q_001619,d_000351,0.9,0.9,google shouldn't censor its search results in china,street view program,google,high
q_001620,d_000250,1.0,1.0,education should be funded using a voucher scheme,students,education,high
q_001620,d_000733,0.8,0.8,the school leaving age should be raised to 18,students,school leaving age,high
q_001620,d_000858,1.0,1.0,the school leaving age should be raised to 18,students,universities,high
q_001620,d_000883,0.8,0.8,education should be funded using a voucher scheme,students,voucher scheme,high
q_001620,d_000914,0.9,0.9,year round schooling should be introduced,students,year round schooling,high
q_001623,d_000063,0.9,0.9,boxing should be banned,style of boxing,bare knuckle,high
q_001623,d_000082,1.0,1.0,boxing should be banned,style of boxing,boxing,high
q_001625,d_000803,1.0,1.0,states should not subsidize the growing of tobacco,subsidy,subsidize,high
q_001626,d_000612,0.9,0.9,the use of performance enhancing drugs in professional sports should be permitted,substance,performance enhancing drugs,high
q_001626,d_000730,0.7,0.7,the use of performance enhancing drugs in professional sports should be permitted,substance,schedule iii,high
q_001626,d_000805,0.9,0.9,the use of performance enhancing drugs in professional sports should be permitted,substance,substance dependence,high
q_001627,d_000612,0.9,0.9,the use of performance enhancing drugs in professional sports should be permitted,substance abuse,performance enhancing drugs,high
q_001627,d_000654,0.7,0.7,the use of performance enhancing drugs in professional sports should be permitted,substance abuse,professional sports,high
q_001627,d_000816,1.0,1.0,the use of performance enhancing drugs in professional sports should be permitted,substance abuse,systematic doping,high
q_001628,d_000612,0.9,0.9,the use of performance enhancing drugs in professional sports should be permitted,substance dependence,performance enhancing drugs,high
q_001629,d_000612,1.0,1.0,the use of performance enhancing drugs in professional sports should be permitted,substances,performance enhancing drugs,high
q_001631,d_000914,1.0,1.0,year round schooling should be introduced,summer,year round schooling,high
q_001632,d_000914,1.0,1.0,year round schooling should be introduced,summer holidays,year round schooling,high
q_001633,d_000435,0.8,0.8,year round schooling should be introduced,summer holidays start,july and august,high
q_001633,d_000914,0.7,0.7,year round schooling should be introduced,summer holidays start,year round schooling,high
q_001634,d_000914,1.0,1.0,year round schooling should be introduced,summer learning loss,year round schooling,high
q_001635,d_000052,0.9,0.9,year round schooling should be introduced,summer vacation,august,high
q_001635,d_000711,0.9,0.9,year round schooling should be introduced,summer vacation,returning to school,high
q_001635,d_000914,1.0,1.0,year round schooling should be introduced,summer vacation,year round schooling,high
q_001636,d_000914,0.7,0.7,year round schooling should be introduced,summer vacation lasts,year round schooling,high
q_001637,d_000914,0.7,0.7,year round schooling should be introduced,summer vacation starts,year round schooling,high
q_001638,d_000258,1.0,1.0,open primaries are the most effective method of selecting candidates for elections,super tuesday,elections,high
q_001638,d_000582,0.9,0.9,open primaries are the most effective method of selecting candidates for elections,super tuesday,open primaries,high
q_001641,d_000102,0.9,0.9,it is sometimes right for the government to restrict freedom of speech,supreme court,case,high
q_001643,d_000585,1.0,1.0,opinion polls harm the democratic process,survey results,opinion polls,high
q_001646,d_000526,1.0,1.0,us should re-engage myanmar,suu kyi,myanmar,high
q_001650,d_000439,1.0,1.0,the keystone xl pipeline should be built,synthetic crude oil,keystone xl pipeline,high
q_001652,d_000612,0.9,0.9,the use of performance enhancing drugs in professional sports should be permitted,systematic doping,performance enhancing drugs,high
q_001652,d_000654,0.8,0.8,the use of performance enhancing drugs in professional sports should be permitted,systematic doping,professional sports,high
q_001653,d_000558,0.7,0.7,all nations have a right to nuclear weapons,tactical nuclear weapons,nuclear tests,high
q_001653,d_000560,1.0,1.0,all nations have a right to nuclear weapons,tactical nuclear weapons,nuclear weapons,high
q_001654,d_000095,0.8,0.8,open primaries are the most effective method of selecting candidates for elections,tactical voting,candidates,high
q_001654,d_000258,1.0,1.0,open primaries are the most effective method of selecting candidates for elections,tactical voting,elections,high
q_001654,d_000582,0.8,0.8,open primaries are the most effective method of selecting candidates for elections,tactical voting,open primaries,high
q_001657,d_000275,0.9,0.9,the leaking of military documents by anat kamm is justified,targeted killing,enemy at war,high
q_001657,d_000502,0.9,0.9,the leaking of military documents by anat kamm is justified,targeted killing,military,high
q_001658,d_000502,1.0,1.0,the leaking of military documents by anat kamm is justified,targeted killings,military,high
q_001670,d_000560,0.9,0.9,all nations have a right to nuclear weapons,teller ulam design,nuclear weapons,high
q_001672,d_000246,0.7,0.7,the american jobs act should be passed,term capital gains,economic,high
q_001673,d_000533,0.9,0.9,national service should be reintroduced,term of service,national service,high
q_001674,d_000140,0.9,0.9,all collective bargaining rights claimed by trades unions should be abolished,terms and conditions,collective bargaining rights,high
q_001675,d_000145,0.7,0.7,google shouldn't censor its search results in china,terms of service,companies,high
q_001675,d_000346,0.7,0.7,google shouldn't censor its search results in china,terms of service,gmail accounts,high
q_001675,d_000351,1.0,1.0,google shouldn't censor its search results in china,terms of service,google,high
q_001675,d_000865,0.7,0.7,google shouldn't censor its search results in china,terms of service,user,high
q_001675,d_000892,0.8,0.8,google shouldn't censor its search results in china,terms of service,web companies,high
q_001677,d_000733,0.8,0.8,the school leaving age should be raised to 18,tertiary education,school leaving age,high
q_001677,d_000858,0.9,0.9,the school leaving age should be raised to 18,tertiary education,universities,high
q_001678,d_000341,0.8,0.8,parents should be allowed to genetically screen fetuses for heritable diseases,test,genetic screening,high
q_001678,d_000737,1.0,1.0,parents should be allowed to genetically screen fetuses for heritable diseases,test,screening test,high
q_001678,d_000851,0.9,0.9,parents should be allowed to genetically screen fetuses for heritable diseases,test,ultrasound,high
q_001679,d_000536,0.7,0.7,all nations have a right to nuclear weapons,test ban treaty,nations,high
q_001679,d_000550,1.0,1.0,all nations have a right to nuclear weapons,test ban treaty,nuclear bomb,high
q_001679,d_000552,0.8,0.8,all nations have a right to nuclear weapons,test ban treaty,nuclear explosive devices,high
q_001679,d_000560,1.0,1.0,all nations have a right to nuclear weapons,test ban treaty,nuclear weapons,high
q_001679,d_000857,1.0,1.0,all nations have a right to nuclear weapons,test ban treaty,united states,high
q_001680,d_000341,0.8,0.8,parents should be allowed to genetically screen fetuses for heritable diseases,test results,genetic screening,high
q_001681,d_000021,0.7,0.7,parents should be allowed to genetically screen fetuses for heritable diseases,testing,amniocentesis,high
q_001681,d_000341,0.8,0.8,parents should be allowed to genetically screen fetuses for heritable diseases,testing,genetic screening,high
q_001681,d_000424,0.8,0.8,parents should be allowed to genetically screen fetuses for heritable diseases,testing,invasive procedure,high
q_001681,d_000427,1.0,1.0,parents should be allowed to genetically screen fetuses for heritable diseases,testing,invasive testing,high
q_001681,d_000737,1.0,1.0,parents should be allowed to genetically screen fetuses for heritable diseases,testing,screening test,high
q_001681,d_000851,1.0,1.0,parents should be allowed to genetically screen fetuses for heritable diseases,testing,ultrasound,high
q_001682,d_000526,0.9,0.9,us should re-engage myanmar,thein sein,myanmar,high
q_001683,d_000046,0.7,0.7,atheism is the only way,theological noncognitivism,atheism,high
q_001684,d_000413,0.9,0.9,intellectual property rights should be abolished,theories of property,intellectual property rights,high
q_001684,d_000433,0.9,0.9,intellectual property rights should be abolished,theories of property,john locke,high
q_001684,d_000667,1.0,1.0,intellectual property rights should be abolished,theories of property,public property,high
q_001686,d_000136,0.7,0.7,the school leaving age should be raised to 18,theory of education,classroom,high
q_001686,d_000447,0.7,0.7,the school leaving age should be raised to 18,theory of education,knowledge,high
q_001687,d_000413,1.0,1.0,intellectual property rights should be abolished,theory of property,intellectual property rights,high
q_001687,d_000433,0.9,0.9,intellectual property rights should be abolished,theory of property,john locke,high
q_001687,d_000602,0.9,0.9,intellectual property rights should be abolished,theory of property,patent laws,high
q_001687,d_000667,1.0,1.0,intellectual property rights should be abolished,theory of property,public property,high
q_001688,d_000560,1.0,1.0,the us is justified in using force to prevent states from acquiring nuclear weapons,threat,nuclear weapons,high
q_001689,d_000009,0.7,0.7,the use of affirmative action is justified,title vii,affirmative action,high
q_001689,d_000367,0.8,0.8,the use of affirmative action is justified,title vii,grutter v bollinger,high
q_001689,d_000674,0.8,0.8,the use of affirmative action is justified,title vii,race creed color,high
q_001689,d_000677,0.9,0.9,the use of affirmative action is justified,title vii,racial groups,high
q_001690,d_000156,0.7,0.7,states should not subsidize the growing of tobacco,tobacco,consumption,high
q_001690,d_000365,1.0,1.0,states should not subsidize the growing of tobacco,tobacco,growing of tobacco,high
q_001690,d_000542,0.9,0.9,states should not subsidize the growing of tobacco,tobacco,nicotinic acetylcholine receptors,high
q_001690,d_000619,0.9,0.9,states should not subsidize the growing of tobacco,tobacco,pipe,high
q_001690,d_000767,0.7,0.7,states should not subsidize the growing of tobacco,tobacco,smoke free workplaces,high
q_001690,d_000772,1.0,1.0,states should not subsidize the growing of tobacco,tobacco,snuff,high
q_001690,d_000834,1.0,1.0,states should not subsidize the growing of tobacco,tobacco,tobacco consumption,high
q_001691,d_000365,0.8,0.8,states should not subsidize the growing of tobacco,tobacco advertising,growing of tobacco,high
q_001692,d_000365,0.9,0.9,states should not subsidize the growing of tobacco,tobacco companies,growing of tobacco,high
q_001692,d_000770,0.7,0.7,states should not subsidize the growing of tobacco,tobacco companies,smoking rates,high
q_001692,d_000771,0.9,0.9,states should not subsidize the growing of tobacco,tobacco companies,smoking restrictions,high
q_001693,d_000365,0.9,0.9,states should not subsidize the growing of tobacco,tobacco consumption,growing of tobacco,high
q_001694,d_000032,1.0,1.0,states should not subsidize the growing of tobacco,tobacco control,anti smoking movement,high
q_001694,d_000365,0.9,0.9,states should not subsidize the growing of tobacco,tobacco control,growing of tobacco,high
q_001694,d_000683,0.8,0.8,states should not subsidize the growing of tobacco,tobacco control,rates of smoking,high
q_001694,d_000771,1.0,1.0,states should not subsidize the growing of tobacco,tobacco control,smoking restrictions,high
q_001695,d_000365,1.0,1.0,states should not subsidize the growing of tobacco,tobacco industry,growing of tobacco,high
q_001695,d_000768,1.0,1.0,states should not subsidize the growing of tobacco,tobacco industry,smokeless tobacco,high
q_001695,d_000770,0.8,0.8,states should not subsidize the growing of tobacco,tobacco industry,smoking rates,high
q_001695,d_000771,0.9,0.9,states should not subsidize the growing of tobacco,tobacco industry,smoking restrictions,high
q_001696,d_000365,1.0,1.0,states should not subsidize the growing of tobacco,tobacco product,growing of tobacco,high
q_001697,d_000032,0.9,0.9,states should not subsidize the growing of tobacco,tobacco products,anti smoking movement,high
q_001697,d_000365,1.0,1.0,states should not subsidize the growing of tobacco,tobacco products,growing of tobacco,high
q_001697,d_000482,1.0,1.0,states should not subsidize the growing of tobacco,tobacco products,marlboro,high
q_001698,d_000128,0.9,0.9,states should not subsidize the growing of tobacco,tobacco smoke,cigar smoking,high
q_001698,d_000482,0.9,0.9,states should not subsidize the growing of tobacco,tobacco smoke,marlboro,high
q_001698,d_000542,0.8,0.8,states should not subsidize the growing of tobacco,tobacco smoke,nicotinic acetylcholine receptors,high
q_001698,d_000770,0.8,0.8,states should not subsidize the growing of tobacco,tobacco smoke,smoking rates,high
q_001698,d_000834,1.0,1.0,states should not subsidize the growing of tobacco,tobacco smoke,tobacco consumption,high
q_001700,d_000460,0.8,0.8,the leaking of military documents by anat kamm is justified,top secret,leaking,high
q_001700,d_000502,1.0,1.0,the leaking of military documents by anat kamm is justified,top secret,military,high
q_001700,d_000504,1.0,1.0,the leaking of military documents by anat kamm is justified,top secret,military documents,high
q_001700,d_000570,1.0,1.0,the leaking of military documents by anat kamm is justified,top secret,official secrets act,high
q_001700,d_000897,0.9,0.9,the leaking of military documents by anat kamm is justified,top secret,wikileaks documents,high
q_001701,d_000074,0.8,0.8,the one-child policy of china is justified,total fertility rate,birth control,high
q_001701,d_000577,0.7,0.7,the one-child policy of china is justified,total fertility rate,one child policy,high
q_001702,d_000577,0.7,0.7,the one-child policy of china is justified,total population,one child policy,high
q_001703,d_000047,1.0,1.0,the use of performance enhancing drugs in professional sports should be permitted,tour de france,athlete,high
q_001703,d_000612,0.8,0.8,the use of performance enhancing drugs in professional sports should be permitted,tour de france,performance enhancing drugs,high
q_001703,d_000654,1.0,1.0,the use of performance enhancing drugs in professional sports should be permitted,tour de france,professional sports,high
q_001705,d_000140,1.0,1.0,all collective bargaining rights claimed by trades unions should be abolished,trade union,collective bargaining rights,high
q_001705,d_000175,0.9,0.9,all collective bargaining rights claimed by trades unions should be abolished,trade union,craft union,high
q_001705,d_000404,0.7,0.7,all collective bargaining rights claimed by trades unions should be abolished,trade union,industrial organizations,high
q_001705,d_000452,0.7,0.7,all collective bargaining rights claimed by trades unions should be abolished,trade union,labour relations,high
q_001705,d_000828,0.8,0.8,all collective bargaining rights claimed by trades unions should be abolished,trade union,terms and conditions,high
q_001705,d_000839,1.0,1.0,all collective bargaining rights claimed by trades unions should be abolished,trade union,trades unions,high
q_001705,d_000855,0.9,0.9,all collective bargaining rights claimed by trades unions should be abolished,trade union,union movement,high
q_001706,d_000140,0.9,0.9,all collective bargaining rights claimed by trades unions should be abolished,trade union members,collective bargaining rights,high
q_001706,d_000492,1.0,1.0,all collective bargaining rights claimed by trades unions should be abolished,trade union members,members,high
q_001706,d_000839,1.0,1.0,all collective bargaining rights claimed by trades unions should be abolished,trade union members,trades unions,high
q_001707,d_000140,1.0,1.0,all collective bargaining rights claimed by trades unions should be abolished,trade unions,collective bargaining rights,high
q_001707,d_000493,0.7,0.7,all collective bargaining rights claimed by trades unions should be abolished,trade unions,membership,high
q_001707,d_000839,1.0,1.0,all collective bargaining rights claimed by trades unions should be abolished,trade unions,trades unions,high
q_001709,d_000250,1.0,1.0,education should be funded using a voucher scheme,traditional public schools,education,high
q_001709,d_000473,0.7,0.7,education should be funded using a voucher scheme,traditional public schools,local school district,high
q_001709,d_000883,0.8,0.8,education should be funded using a voucher scheme,traditional public schools,voucher scheme,high
q_001710,d_000439,0.9,0.9,the keystone xl pipeline should be built,transcanada,keystone xl pipeline,high
q_001712,d_000082,0.9,0.9,boxing should be banned,traumatic brain injury,boxing,high
q_001713,d_000023,0.9,0.9,the leaking of military documents by anat kamm is justified,treason,anat kamm,high
q_001713,d_000217,0.7,0.7,the leaking of military documents by anat kamm is justified,treason,disclosure,high
q_001713,d_000460,0.7,0.7,the leaking of military documents by anat kamm is justified,treason,leaking,high
q_001713,d_000895,0.7,0.7,the leaking of military documents by anat kamm is justified,treason,whistleblower,high
q_001713,d_000897,0.7,0.7,the leaking of military documents by anat kamm is justified,treason,wikileaks documents,high
q_001715,d_000757,0.9,0.9,the us is justified in using force to prevent states from acquiring nuclear weapons,treaty,signed the npt,high
q_001716,d_000515,0.8,0.8,the monarchy should be abolished,treaty of waitangi,monarchy,high
q_001717,d_000560,0.7,0.7,all nations have a right to nuclear weapons,trident,nuclear weapons,high
q_001719,d_000314,0.7,0.7,parents should be allowed to genetically screen fetuses for heritable diseases,trimester,fetuses,high
q_001721,d_000286,0.7,0.7,europe should weaken its austerity measures to guarantee its citizens greater social support,troika,europe,high
q_001724,d_000277,0.9,0.9,wind power should be a primary focus of future energy supply,turbine,energy supply,high
q_001724,d_000903,1.0,1.0,wind power should be a primary focus of future energy supply,turbine,wind power,high
q_001725,d_000263,0.9,0.9,wind power should be a primary focus of future energy supply,turbines,electricity generation,high
q_001725,d_000277,0.9,0.9,wind power should be a primary focus of future energy supply,turbines,energy supply,high
q_001725,d_000903,1.0,1.0,wind power should be a primary focus of future energy supply,turbines,wind power,high
q_001726,d_000365,1.0,1.0,states should not subsidize the growing of tobacco,type of tobacco,growing of tobacco,high
q_001727,d_000365,1.0,1.0,states should not subsidize the growing of tobacco,types of tobacco,growing of tobacco,high
q_001728,d_000108,0.8,0.8,google shouldn't censor its search results in china,typical circumvention methods,censor,high
q_001728,d_000363,0.8,0.8,google shouldn't censor its search results in china,typical circumvention methods,great firewall,high
q_001729,d_000018,1.0,1.0,the american jobs act should be passed,u.s,american jobs act,high
q_001729,d_000536,0.8,0.8,the us is justified in using force to prevent states from acquiring nuclear weapons,u.s,nations,high
q_001729,d_000554,0.9,0.9,the us is justified in using force to prevent states from acquiring nuclear weapons,u.s,nuclear powers,high
q_001729,d_000640,1.0,1.0,the us is justified in using force to prevent states from acquiring nuclear weapons,u.s,president ronald reagan,high
q_001729,d_000791,0.9,0.9,the us is justified in using force to prevent states from acquiring nuclear weapons,u.s,states,high
q_001729,d_000863,1.0,1.0,the us is justified in using force to prevent states from acquiring nuclear weapons,u.s,us,high
q_001730,d_000018,0.9,0.9,the american jobs act should be passed,u.s economy,american jobs act,high
q_001731,d_000207,0.7,0.7,democratic governments should require voters to present photo identification at the polling station,u.s presidential election,democratic governments,high
q_001731,d_000209,0.8,0.8,democratic governments should require voters to present photo identification at the polling station,u.s presidential election,democratic party,high
q_001731,d_000210,1.0,1.0,opinion polls harm the democratic process,u.s presidential election,democratic process,high
q_001731,d_000309,0.9,0.9,democratic governments should require voters to present photo identification at the polling station,u.s presidential election,federal elections,high
q_001731,d_000585,0.8,0.8,opinion polls harm the democratic process,u.s presidential election,opinion polls,high
q_001731,d_000705,0.8,0.8,democratic governments should require voters to present photo identification at the polling station,u.s presidential election,republican party,high
q_001731,d_000810,0.8,0.8,opinion polls harm the democratic process,u.s presidential election,survey results,high
q_001731,d_000880,0.9,0.9,democratic governments should require voters to present photo identification at the polling station,u.s presidential election,voters,high
q_001732,d_000151,0.8,0.8,congressional earmarks should be abolished,u.s senate,congressional earmarks,high
q_001733,d_000331,1.0,1.0,gambling should be banned,uigea,gambling,high
q_001737,d_000331,1.0,1.0,gambling should be banned,uk gambling commission,gambling,high
q_001737,d_000581,0.8,0.8,gambling should be banned,uk gambling commission,online lotteries,high
q_001738,d_000210,1.0,1.0,opinion polls harm the democratic process,uk general election,democratic process,high
q_001738,d_000585,0.7,0.7,opinion polls harm the democratic process,uk general election,opinion polls,high
q_001739,d_000314,1.0,1.0,parents should be allowed to genetically screen fetuses for heritable diseases,ultrasound,fetuses,high
q_001741,d_000086,0.8,0.8,bribery is sometimes acceptable,uncac,bribery,high
q_001741,d_000456,0.8,0.8,bribery is sometimes acceptable,uncac,law convention,high
q_001742,d_000439,1.0,1.0,the keystone xl pipeline should be built,unconventional oil,keystone xl pipeline,high
q_001743,d_000018,0.9,0.9,the american jobs act should be passed,unemployed,american jobs act,high
q_001743,d_000364,0.9,0.9,the american jobs act should be passed,unemployed,great recession,high
q_001744,d_000018,1.0,1.0,the american jobs act should be passed,unemployment,american jobs act,high
q_001744,d_000056,1.0,1.0,the american jobs act should be passed,unemployment,australian unemployment rate,high
q_001745,d_000018,0.7,0.7,the american jobs act should be passed,unemployment benefits,american jobs act,high
q_001747,d_000018,1.0,1.0,the american jobs act should be passed,unemployment rate,american jobs act,high
q_001747,d_000364,0.8,0.8,the american jobs act should be passed,unemployment rate,great recession,high
q_001749,d_000140,1.0,1.0,all collective bargaining rights claimed by trades unions should be abolished,union,collective bargaining rights,high
q_001749,d_000175,0.9,0.9,all collective bargaining rights claimed by trades unions should be abolished,union,craft union,high
q_001749,d_000452,0.8,0.8,all collective bargaining rights claimed by trades unions should be abolished,union,labour relations,high
q_001749,d_000839,1.0,1.0,all collective bargaining rights claimed by trades unions should be abolished,union,trades unions,high
q_001750,d_000839,1.0,1.0,all collective bargaining rights claimed by trades unions should be abolished,union density,trades unions,high
q_001751,d_000140,0.7,0.7,all collective bargaining rights claimed by trades unions should be abolished,union members,collective bargaining rights,high
q_001751,d_000492,0.9,0.9,all collective bargaining rights claimed by trades unions should be abolished,union members,members,high
q_001751,d_000493,1.0,1.0,all collective bargaining rights claimed by trades unions should be abolished,union members,membership,high
q_001751,d_000589,0.7,0.7,all collective bargaining rights claimed by trades unions should be abolished,union members,organization,high
q_001751,d_000839,1.0,1.0,all collective bargaining rights claimed by trades unions should be abolished,union members,trades unions,high
q_001752,d_000140,0.8,0.8,all collective bargaining rights claimed by trades unions should be abolished,union movement,collective bargaining rights,high
q_001752,d_000839,1.0,1.0,all collective bargaining rights claimed by trades unions should be abolished,union movement,trades unions,high
q_001753,d_000395,0.7,0.7,us should re-engage myanmar,union of burma,human rights abuses,high
q_001753,d_000526,1.0,1.0,us should re-engage myanmar,union of burma,myanmar,high
q_001754,d_000526,1.0,1.0,us should re-engage myanmar,union of myanmar,myanmar,high
q_001755,d_000140,0.9,0.9,all collective bargaining rights claimed by trades unions should be abolished,unionism,collective bargaining rights,high
q_001755,d_000493,0.8,0.8,all collective bargaining rights claimed by trades unions should be abolished,unionism,membership,high
q_001755,d_000839,1.0,1.0,all collective bargaining rights claimed by trades unions should be abolished,unionism,trades unions,high
q_001756,d_000140,1.0,1.0,all collective bargaining rights claimed by trades unions should be abolished,unions,collective bargaining rights,high
q_001756,d_000839,1.0,1.0,all collective bargaining rights claimed by trades unions should be abolished,unions,trades unions,high
q_001757,d_000515,1.0,1.0,the monarchy should be abolished,united kingdom,monarchy,high
q_001757,d_000673,0.9,0.9,the monarchy should be abolished,united kingdom,queen's,high
q_001759,d_000536,0.9,0.9,all nations have a right to nuclear weapons,united states,nations,high
q_001759,d_000536,0.8,0.8,the us is justified in using force to prevent states from acquiring nuclear weapons,united states,nations,high
q_001759,d_000640,0.9,0.9,the us is justified in using force to prevent states from acquiring nuclear weapons,united states,president ronald reagan,high
q_001759,d_000791,0.9,0.9,the us is justified in using force to prevent states from acquiring nuclear weapons,united states,states,high
q_001759,d_000863,1.0,1.0,the us is justified in using force to prevent states from acquiring nuclear weapons,united states,us,high
q_001760,d_000118,1.0,1.0,the school leaving age should be raised to 18,universal primary education,children,high
q_001760,d_000733,0.7,0.7,the school leaving age should be raised to 18,universal primary education,school leaving age,high
q_001763,d_000331,1.0,1.0,gambling should be banned,unlawful internet gambling,gambling,high
q_001763,d_000766,0.8,0.8,gambling should be banned,unlawful internet gambling,slot machines,high
q_001764,d_000391,0.9,0.9,housewives should be paid for their work,unpaid,housewives,high
q_001764,d_000431,0.8,0.8,housewives should be paid for their work,unpaid,jobs,high
q_001764,d_000909,0.8,0.8,housewives should be paid for their work,unpaid,work,high
q_001765,d_000391,1.0,1.0,housewives should be paid for their work,unpaid care work,housewives,high
q_001765,d_000594,1.0,1.0,housewives should be paid for their work,unpaid care work,paid work,high
q_001765,d_000886,0.7,0.7,housewives should be paid for their work,unpaid care work,wages,high
q_001765,d_000909,1.0,1.0,housewives should be paid for their work,unpaid care work,work,high
q_001766,d_000391,1.0,1.0,housewives should be paid for their work,unpaid work,housewives,high
q_001766,d_000431,0.8,0.8,housewives should be paid for their work,unpaid work,jobs,high
q_001766,d_000594,0.7,0.7,housewives should be paid for their work,unpaid work,paid work,high
q_001766,d_000886,0.9,0.9,housewives should be paid for their work,unpaid work,wages,high
q_001766,d_000909,1.0,1.0,housewives should be paid for their work,unpaid work,work,high
q_001768,d_000428,0.9,0.9,all nations have a right to nuclear weapons,uranium,iran's nuclear program,high
q_001768,d_000550,1.0,1.0,all nations have a right to nuclear weapons,uranium,nuclear bomb,high
q_001768,d_000552,1.0,1.0,all nations have a right to nuclear weapons,uranium,nuclear explosive devices,high
q_001768,d_000560,1.0,1.0,all nations have a right to nuclear weapons,uranium,nuclear weapons,high
q_001768,d_000560,1.0,1.0,the us is justified in using force to prevent states from acquiring nuclear weapons,uranium,nuclear weapons,high
q_001768,d_000860,0.9,0.9,all nations have a right to nuclear weapons,uranium,uranium enrichment,high
q_001769,d_000560,1.0,1.0,all nations have a right to nuclear weapons,uranium enrichment,nuclear weapons,high
q_001770,d_000560,1.0,1.0,the us is justified in using force to prevent states from acquiring nuclear weapons,uranium enrichment program,nuclear weapons,high
q_001774,d_000351,0.7,0.7,google shouldn't censor its search results in china,user,google,high
q_001775,d_000346,0.8,0.8,google shouldn't censor its search results in china,users,gmail accounts,high
q_001775,d_000351,0.7,0.7,google shouldn't censor its search results in china,users,google,high
q_001775,d_000865,0.9,0.9,google shouldn't censor its search results in china,users,user,high
q_001777,d_000314,1.0,1.0,parents should be allowed to genetically screen fetuses for heritable diseases,uterus,fetuses,high
q_001779,d_000515,0.8,0.8,the monarchy should be abolished,vatican city,monarchy,high
q_001780,d_000875,0.7,0.7,the sale of violent video games to minors should be banned,video,violent video games,high
q_001781,d_000154,0.9,0.9,the sale of violent video games to minors should be banned,video game,consoles,high
q_001781,d_000159,0.9,0.9,the sale of violent video games to minors should be banned,video game,content rating,high
q_001781,d_000871,1.0,1.0,the sale of violent video games to minors should be banned,video game,video game sales,high
q_001781,d_000875,1.0,1.0,the sale of violent video games to minors should be banned,video game,violent video games,high
q_001782,d_000051,0.7,0.7,the sale of violent video games to minors should be banned,video game content,attorney jack thompson,high
q_001782,d_000334,0.9,0.9,the sale of violent video games to minors should be banned,video game content,gameplay,high
q_001782,d_000580,0.8,0.8,the sale of violent video games to minors should be banned,video game content,online games,high
q_001782,d_000684,0.8,0.8,the sale of violent video games to minors should be banned,video game content,rating board,high
q_001782,d_000875,1.0,1.0,the sale of violent video games to minors should be banned,video game content,violent video games,high
q_001783,d_000333,0.9,0.9,the sale of violent video games to minors should be banned,video game industry,game content rating,high
q_001783,d_000684,0.7,0.7,the sale of violent video games to minors should be banned,video game industry,rating board,high
q_001783,d_000870,0.7,0.7,the sale of violent video games to minors should be banned,video game industry,video game play,high
q_001783,d_000875,0.9,0.9,the sale of violent video games to minors should be banned,video game industry,violent video games,high
q_001784,d_000875,0.9,0.9,the sale of violent video games to minors should be banned,video game play,violent video games,high
q_001785,d_000507,0.8,0.8,the sale of violent video games to minors should be banned,video game sales,minors,high
q_001785,d_000875,0.7,0.7,the sale of violent video games to minors should be banned,video game sales,violent video games,high
q_001786,d_000334,0.7,0.7,the sale of violent video games to minors should be banned,video game violence,gameplay,high
q_001786,d_000685,0.9,0.9,the sale of violent video games to minors should be banned,video game violence,rating board esrb,high
q_001786,d_000875,1.0,1.0,the sale of violent video games to minors should be banned,video game violence,violent video games,high
q_001787,d_000006,1.0,1.0,the sale of violent video games to minors should be banned,video games,action games,high
q_001787,d_000685,0.9,0.9,the sale of violent video games to minors should be banned,video games,rating board esrb,high
q_001787,d_000870,1.0,1.0,the sale of violent video games to minors should be banned,video games,video game play,high
q_001787,d_000875,1.0,1.0,the sale of violent video games to minors should be banned,video games,violent video games,high
q_001788,d_000321,1.0,1.0,the sale of violent video games to minors should be banned,violence,forms of violence,high
q_001788,d_000875,0.9,0.9,the sale of violent video games to minors should be banned,violence,violent video games,high
q_001789,d_000006,0.8,0.8,the sale of violent video games to minors should be banned,violent,action games,high
q_001789,d_000875,1.0,1.0,the sale of violent video games to minors should be banned,violent,violent video games,high
q_001790,d_000875,0.8,0.8,the sale of violent video games to minors should be banned,violent acts,violent video games,high
q_001792,d_000875,1.0,1.0,the sale of violent video games to minors should be banned,violent content,violent video games,high
q_001793,d_000580,0.8,0.8,the sale of violent video games to minors should be banned,violent games,online games,high
q_001793,d_000625,0.8,0.8,the sale of violent video games to minors should be banned,violent games,playing video games,high
q_001793,d_000872,0.8,0.8,the sale of violent video games to minors should be banned,violent games,violent acts,high
q_001793,d_000875,1.0,1.0,the sale of violent video games to minors should be banned,violent games,violent video games,high
q_001794,d_000875,0.8,0.8,the sale of violent video games to minors should be banned,violent video,violent video games,high
q_001795,d_000142,0.7,0.7,the sale of violent video games to minors should be banned,violent video game,columbine high school,high
q_001795,d_000684,0.9,0.9,the sale of violent video games to minors should be banned,violent video game,rating board,high
q_001795,d_000873,0.8,0.8,the sale of violent video games to minors should be banned,violent video game,violent behavior,high
q_001795,d_000875,1.0,1.0,the sale of violent video games to minors should be banned,violent video game,violent video games,high
q_001796,d_000142,0.7,0.7,the sale of violent video games to minors should be banned,violent video games,columbine high school,high
q_001796,d_000875,1.0,1.0,the sale of violent video games to minors should be banned,violent video games,violent video games,high
q_001799,d_000533,0.8,0.8,national service should be reintroduced,volunteer,national service,high
q_001800,d_000058,0.8,0.8,democratic governments should require voters to present photo identification at the polling station,vote,ballot paper,high
q_001800,d_000095,1.0,1.0,open primaries are the most effective method of selecting candidates for elections,vote,candidates,high
q_001800,d_000207,1.0,1.0,democratic governments should require voters to present photo identification at the polling station,vote,democratic governments,high
q_001800,d_000258,1.0,1.0,open primaries are the most effective method of selecting candidates for elections,vote,elections,high
q_001800,d_000309,0.9,0.9,democratic governments should require voters to present photo identification at the polling station,vote,federal elections,high
q_001800,d_000397,0.7,0.7,democratic governments should require voters to present photo identification at the polling station,vote,identification,high
q_001800,d_000582,1.0,1.0,open primaries are the most effective method of selecting candidates for elections,vote,open primaries,high
q_001800,d_000618,0.75,0.75,democratic governments should require voters to present photo identification at the polling station,vote,photo identification,high
q_001800,d_000628,1.0,1.0,democratic governments should require voters to present photo identification at the polling station,vote,polling station,high
q_001800,d_000879,1.0,1.0,democratic governments should require voters to present photo identification at the polling station,vote,voter intimidation,high
q_001800,d_000880,1.0,1.0,democratic governments should require voters to present photo identification at the polling station,vote,voters,high
q_001801,d_000015,0.8,0.8,open primaries are the most effective method of selecting candidates for elections,vote splitting,alternative vote,high
q_001801,d_000095,1.0,1.0,open primaries are the most effective method of selecting candidates for elections,vote splitting,candidates,high
q_001801,d_000258,1.0,1.0,open primaries are the most effective method of selecting candidates for elections,vote splitting,elections,high
q_001801,d_000582,0.7,0.7,open primaries are the most effective method of selecting candidates for elections,vote splitting,open primaries,high
q_001801,d_000881,0.8,0.8,open primaries are the most effective method of selecting candidates for elections,vote splitting,voting methods,high
q_001803,d_000058,0.8,0.8,democratic governments should require voters to present photo identification at the polling station,voter,ballot paper,high
q_001803,d_000207,0.9,0.9,democratic governments should require voters to present photo identification at the polling station,voter,democratic governments,high
q_001803,d_000225,0.8,0.8,democratic governments should require voters to present photo identification at the polling station,voter,disenfranchised,high
q_001803,d_000628,1.0,1.0,democratic governments should require voters to present photo identification at the polling station,voter,polling station,high
q_001803,d_000880,0.9,0.9,democratic governments should require voters to present photo identification at the polling station,voter,voters,high
q_001804,d_000059,0.8,0.8,democratic governments should require voters to present photo identification at the polling station,voter fraud,ballot stuffing,high
q_001804,d_000397,0.8,0.8,democratic governments should require voters to present photo identification at the polling station,voter fraud,identification,high
q_001804,d_000618,0.8,0.8,democratic governments should require voters to present photo identification at the polling station,voter fraud,photo identification,high
q_001804,d_000628,0.8,0.8,democratic governments should require voters to present photo identification at the polling station,voter fraud,polling station,high
q_001804,d_000880,1.0,1.0,democratic governments should require voters to present photo identification at the polling station,voter fraud,voters,high
q_001805,d_000880,1.0,1.0,democratic governments should require voters to present photo identification at the polling station,voter intimidation,voters,high
q_001806,d_000309,0.9,0.9,democratic governments should require voters to present photo identification at the polling station,voter registration,federal elections,high
q_001806,d_000618,0.7,0.7,democratic governments should require voters to present photo identification at the polling station,voter registration,photo identification,high
q_001806,d_000880,1.0,1.0,democratic governments should require voters to present photo identification at the polling station,voter registration,voters,high
q_001807,d_000880,1.0,1.0,democratic governments should require voters to present photo identification at the polling station,voter suppression,voters,high
q_001808,d_000095,0.9,0.9,open primaries are the most effective method of selecting candidates for elections,voters,candidates,high
q_001808,d_000207,0.9,0.9,democratic governments should require voters to present photo identification at the polling station,voters,democratic governments,high
q_001808,d_000210,0.9,0.9,opinion polls harm the democratic process,voters,democratic process,high
q_001808,d_000258,1.0,1.0,open primaries are the most effective method of selecting candidates for elections,voters,elections,high
q_001808,d_000261,0.7,0.7,open primaries are the most effective method of selecting candidates for elections,voters,electoral,high
q_001808,d_000309,0.8,0.8,democratic governments should require voters to present photo identification at the polling station,voters,federal elections,high
q_001808,d_000582,0.9,0.9,open primaries are the most effective method of selecting candidates for elections,voters,open primaries,high
q_001808,d_000585,0.9,0.9,opinion polls harm the democratic process,voters,opinion polls,high
q_001808,d_000618,0.75,0.75,democratic governments should require voters to present photo identification at the polling station,voters,photo identification,high
q_001808,d_000628,1.0,1.0,democratic governments should require voters to present photo identification at the polling station,voters,polling station,high
q_001808,d_000659,0.7,0.7,open primaries are the most effective method of selecting candidates for elections,voters,proportional representation,high
q_001808,d_000760,0.7,0.7,open primaries are the most effective method of selecting candidates for elections,voters,single winner,high
q_001808,d_000879,1.0,1.0,democratic governments should require voters to present photo identification at the polling station,voters,voter intimidation,high
q_001808,d_000880,1.0,1.0,democratic governments should require voters to present photo identification at the polling station,voters,voters,high
q_001809,d_000015,0.9,0.9,open primaries are the most effective method of selecting candidates for elections,votes,alternative vote,high
q_001809,d_000095,1.0,1.0,open primaries are the most effective method of selecting candidates for elections,votes,candidates,high
q_001809,d_000207,0.9,0.9,democratic governments should require voters to present photo identification at the polling station,votes,democratic governments,high
q_001809,d_000258,1.0,1.0,open primaries are the most effective method of selecting candidates for elections,votes,elections,high
q_001809,d_000309,0.7,0.7,democratic governments should require voters to present photo identification at the polling station,votes,federal elections,high
q_001809,d_000397,0.7,0.7,democratic governments should require voters to present photo identification at the polling station,votes,identification,high
q_001809,d_000582,0.9,0.9,open primaries are the most effective method of selecting candidates for elections,votes,open primaries,high
q_001809,d_000598,0.7,0.7,open primaries are the most effective method of selecting candidates for elections,votes,parties,high
q_001809,d_000618,0.7,0.7,democratic governments should require voters to present photo identification at the polling station,votes,photo identification,high
q_001809,d_000628,1.0,1.0,democratic governments should require voters to present photo identification at the polling station,votes,polling station,high
q_001809,d_000879,0.8,0.8,democratic governments should require voters to present photo identification at the polling station,votes,voter intimidation,high
q_001809,d_000880,1.0,1.0,democratic governments should require voters to present photo identification at the polling station,votes,voters,high
q_001810,d_000015,1.0,1.0,open primaries are the most effective method of selecting candidates for elections,voting,alternative vote,high
q_001810,d_000095,1.0,1.0,open primaries are the most effective method of selecting candidates for elections,voting,candidates,high
q_001810,d_000149,0.9,0.9,open primaries are the most effective method of selecting candidates for elections,voting,condorcet winner,high
q_001810,d_000207,1.0,1.0,democratic governments should require voters to present photo identification at the polling station,voting,democratic governments,high
q_001810,d_000225,0.7,0.7,democratic governments should require voters to present photo identification at the polling station,voting,disenfranchised,high
q_001810,d_000258,1.0,1.0,open primaries are the most effective method of selecting candidates for elections,voting,elections,high
q_001810,d_000407,0.7,0.7,open primaries are the most effective method of selecting candidates for elections,voting,influence the result,high
q_001810,d_000568,0.7,0.7,democratic governments should require voters to present photo identification at the polling station,voting,observers,high
q_001810,d_000582,1.0,1.0,open primaries are the most effective method of selecting candidates for elections,voting,open primaries,high
q_001810,d_000598,0.8,0.8,open primaries are the most effective method of selecting candidates for elections,voting,parties,high
q_001810,d_000618,0.8,0.8,democratic governments should require voters to present photo identification at the polling station,voting,photo identification,high
q_001810,d_000628,1.0,1.0,democratic governments should require voters to present photo identification at the polling station,voting,polling station,high
q_001810,d_000705,0.7,0.7,open primaries are the most effective method of selecting candidates for elections,voting,republican party,high
q_001810,d_000880,1.0,1.0,democratic governments should require voters to present photo identification at the polling station,voting,voters,high
q_001810,d_000882,1.0,1.0,open primaries are the most effective method of selecting candidates for elections,voting,voting system criteria,high
q_001811,d_000628,1.0,1.0,democratic governments should require voters to present photo identification at the polling station,voting machine,polling station,high
q_001811,d_000880,1.0,1.0,democratic governments should require voters to present photo identification at the polling station,voting machine,voters,high
q_001812,d_000628,0.9,0.9,democratic governments should require voters to present photo identification at the polling station,voting machines,polling station,high
q_001812,d_000880,1.0,1.0,democratic governments should require voters to present photo identification at the polling station,voting machines,voters,high
q_001813,d_000095,0.7,0.7,open primaries are the most effective method of selecting candidates for elections,voting methods,candidates,high
q_001813,d_000258,1.0,1.0,open primaries are the most effective method of selecting candidates for elections,voting methods,elections,high
q_001813,d_000582,1.0,1.0,open primaries are the most effective method of selecting candidates for elections,voting methods,open primaries,high
q_001814,d_000880,0.9,0.9,democratic governments should require voters to present photo identification at the polling station,voting rights act,voters,high
q_001815,d_000095,0.9,0.9,open primaries are the most effective method of selecting candidates for elections,voting system,candidates,high
q_001815,d_000258,1.0,1.0,open primaries are the most effective method of selecting candidates for elections,voting system,elections,high
q_001815,d_000582,1.0,1.0,open primaries are the most effective method of selecting candidates for elections,voting system,open primaries,high
q_001815,d_000598,0.9,0.9,open primaries are the most effective method of selecting candidates for elections,voting system,parties,high
q_001815,d_000815,0.7,0.7,open primaries are the most effective method of selecting candidates for elections,voting system,system,high
q_001816,d_000095,0.9,0.9,open primaries are the most effective method of selecting candidates for elections,voting system criteria,candidates,high
q_001816,d_000258,1.0,1.0,open primaries are the most effective method of selecting candidates for elections,voting system criteria,elections,high
q_001816,d_000582,0.8,0.8,open primaries are the most effective method of selecting candidates for elections,voting system criteria,open primaries,high
q_001817,d_000057,0.8,0.8,open primaries are the most effective method of selecting candidates for elections,voting systems,automatic ballot access,high
q_001817,d_000095,0.9,0.9,open primaries are the most effective method of selecting candidates for elections,voting systems,candidates,high
q_001817,d_000207,0.7,0.7,democratic governments should require voters to present photo identification at the polling station,voting systems,democratic governments,high
q_001817,d_000258,1.0,1.0,open primaries are the most effective method of selecting candidates for elections,voting systems,elections,high
q_001817,d_000309,0.8,0.8,democratic governments should require voters to present photo identification at the polling station,voting systems,federal elections,high
q_001817,d_000566,0.9,0.9,open primaries are the most effective method of selecting candidates for elections,voting systems,number of voters,high
q_001817,d_000582,1.0,1.0,open primaries are the most effective method of selecting candidates for elections,voting systems,open primaries,high
q_001817,d_000628,0.7,0.7,democratic governments should require voters to present photo identification at the polling station,voting systems,polling station,high
q_001817,d_000760,0.7,0.7,open primaries are the most effective method of selecting candidates for elections,voting systems,single winner,high
q_001817,d_000815,0.8,0.8,open primaries are the most effective method of selecting candidates for elections,voting systems,system,high
q_001817,d_000880,1.0,1.0,democratic governments should require voters to present photo identification at the polling station,voting systems,voters,high
q_001818,d_000250,0.9,0.9,education should be funded using a voucher scheme,voucher system,education,high
q_001818,d_000883,1.0,1.0,education should be funded using a voucher scheme,voucher system,voucher scheme,high
q_001819,d_000331,1.0,1.0,gambling should be banned,wagering,gambling,high
q_001820,d_000909,1.0,1.0,housewives should be paid for their work,wages,work,high
q_001821,d_000277,1.0,1.0,wind power should be a primary focus of future energy supply,walney wind farm,energy supply,high
q_001821,d_000903,1.0,1.0,wind power should be a primary focus of future energy supply,walney wind farm,wind power,high
q_001822,d_000549,0.7,0.7,the us is justified in using force to prevent states from acquiring nuclear weapons,war,nuclear arms race,high
q_001822,d_000560,0.9,0.9,the us is justified in using force to prevent states from acquiring nuclear weapons,war,nuclear weapons,high
q_001822,d_000833,0.9,0.9,the us is justified in using force to prevent states from acquiring nuclear weapons,war,threat,high
q_001823,d_000023,1.0,1.0,the leaking of military documents by anat kamm is justified,war documents leak,anat kamm,high
q_001823,d_000460,1.0,1.0,the leaking of military documents by anat kamm is justified,war documents leak,leaking,high
q_001823,d_000504,0.9,0.9,the leaking of military documents by anat kamm is justified,war documents leak,military documents,high
q_001824,d_000888,0.8,0.8,the leaking of military documents by anat kamm is justified,war in afghanistan,war documents leak,high
q_001825,d_000504,0.9,0.9,the leaking of military documents by anat kamm is justified,war logs,military documents,high
q_001826,d_000560,1.0,1.0,all nations have a right to nuclear weapons,warheads,nuclear weapons,high
q_001826,d_000560,1.0,1.0,the us is justified in using force to prevent states from acquiring nuclear weapons,warheads,nuclear weapons,high
q_001829,d_000509,1.0,1.0,the us is justified in using force to prevent states from acquiring nuclear weapons,weapon,missile,high
q_001829,d_000559,1.0,1.0,all nations have a right to nuclear weapons,weapon,nuclear weapon design,high
q_001829,d_000560,1.0,1.0,all nations have a right to nuclear weapons,weapon,nuclear weapons,high
q_001829,d_000560,1.0,1.0,the us is justified in using force to prevent states from acquiring nuclear weapons,weapon,nuclear weapons,high
q_001830,d_000551,0.9,0.9,all nations have a right to nuclear weapons,weapons,nuclear explosion,high
q_001830,d_000552,0.9,0.9,all nations have a right to nuclear weapons,weapons,nuclear explosive devices,high
q_001830,d_000560,1.0,1.0,all nations have a right to nuclear weapons,weapons,nuclear weapons,high
q_001830,d_000560,1.0,1.0,the us is justified in using force to prevent states from acquiring nuclear weapons,weapons,nuclear weapons,high
q_001830,d_000890,1.0,1.0,all nations have a right to nuclear weapons,weapons,warheads,high
q_001830,d_000890,1.0,1.0,the us is justified in using force to prevent states from acquiring nuclear weapons,weapons,warheads,high
q_001831,d_000351,1.0,1.0,google shouldn't censor its search results in china,web companies,google,high
q_001832,d_000108,0.8,0.8,google shouldn't censor its search results in china,web sites,censor,high
q_001832,d_000351,1.0,1.0,google shouldn't censor its search results in china,web sites,google,high
q_001832,d_000738,0.9,0.9,google shouldn't censor its search results in china,web sites,search results,high
q_001832,d_000892,1.0,1.0,google shouldn't censor its search results in china,web sites,web companies,high
q_001832,d_000921,0.9,0.9,google shouldn't censor its search results in china,web sites,youtube,high
q_001839,d_000053,0.8,0.8,europe should weaken its austerity measures to guarantee its citizens greater social support,welfare state,austerity measures,high
q_001839,d_000129,0.7,0.7,europe should weaken its austerity measures to guarantee its citizens greater social support,welfare state,citizens,high
q_001839,d_000286,0.8,0.8,europe should weaken its austerity measures to guarantee its citizens greater social support,welfare state,europe,high
q_001839,d_000343,0.7,0.7,europe should weaken its austerity measures to guarantee its citizens greater social support,welfare state,germany,high
q_001839,d_000774,1.0,1.0,europe should weaken its austerity measures to guarantee its citizens greater social support,welfare state,social support,high
q_001840,d_000028,1.0,1.0,exploitation of the antarctic continent should be ceased,west antarctica,antarctic continent,high
q_001840,d_000708,0.7,0.7,exploitation of the antarctic continent should be ceased,west antarctica,research stations,high
q_001841,d_000023,0.8,0.8,the leaking of military documents by anat kamm is justified,whistleblower,anat kamm,high
q_001841,d_000460,1.0,1.0,the leaking of military documents by anat kamm is justified,whistleblower,leaking,high
q_001842,d_000009,0.7,0.7,the use of affirmative action is justified,white americans,affirmative action,high
q_001843,d_000277,1.0,1.0,wind power should be a primary focus of future energy supply,whitelee wind farm,energy supply,high
q_001843,d_000903,1.0,1.0,wind power should be a primary focus of future energy supply,whitelee wind farm,wind power,high
q_001844,d_000086,1.0,1.0,bribery is sometimes acceptable,widespread corruption,bribery,high
q_001845,d_000135,0.8,0.8,the leaking of military documents by anat kamm is justified,wikileaks,classified,high
q_001845,d_000460,1.0,1.0,the leaking of military documents by anat kamm is justified,wikileaks,leaking,high
q_001845,d_000504,1.0,1.0,the leaking of military documents by anat kamm is justified,wikileaks,military documents,high
q_001845,d_000889,0.8,0.8,the leaking of military documents by anat kamm is justified,wikileaks,war logs,high
q_001846,d_000460,1.0,1.0,the leaking of military documents by anat kamm is justified,wikileaks documents,leaking,high
q_001846,d_000504,1.0,1.0,the leaking of military documents by anat kamm is justified,wikileaks documents,military documents,high
q_001847,d_000460,0.9,0.9,the leaking of military documents by anat kamm is justified,wikileaks released,leaking,high
q_001847,d_000504,0.9,0.9,the leaking of military documents by anat kamm is justified,wikileaks released,military documents,high
q_001848,d_000584,0.7,0.7,opinion polls harm the democratic process,willingness to speak,opinion poll,high
q_001849,d_000258,0.7,0.7,open primaries are the most effective method of selecting candidates for elections,win,elections,high
q_001850,d_000277,0.8,0.8,wind power should be a primary focus of future energy supply,wind,energy supply,high
q_001850,d_000699,0.8,0.8,wind power should be a primary focus of future energy supply,wind,renewable electricity,high
q_001850,d_000903,1.0,1.0,wind power should be a primary focus of future energy supply,wind,wind power,high
q_001851,d_000277,1.0,1.0,wind power should be a primary focus of future energy supply,wind energy,energy supply,high
q_001851,d_000699,0.9,0.9,wind power should be a primary focus of future energy supply,wind energy,renewable electricity,high
q_001851,d_000701,1.0,1.0,wind power should be a primary focus of future energy supply,wind energy,renewable energy technologies,high
q_001851,d_000902,1.0,1.0,wind power should be a primary focus of future energy supply,wind energy,wind energy projects,high
q_001851,d_000903,1.0,1.0,wind power should be a primary focus of future energy supply,wind energy,wind power,high
q_001851,d_000904,0.9,0.9,wind power should be a primary focus of future energy supply,wind energy,wind speed,high
q_001852,d_000277,0.9,0.9,wind power should be a primary focus of future energy supply,wind energy association,energy supply,high
q_001852,d_000903,1.0,1.0,wind power should be a primary focus of future energy supply,wind energy association,wind power,high
q_001853,d_000277,0.7,0.7,wind power should be a primary focus of future energy supply,wind energy policy,energy supply,high
q_001853,d_000903,1.0,1.0,wind power should be a primary focus of future energy supply,wind energy policy,wind power,high
q_001854,d_000277,1.0,1.0,wind power should be a primary focus of future energy supply,wind energy projects,energy supply,high
q_001854,d_000903,1.0,1.0,wind power should be a primary focus of future energy supply,wind energy projects,wind power,high
q_001855,d_000097,0.7,0.7,wind power should be a primary focus of future energy supply,wind farm,capacity credit,high
q_001855,d_000277,1.0,1.0,wind power should be a primary focus of future energy supply,wind farm,energy supply,high
q_001855,d_000901,1.0,1.0,wind power should be a primary focus of future energy supply,wind farm,wind energy policy,high
q_001855,d_000903,1.0,1.0,wind power should be a primary focus of future energy supply,wind farm,wind power,high
q_001856,d_000262,0.8,0.8,wind power should be a primary focus of future energy supply,wind power,electrical,high
q_001856,d_000263,1.0,1.0,wind power should be a primary focus of future energy supply,wind power,electricity generation,high
q_001856,d_000277,1.0,1.0,wind power should be a primary focus of future energy supply,wind power,energy supply,high
q_001856,d_000903,1.0,1.0,wind power should be a primary focus of future energy supply,wind power,wind power,high
q_001857,d_000097,0.9,0.9,wind power should be a primary focus of future energy supply,wind power capacity,capacity credit,high
q_001857,d_000262,0.8,0.8,wind power should be a primary focus of future energy supply,wind power capacity,electrical,high
q_001857,d_000277,0.9,0.9,wind power should be a primary focus of future energy supply,wind power capacity,energy supply,high
q_001857,d_000411,0.9,0.9,wind power should be a primary focus of future energy supply,wind power capacity,installed capacity,high
q_001857,d_000901,0.9,0.9,wind power should be a primary focus of future energy supply,wind power capacity,wind energy policy,high
q_001857,d_000903,1.0,1.0,wind power should be a primary focus of future energy supply,wind power capacity,wind power,high
q_001858,d_000277,0.7,0.7,wind power should be a primary focus of future energy supply,wind project,energy supply,high
q_001858,d_000454,0.8,0.8,wind power should be a primary focus of future energy supply,wind project,largest wind farm,high
q_001858,d_000655,0.9,0.9,wind power should be a primary focus of future energy supply,wind project,projects,high
q_001858,d_000903,1.0,1.0,wind power should be a primary focus of future energy supply,wind project,wind power,high
q_001859,d_000903,1.0,1.0,wind power should be a primary focus of future energy supply,wind speed,wind power,high
q_001860,d_000277,1.0,1.0,wind power should be a primary focus of future energy supply,wind turbine,energy supply,high
q_001860,d_000900,0.9,0.9,wind power should be a primary focus of future energy supply,wind turbine,wind energy association,high
q_001860,d_000902,1.0,1.0,wind power should be a primary focus of future energy supply,wind turbine,wind energy projects,high
q_001860,d_000903,1.0,1.0,wind power should be a primary focus of future energy supply,wind turbine,wind power,high
q_001860,d_000904,0.9,0.9,wind power should be a primary focus of future energy supply,wind turbine,wind speed,high
q_001861,d_000264,0.9,0.9,wind power should be a primary focus of future energy supply,wind turbines,electricity production,high
q_001861,d_000277,1.0,1.0,wind power should be a primary focus of future energy supply,wind turbines,energy supply,high
q_001861,d_000699,0.9,0.9,wind power should be a primary focus of future energy supply,wind turbines,renewable electricity,high
q_001861,d_000903,1.0,1.0,wind power should be a primary focus of future energy supply,wind turbines,wind power,high
q_001862,d_000331,0.8,0.8,gambling should be banned,winning numbers,gambling,high
q_001863,d_000068,1.0,1.0,gambling should be banned,winning the jackpot,bet,high
q_001863,d_000331,1.0,1.0,gambling should be banned,winning the jackpot,gambling,high
q_001863,d_000474,1.0,1.0,gambling should be banned,winning the jackpot,lotto,high
q_001864,d_000331,1.0,1.0,gambling should be banned,winnings,gambling,high
q_001865,d_000413,1.0,1.0,intellectual property rights should be abolished,wipo,intellectual property rights,high
q_001866,d_000391,0.9,0.9,housewives should be paid for their work,women,housewives,high
q_001868,d_000391,0.7,0.7,housewives should be paid for their work,work,housewives,high
q_001868,d_000431,1.0,1.0,housewives should be paid for their work,work,jobs,high
q_001868,d_000909,1.0,1.0,housewives should be paid for their work,work,work,high
q_001869,d_000140,0.9,0.9,all collective bargaining rights claimed by trades unions should be abolished,workers,collective bargaining rights,high
q_001869,d_000193,0.9,0.9,all collective bargaining rights claimed by trades unions should be abolished,workers,decent work,high
q_001869,d_000828,0.7,0.7,all collective bargaining rights claimed by trades unions should be abolished,workers,terms and conditions,high
q_001869,d_000839,0.9,0.9,all collective bargaining rights claimed by trades unions should be abolished,workers,trades unions,high
q_001872,d_000082,1.0,1.0,boxing should be banned,world boxing,boxing,high
q_001874,d_000560,0.9,0.9,the us is justified in using force to prevent states from acquiring nuclear weapons,world war ii,nuclear weapons,high
q_001874,d_000791,0.7,0.7,the us is justified in using force to prevent states from acquiring nuclear weapons,world war ii,states,high
q_001874,d_000863,1.0,1.0,the us is justified in using force to prevent states from acquiring nuclear weapons,world war ii,us,high
q_001875,d_000104,0.7,0.7,the catholic church is justified in forbidding the use of barrier methods of contraception,world youth day,catholic church,high
q_001876,d_000082,0.9,0.9,boxing should be banned,wrestling,boxing,high
q_001877,d_000526,1.0,1.0,us should re-engage myanmar,yangon,myanmar,high
q_001877,d_000756,0.8,0.8,us should re-engage myanmar,yangon,shwedagon pagoda,high
q_001877,d_000831,0.7,0.7,us should re-engage myanmar,yangon,thein sein,high
q_001879,d_000914,1.0,1.0,year round schooling should be introduced,year round,year round schooling,high
q_001886,d_000533,0.7,0.7,national service should be reintroduced,young men,national service,high
q_001888,d_000507,1.0,1.0,the sale of violent video games to minors should be banned,youth,minors,high
q_001889,d_000507,0.9,0.9,the sale of violent video games to minors should be banned,youth violence,minors,high
q_001889,d_000746,0.7,0.7,the sale of violent video games to minors should be banned,youth violence,sexual violence,high
q_001890,d_000351,1.0,1.0,google shouldn't censor its search results in china,youtube,google,high
