topic,term1,term2,score,relatedness_level
a mandatory retirement age should be used,adults,cell,0.0,low
a mandatory retirement age should be used,adults,mandatory retirement age,0.4,medium
a mandatory retirement age should be used,adults,pension scheme,0.5,medium
a mandatory retirement age should be used,adults,receptor,0.0,low
a mandatory retirement age should be used,adults,younger adults,0.8,high
a mandatory retirement age should be used,age,mandatory retirement age,1.0,high
a mandatory retirement age should be used,age discrimination,mandatory retirement age,0.9,high
a mandatory retirement age should be used,age discrimination,memory issues,0.2,low
a mandatory retirement age should be used,age related,ageing results,0.8,high
a mandatory retirement age should be used,age related,contractions,0.1,low
a mandatory retirement age should be used,age related,mandatory retirement age,0.9,high
a mandatory retirement age should be used,age related,pension scheme,0.6,medium
a mandatory retirement age should be used,ageing,mandatory retirement age,0.7,high
a mandatory retirement age should be used,ageing,younger adults,0.4,medium
a mandatory retirement age should be used,ageing results,mandatory retirement age,0.4,medium
a mandatory retirement age should be used,ageism,mandatory retirement age,0.6,medium
a mandatory retirement age should be used,ageist,mandatory retirement age,0.4,medium
a mandatory retirement age should be used,aging,mandatory retirement age,0.8,high
a mandatory retirement age should be used,aging,telomerase,0.3,low
a mandatory retirement age should be used,cell,mandatory retirement age,0.0,low
a mandatory retirement age should be used,contractions,mandatory retirement age,0.1,low
a mandatory retirement age should be used,cortex,mandatory retirement age,0.0,low
a mandatory retirement age should be used,decline with age,contractions,0.1,low
a mandatory retirement age should be used,decline with age,employment,0.4,medium
a mandatory retirement age should be used,decline with age,mandatory retirement age,0.7,high
a mandatory retirement age should be used,decline with age,stereotypes,0.2,low
a mandatory retirement age should be used,defined benefit,mandatory retirement age,0.2,low
a mandatory retirement age should be used,defined benefit,pension schemes,0.7,high
a mandatory retirement age should be used,defined benefit pension,mandatory retirement age,0.4,medium
a mandatory retirement age should be used,defined benefit plan,mandatory retirement age,0.3,low
a mandatory retirement age should be used,defined benefit plan,successful ageing,0.2,low
a mandatory retirement age should be used,defined benefit plans,mandatory retirement age,0.3,low
a mandatory retirement age should be used,defined benefit plans,young,0.0,low
a mandatory retirement age should be used,defined contribution,mandatory retirement age,0.1,low
a mandatory retirement age should be used,defined contribution,receptor,0.0,low
a mandatory retirement age should be used,defined contribution,telomerase,0.0,low
a mandatory retirement age should be used,defined contribution plan,ageing results,0.0,low
a mandatory retirement age should be used,defined contribution plan,ageist,0.0,low
a mandatory retirement age should be used,defined contribution plan,contractions,0.0,low
a mandatory retirement age should be used,defined contribution plan,mandatory retirement age,0.3,low
a mandatory retirement age should be used,defined contribution plan,motor units,0.0,low
a mandatory retirement age should be used,defined contribution plan,stereotypes,0.0,low
a mandatory retirement age should be used,defined contribution plans,mandatory retirement age,0.3,low
a mandatory retirement age should be used,defined contribution plans,stereotypes,0.0,low
a mandatory retirement age should be used,defined contribution plans,successful ageing,0.0,low
a mandatory retirement age should be used,discrimination,ageist,1.0,high
a mandatory retirement age should be used,discrimination,mandatory retirement age,0.5,medium
a mandatory retirement age should be used,discrimination,younger adults,0.2,low
a mandatory retirement age should be used,effects of aging,cell,0.1,low
a mandatory retirement age should be used,effects of aging,cortex,0.2,low
a mandatory retirement age should be used,effects of aging,employment,0.3,low
a mandatory retirement age should be used,effects of aging,mandatory retirement age,0.7,high
a mandatory retirement age should be used,effects of aging,successful ageing,0.6,medium
a mandatory retirement age should be used,effects of aging,young,0.1,low
a mandatory retirement age should be used,employment,mandatory retirement age,0.9,high
a mandatory retirement age should be used,memory,ageist,0.1,low
a mandatory retirement age should be used,memory,contractions,0.0,low
a mandatory retirement age should be used,memory,cortex,0.7,high
a mandatory retirement age should be used,memory,mandatory retirement age,0.0,low
a mandatory retirement age should be used,memory,pension scheme,0.0,low
a mandatory retirement age should be used,memory,young,0.0,low
a mandatory retirement age should be used,memory issues,mandatory retirement age,0.3,low
a mandatory retirement age should be used,memory loss,mandatory retirement age,0.3,low
a mandatory retirement age should be used,mild cognitive impairment,cortex,0.8,high
a mandatory retirement age should be used,mild cognitive impairment,mandatory retirement age,0.1,low
a mandatory retirement age should be used,mild cognitive impairment,memory loss,1.0,high
a mandatory retirement age should be used,misrepair,mandatory retirement age,0.0,low
a mandatory retirement age should be used,motor units,mandatory retirement age,0.0,low
a mandatory retirement age should be used,muscle fibers,mandatory retirement age,0.0,low
a mandatory retirement age should be used,normal aging,mandatory retirement age,0.4,medium
a mandatory retirement age should be used,normal aging,pension schemes,0.4,medium
a mandatory retirement age should be used,normal aging,stereotypes,0.0,low
a mandatory retirement age should be used,older,cell,0.0,low
a mandatory retirement age should be used,older,contractions,0.0,low
a mandatory retirement age should be used,older,mandatory retirement age,0.6,medium
a mandatory retirement age should be used,older,young,0.5,medium
a mandatory retirement age should be used,older adults,mandatory retirement age,0.9,high
a mandatory retirement age should be used,older generation,mandatory retirement age,0.8,high
a mandatory retirement age should be used,older generation,misrepair,0.1,low
a mandatory retirement age should be used,older generation,pension scheme,0.9,high
a mandatory retirement age should be used,older generation,successful ageing,0.8,high
a mandatory retirement age should be used,older generation,younger adults,0.4,medium
a mandatory retirement age should be used,older patients,mandatory retirement age,0.1,low
a mandatory retirement age should be used,older people,mandatory retirement age,0.8,high
a mandatory retirement age should be used,older people,muscle fibers,0.2,low
a mandatory retirement age should be used,older people,older patients,0.8,high
a mandatory retirement age should be used,older people,young,0.5,medium
a mandatory retirement age should be used,pension,ageist,0.1,low
a mandatory retirement age should be used,pension,employment,0.8,high
a mandatory retirement age should be used,pension,mandatory retirement age,0.8,high
a mandatory retirement age should be used,pension,muscle fibers,0.0,low
a mandatory retirement age should be used,pension scheme,mandatory retirement age,0.6,medium
a mandatory retirement age should be used,pension schemes,mandatory retirement age,0.6,medium
a mandatory retirement age should be used,receptor,mandatory retirement age,0.0,low
a mandatory retirement age should be used,retirement,ageing results,0.5,medium
a mandatory retirement age should be used,retirement,mandatory retirement age,1.0,high
a mandatory retirement age should be used,retirement,receptor,0.0,low
a mandatory retirement age should be used,retirement plans,mandatory retirement age,0.8,high
a mandatory retirement age should be used,stereotypes,mandatory retirement age,0.2,low
a mandatory retirement age should be used,successful ageing,mandatory retirement age,0.4,medium
a mandatory retirement age should be used,telomerase,mandatory retirement age,0.0,low
a mandatory retirement age should be used,theory of ageing,contractions,0.0,low
a mandatory retirement age should be used,theory of ageing,mandatory retirement age,0.5,medium
a mandatory retirement age should be used,theory of ageing,motor units,0.1,low
a mandatory retirement age should be used,years of age,mandatory retirement age,0.5,medium
a mandatory retirement age should be used,years of age,motor units,0.1,low
a mandatory retirement age should be used,young,mandatory retirement age,0.0,low
a mandatory retirement age should be used,young adults,mandatory retirement age,0.0,low
a mandatory retirement age should be used,young adults,pension scheme,0.1,low
a mandatory retirement age should be used,younger adults,mandatory retirement age,0.0,low
all collective bargaining rights claimed by trades unions should be abolished,american labor,collective bargaining rights,0.2,low
all collective bargaining rights claimed by trades unions should be abolished,american labor,trades unions,0.7,high
all collective bargaining rights claimed by trades unions should be abolished,anglo saxon system,collective bargaining rights,0.2,low
all collective bargaining rights claimed by trades unions should be abolished,anglo saxon system,trades unions,0.2,low
all collective bargaining rights claimed by trades unions should be abolished,bargaining,collective bargaining rights,1.0,high
all collective bargaining rights claimed by trades unions should be abolished,bargaining,trades unions,0.6,medium
all collective bargaining rights claimed by trades unions should be abolished,child labour,american labor,0.5,medium
all collective bargaining rights claimed by trades unions should be abolished,child labour,anglo saxon system,0.0,low
all collective bargaining rights claimed by trades unions should be abolished,child labour,collective bargaining rights,0.1,low
all collective bargaining rights claimed by trades unions should be abolished,child labour,international labour office,0.7,high
all collective bargaining rights claimed by trades unions should be abolished,child labour,skilled and unskilled,0.1,low
all collective bargaining rights claimed by trades unions should be abolished,child labour,terms and conditions,0.2,low
all collective bargaining rights claimed by trades unions should be abolished,child labour,trades unions,0.1,low
all collective bargaining rights claimed by trades unions should be abolished,child labour,unskilled workers,0.7,high
all collective bargaining rights claimed by trades unions should be abolished,collective,anglo saxon system,0.0,low
all collective bargaining rights claimed by trades unions should be abolished,collective,collective bargaining rights,1.0,high
all collective bargaining rights claimed by trades unions should be abolished,collective,decent work,0.0,low
all collective bargaining rights claimed by trades unions should be abolished,collective,league of nations,0.2,low
all collective bargaining rights claimed by trades unions should be abolished,collective,skilled,0.0,low
all collective bargaining rights claimed by trades unions should be abolished,collective,trades unions,0.7,high
all collective bargaining rights claimed by trades unions should be abolished,collective bargaining,collective bargaining rights,1.0,high
all collective bargaining rights claimed by trades unions should be abolished,collective bargaining,delegates,0.4,medium
all collective bargaining rights claimed by trades unions should be abolished,collective bargaining,employers and workers,0.9,high
all collective bargaining rights claimed by trades unions should be abolished,collective bargaining,international labour office,0.3,low
all collective bargaining rights claimed by trades unions should be abolished,collective bargaining,labour relations,1.0,high
all collective bargaining rights claimed by trades unions should be abolished,collective bargaining,league of nations,0.0,low
all collective bargaining rights claimed by trades unions should be abolished,collective bargaining,skilled,0.1,low
all collective bargaining rights claimed by trades unions should be abolished,collective bargaining,trades unions,0.8,high
all collective bargaining rights claimed by trades unions should be abolished,congress of industrial,anglo saxon system,0.0,low
all collective bargaining rights claimed by trades unions should be abolished,congress of industrial,collective bargaining rights,0.1,low
all collective bargaining rights claimed by trades unions should be abolished,congress of industrial,employers and workers,0.1,low
all collective bargaining rights claimed by trades unions should be abolished,congress of industrial,labour relations,0.2,low
all collective bargaining rights claimed by trades unions should be abolished,congress of industrial,trades unions,0.5,medium
all collective bargaining rights claimed by trades unions should be abolished,conventions,collective bargaining rights,0.2,low
all collective bargaining rights claimed by trades unions should be abolished,conventions,trades unions,0.1,low
all collective bargaining rights claimed by trades unions should be abolished,craft,collective bargaining rights,0.1,low
all collective bargaining rights claimed by trades unions should be abolished,craft,labour relations,0.1,low
all collective bargaining rights claimed by trades unions should be abolished,craft,organization,0.0,low
all collective bargaining rights claimed by trades unions should be abolished,craft,trades unions,0.3,low
all collective bargaining rights claimed by trades unions should be abolished,craft,union density,0.0,low
all collective bargaining rights claimed by trades unions should be abolished,craft,union movement,0.3,low
all collective bargaining rights claimed by trades unions should be abolished,craft union,collective bargaining rights,0.8,high
all collective bargaining rights claimed by trades unions should be abolished,craft union,trades unions,1.0,high
all collective bargaining rights claimed by trades unions should be abolished,craft unionism,collective bargaining rights,0.7,high
all collective bargaining rights claimed by trades unions should be abolished,craft unionism,delegates,0.2,low
all collective bargaining rights claimed by trades unions should be abolished,craft unionism,human rights held,0.3,low
all collective bargaining rights claimed by trades unions should be abolished,craft unionism,industrial organizations,0.5,medium
all collective bargaining rights claimed by trades unions should be abolished,craft unionism,international labour office,0.3,low
all collective bargaining rights claimed by trades unions should be abolished,craft unionism,terms and conditions,0.4,medium
all collective bargaining rights claimed by trades unions should be abolished,craft unionism,trades unions,1.0,high
all collective bargaining rights claimed by trades unions should be abolished,craft unions,american labor,0.7,high
all collective bargaining rights claimed by trades unions should be abolished,craft unions,collective bargaining rights,0.9,high
all collective bargaining rights claimed by trades unions should be abolished,craft unions,higher wages,0.6,medium
all collective bargaining rights claimed by trades unions should be abolished,craft unions,human rights held,0.3,low
all collective bargaining rights claimed by trades unions should be abolished,craft unions,skilled workers,0.7,high
all collective bargaining rights claimed by trades unions should be abolished,craft unions,trades unions,1.0,high
all collective bargaining rights claimed by trades unions should be abolished,decent work,collective bargaining rights,0.5,medium
all collective bargaining rights claimed by trades unions should be abolished,decent work,trades unions,0.7,high
all collective bargaining rights claimed by trades unions should be abolished,delegates,collective bargaining rights,0.4,medium
all collective bargaining rights claimed by trades unions should be abolished,delegates,trades unions,0.7,high
all collective bargaining rights claimed by trades unions should be abolished,employers,collective bargaining rights,0.7,high
all collective bargaining rights claimed by trades unions should be abolished,employers,conventions,0.0,low
all collective bargaining rights claimed by trades unions should be abolished,employers,decent work,0.6,medium
all collective bargaining rights claimed by trades unions should be abolished,employers,delegates,0.2,low
all collective bargaining rights claimed by trades unions should be abolished,employers,gompers,0.2,low
all collective bargaining rights claimed by trades unions should be abolished,employers,international labour office,0.3,low
all collective bargaining rights claimed by trades unions should be abolished,employers,league of nations,0.0,low
all collective bargaining rights claimed by trades unions should be abolished,employers,organize,0.1,low
all collective bargaining rights claimed by trades unions should be abolished,employers,trades unions,0.6,medium
all collective bargaining rights claimed by trades unions should be abolished,employers and workers,collective bargaining rights,0.7,high
all collective bargaining rights claimed by trades unions should be abolished,employers and workers,trades unions,0.9,high
all collective bargaining rights claimed by trades unions should be abolished,freedom of association,anglo saxon system,0.4,medium
all collective bargaining rights claimed by trades unions should be abolished,freedom of association,collective bargaining rights,0.8,high
all collective bargaining rights claimed by trades unions should be abolished,freedom of association,higher wages,0.2,low
all collective bargaining rights claimed by trades unions should be abolished,freedom of association,industrial organizations,0.6,medium
all collective bargaining rights claimed by trades unions should be abolished,freedom of association,organize,0.8,high
all collective bargaining rights claimed by trades unions should be abolished,freedom of association,trades unions,1.0,high
all collective bargaining rights claimed by trades unions should be abolished,gompers,collective bargaining rights,0.4,medium
all collective bargaining rights claimed by trades unions should be abolished,gompers,trades unions,0.5,medium
all collective bargaining rights claimed by trades unions should be abolished,group of workers,bargaining,0.6,medium
all collective bargaining rights claimed by trades unions should be abolished,group of workers,collective bargaining rights,0.8,high
all collective bargaining rights claimed by trades unions should be abolished,group of workers,delegates,0.4,medium
all collective bargaining rights claimed by trades unions should be abolished,group of workers,organize,0.8,high
all collective bargaining rights claimed by trades unions should be abolished,group of workers,skilled workers,0.7,high
all collective bargaining rights claimed by trades unions should be abolished,group of workers,trades unions,0.8,high
all collective bargaining rights claimed by trades unions should be abolished,higher wages,collective bargaining rights,0.9,high
all collective bargaining rights claimed by trades unions should be abolished,higher wages,trades unions,0.9,high
all collective bargaining rights claimed by trades unions should be abolished,human rights held,collective bargaining rights,0.7,high
all collective bargaining rights claimed by trades unions should be abolished,human rights held,trades unions,0.4,medium
all collective bargaining rights claimed by trades unions should be abolished,industrial,collective bargaining rights,0.0,low
all collective bargaining rights claimed by trades unions should be abolished,industrial,labour relations,0.1,low
all collective bargaining rights claimed by trades unions should be abolished,industrial,rank and file,0.1,low
all collective bargaining rights claimed by trades unions should be abolished,industrial,trades unions,0.5,medium
all collective bargaining rights claimed by trades unions should be abolished,industrial,unskilled workers,0.3,low
all collective bargaining rights claimed by trades unions should be abolished,industrial,working,0.4,medium
all collective bargaining rights claimed by trades unions should be abolished,industrial organizations,collective bargaining rights,0.4,medium
all collective bargaining rights claimed by trades unions should be abolished,industrial organizations,trades unions,0.8,high
all collective bargaining rights claimed by trades unions should be abolished,industrial union,collective bargaining rights,0.9,high
all collective bargaining rights claimed by trades unions should be abolished,industrial union,gompers,0.7,high
all collective bargaining rights claimed by trades unions should be abolished,industrial union,organize,0.6,medium
all collective bargaining rights claimed by trades unions should be abolished,industrial union,trades unions,0.9,high
all collective bargaining rights claimed by trades unions should be abolished,industrial union,working,0.7,high
all collective bargaining rights claimed by trades unions should be abolished,industrial unionism,collective bargaining rights,1.0,high
all collective bargaining rights claimed by trades unions should be abolished,industrial unionism,craft union,1.0,high
all collective bargaining rights claimed by trades unions should be abolished,industrial unionism,trades unions,1.0,high
all collective bargaining rights claimed by trades unions should be abolished,industrial unionism,unskilled workers,0.3,low
all collective bargaining rights claimed by trades unions should be abolished,international labour,collective bargaining rights,0.4,medium
all collective bargaining rights claimed by trades unions should be abolished,international labour,trades unions,0.4,medium
all collective bargaining rights claimed by trades unions should be abolished,international labour conference,anglo saxon system,0.1,low
all collective bargaining rights claimed by trades unions should be abolished,international labour conference,bargaining,0.3,low
all collective bargaining rights claimed by trades unions should be abolished,international labour conference,collective bargaining rights,0.6,medium
all collective bargaining rights claimed by trades unions should be abolished,international labour conference,trades unions,0.9,high
all collective bargaining rights claimed by trades unions should be abolished,international labour conference,working,0.5,medium
all collective bargaining rights claimed by trades unions should be abolished,international labour office,collective bargaining rights,0.3,low
all collective bargaining rights claimed by trades unions should be abolished,international labour office,trades unions,0.3,low
all collective bargaining rights claimed by trades unions should be abolished,international labour standards,collective bargaining rights,0.5,medium
all collective bargaining rights claimed by trades unions should be abolished,international labour standards,rank and file,0.1,low
all collective bargaining rights claimed by trades unions should be abolished,international labour standards,trades unions,0.7,high
all collective bargaining rights claimed by trades unions should be abolished,join a union,collective bargaining rights,0.5,medium
all collective bargaining rights claimed by trades unions should be abolished,join a union,craft union,0.8,high
all collective bargaining rights claimed by trades unions should be abolished,join a union,labour relations,0.6,medium
all collective bargaining rights claimed by trades unions should be abolished,join a union,league of nations,0.0,low
all collective bargaining rights claimed by trades unions should be abolished,join a union,trades unions,0.9,high
all collective bargaining rights claimed by trades unions should be abolished,join a union,unskilled workers,0.3,low
all collective bargaining rights claimed by trades unions should be abolished,knights of labor,collective bargaining rights,0.7,high
all collective bargaining rights claimed by trades unions should be abolished,knights of labor,delegates,0.2,low
all collective bargaining rights claimed by trades unions should be abolished,knights of labor,terms and conditions,0.3,low
all collective bargaining rights claimed by trades unions should be abolished,knights of labor,trades unions,0.7,high
all collective bargaining rights claimed by trades unions should be abolished,labor,collective bargaining rights,0.8,high
all collective bargaining rights claimed by trades unions should be abolished,labor,delegates,0.2,low
all collective bargaining rights claimed by trades unions should be abolished,labor,skilled,0.6,medium
all collective bargaining rights claimed by trades unions should be abolished,labor,trades unions,0.9,high
all collective bargaining rights claimed by trades unions should be abolished,labour,collective bargaining rights,0.9,high
all collective bargaining rights claimed by trades unions should be abolished,labour,delegates,0.3,low
all collective bargaining rights claimed by trades unions should be abolished,labour,labour relations,1.0,high
all collective bargaining rights claimed by trades unions should be abolished,labour,membership,0.1,low
all collective bargaining rights claimed by trades unions should be abolished,labour,trades unions,0.9,high
all collective bargaining rights claimed by trades unions should be abolished,labour relations,collective bargaining rights,0.4,medium
all collective bargaining rights claimed by trades unions should be abolished,labour relations,trades unions,0.7,high
all collective bargaining rights claimed by trades unions should be abolished,league of nations,collective bargaining rights,0.1,low
all collective bargaining rights claimed by trades unions should be abolished,league of nations,trades unions,0.1,low
all collective bargaining rights claimed by trades unions should be abolished,members,collective bargaining rights,0.2,low
all collective bargaining rights claimed by trades unions should be abolished,members,trades unions,1.0,high
all collective bargaining rights claimed by trades unions should be abolished,membership,collective bargaining rights,0.2,low
all collective bargaining rights claimed by trades unions should be abolished,membership,trades unions,1.0,high
all collective bargaining rights claimed by trades unions should be abolished,organization,collective bargaining rights,0.3,low
all collective bargaining rights claimed by trades unions should be abolished,organization,trades unions,1.0,high
all collective bargaining rights claimed by trades unions should be abolished,organize,collective bargaining rights,0.5,medium
all collective bargaining rights claimed by trades unions should be abolished,organize,trades unions,0.7,high
all collective bargaining rights claimed by trades unions should be abolished,public employee unions,collective bargaining rights,0.7,high
all collective bargaining rights claimed by trades unions should be abolished,public employee unions,craft union,0.8,high
all collective bargaining rights claimed by trades unions should be abolished,public employee unions,gompers,0.3,low
all collective bargaining rights claimed by trades unions should be abolished,public employee unions,industrial organizations,0.7,high
all collective bargaining rights claimed by trades unions should be abolished,public employee unions,international labour office,0.2,low
all collective bargaining rights claimed by trades unions should be abolished,public employee unions,rank and file,0.5,medium
all collective bargaining rights claimed by trades unions should be abolished,public employee unions,trades unions,0.8,high
all collective bargaining rights claimed by trades unions should be abolished,public employee unions,working,0.7,high
all collective bargaining rights claimed by trades unions should be abolished,rank and file,collective bargaining rights,0.4,medium
all collective bargaining rights claimed by trades unions should be abolished,rank and file,trades unions,0.4,medium
all collective bargaining rights claimed by trades unions should be abolished,revolutionary industrial unionism,collective bargaining rights,0.6,medium
all collective bargaining rights claimed by trades unions should be abolished,revolutionary industrial unionism,conventions,0.0,low
all collective bargaining rights claimed by trades unions should be abolished,revolutionary industrial unionism,human rights held,0.4,medium
all collective bargaining rights claimed by trades unions should be abolished,revolutionary industrial unionism,membership,0.5,medium
all collective bargaining rights claimed by trades unions should be abolished,revolutionary industrial unionism,rank and file,0.5,medium
all collective bargaining rights claimed by trades unions should be abolished,revolutionary industrial unionism,trades unions,0.9,high
all collective bargaining rights claimed by trades unions should be abolished,skilled,collective bargaining rights,0.0,low
all collective bargaining rights claimed by trades unions should be abolished,skilled,trades unions,0.1,low
all collective bargaining rights claimed by trades unions should be abolished,skilled and unskilled,collective bargaining rights,0.1,low
all collective bargaining rights claimed by trades unions should be abolished,skilled and unskilled,trades unions,0.4,medium
all collective bargaining rights claimed by trades unions should be abolished,skilled workers,collective bargaining rights,0.3,low
all collective bargaining rights claimed by trades unions should be abolished,skilled workers,trades unions,0.7,high
all collective bargaining rights claimed by trades unions should be abolished,terms and conditions,collective bargaining rights,0.9,high
all collective bargaining rights claimed by trades unions should be abolished,terms and conditions,trades unions,0.5,medium
all collective bargaining rights claimed by trades unions should be abolished,trade union,collective bargaining rights,1.0,high
all collective bargaining rights claimed by trades unions should be abolished,trade union,conventions,0.4,medium
all collective bargaining rights claimed by trades unions should be abolished,trade union,craft union,0.9,high
all collective bargaining rights claimed by trades unions should be abolished,trade union,human rights held,0.3,low
all collective bargaining rights claimed by trades unions should be abolished,trade union,industrial organizations,0.7,high
all collective bargaining rights claimed by trades unions should be abolished,trade union,labour relations,0.7,high
all collective bargaining rights claimed by trades unions should be abolished,trade union,terms and conditions,0.8,high
all collective bargaining rights claimed by trades unions should be abolished,trade union,trades unions,1.0,high
all collective bargaining rights claimed by trades unions should be abolished,trade union,union movement,0.9,high
all collective bargaining rights claimed by trades unions should be abolished,trade union members,bargaining,0.6,medium
all collective bargaining rights claimed by trades unions should be abolished,trade union members,collective bargaining rights,0.9,high
all collective bargaining rights claimed by trades unions should be abolished,trade union members,conventions,0.3,low
all collective bargaining rights claimed by trades unions should be abolished,trade union members,gompers,0.4,medium
all collective bargaining rights claimed by trades unions should be abolished,trade union members,labour relations,0.6,medium
all collective bargaining rights claimed by trades unions should be abolished,trade union members,members,1.0,high
all collective bargaining rights claimed by trades unions should be abolished,trade union members,terms and conditions,0.3,low
all collective bargaining rights claimed by trades unions should be abolished,trade union members,trades unions,1.0,high
all collective bargaining rights claimed by trades unions should be abolished,trade unions,collective bargaining rights,1.0,high
all collective bargaining rights claimed by trades unions should be abolished,trade unions,league of nations,0.0,low
all collective bargaining rights claimed by trades unions should be abolished,trade unions,membership,0.7,high
all collective bargaining rights claimed by trades unions should be abolished,trade unions,rank and file,0.4,medium
all collective bargaining rights claimed by trades unions should be abolished,trade unions,skilled and unskilled,0.3,low
all collective bargaining rights claimed by trades unions should be abolished,trade unions,terms and conditions,0.6,medium
all collective bargaining rights claimed by trades unions should be abolished,trade unions,trades unions,1.0,high
all collective bargaining rights claimed by trades unions should be abolished,union,collective bargaining rights,1.0,high
all collective bargaining rights claimed by trades unions should be abolished,union,conventions,0.5,medium
all collective bargaining rights claimed by trades unions should be abolished,union,craft union,0.9,high
all collective bargaining rights claimed by trades unions should be abolished,union,labour relations,0.8,high
all collective bargaining rights claimed by trades unions should be abolished,union,rank and file,0.5,medium
all collective bargaining rights claimed by trades unions should be abolished,union,trades unions,1.0,high
all collective bargaining rights claimed by trades unions should be abolished,union density,collective bargaining rights,0.4,medium
all collective bargaining rights claimed by trades unions should be abolished,union density,trades unions,1.0,high
all collective bargaining rights claimed by trades unions should be abolished,union members,collective bargaining rights,0.7,high
all collective bargaining rights claimed by trades unions should be abolished,union members,conventions,0.3,low
all collective bargaining rights claimed by trades unions should be abolished,union members,delegates,0.5,medium
all collective bargaining rights claimed by trades unions should be abolished,union members,members,0.9,high
all collective bargaining rights claimed by trades unions should be abolished,union members,membership,1.0,high
all collective bargaining rights claimed by trades unions should be abolished,union members,organization,0.7,high
all collective bargaining rights claimed by trades unions should be abolished,union members,trades unions,1.0,high
all collective bargaining rights claimed by trades unions should be abolished,union movement,collective bargaining rights,0.8,high
all collective bargaining rights claimed by trades unions should be abolished,union movement,trades unions,1.0,high
all collective bargaining rights claimed by trades unions should be abolished,unionism,bargaining,0.6,medium
all collective bargaining rights claimed by trades unions should be abolished,unionism,collective bargaining rights,0.9,high
all collective bargaining rights claimed by trades unions should be abolished,unionism,membership,0.8,high
all collective bargaining rights claimed by trades unions should be abolished,unionism,trades unions,1.0,high
all collective bargaining rights claimed by trades unions should be abolished,unionism,unskilled workers,0.4,medium
all collective bargaining rights claimed by trades unions should be abolished,unionism,working,0.4,medium
all collective bargaining rights claimed by trades unions should be abolished,unions,collective bargaining rights,1.0,high
all collective bargaining rights claimed by trades unions should be abolished,unions,conventions,0.6,medium
all collective bargaining rights claimed by trades unions should be abolished,unions,decent work,0.5,medium
all collective bargaining rights claimed by trades unions should be abolished,unions,human rights held,0.4,medium
all collective bargaining rights claimed by trades unions should be abolished,unions,trades unions,1.0,high
all collective bargaining rights claimed by trades unions should be abolished,unskilled workers,collective bargaining rights,0.2,low
all collective bargaining rights claimed by trades unions should be abolished,unskilled workers,trades unions,0.3,low
all collective bargaining rights claimed by trades unions should be abolished,workers,collective bargaining rights,0.9,high
all collective bargaining rights claimed by trades unions should be abolished,workers,decent work,0.9,high
all collective bargaining rights claimed by trades unions should be abolished,workers,delegates,0.3,low
all collective bargaining rights claimed by trades unions should be abolished,workers,human rights held,0.2,low
all collective bargaining rights claimed by trades unions should be abolished,workers,league of nations,0.0,low
all collective bargaining rights claimed by trades unions should be abolished,workers,terms and conditions,0.7,high
all collective bargaining rights claimed by trades unions should be abolished,workers,trades unions,0.9,high
all collective bargaining rights claimed by trades unions should be abolished,working,collective bargaining rights,0.4,medium
all collective bargaining rights claimed by trades unions should be abolished,working,trades unions,0.6,medium
all nations have a right to nuclear weapons,anti ballistic missile,nations,0.0,low
all nations have a right to nuclear weapons,anti ballistic missile,nuclear weapons,0.9,high
all nations have a right to nuclear weapons,anti nuclear,anti ballistic missile,0.3,low
all nations have a right to nuclear weapons,anti nuclear,energy,0.3,low
all nations have a right to nuclear weapons,anti nuclear,fat man,0.2,low
all nations have a right to nuclear weapons,anti nuclear,nations,0.2,low
all nations have a right to nuclear weapons,anti nuclear,nuclear bomb,1.0,high
all nations have a right to nuclear weapons,anti nuclear,nuclear weapons,1.0,high
all nations have a right to nuclear weapons,anti nuclear,proliferation,0.6,medium
all nations have a right to nuclear weapons,anti nuclear,uranium enrichment,0.3,low
all nations have a right to nuclear weapons,anti nuclear,warheads,0.4,medium
all nations have a right to nuclear weapons,anti nuclear groups,deterrence,0.3,low
all nations have a right to nuclear weapons,anti nuclear groups,developing nuclear weapons,0.9,high
all nations have a right to nuclear weapons,anti nuclear groups,nations,0.1,low
all nations have a right to nuclear weapons,anti nuclear groups,nuclear material,0.3,low
all nations have a right to nuclear weapons,anti nuclear groups,nuclear weapons,1.0,high
all nations have a right to nuclear weapons,atomic,anti ballistic missile,0.5,medium
all nations have a right to nuclear weapons,atomic,fat man,0.7,high
all nations have a right to nuclear weapons,atomic,nations,0.1,low
all nations have a right to nuclear weapons,atomic,north korea's,0.3,low
all nations have a right to nuclear weapons,atomic,nuclear material,1.0,high
all nations have a right to nuclear weapons,atomic,nuclear weapons,1.0,high
all nations have a right to nuclear weapons,atomic,yield,0.7,high
all nations have a right to nuclear weapons,atomic bomb,kilotons of tnt,0.9,high
all nations have a right to nuclear weapons,atomic bomb,national intelligence estimate,0.5,medium
all nations have a right to nuclear weapons,atomic bomb,nations,0.1,low
all nations have a right to nuclear weapons,atomic bomb,nuclear weapons,1.0,high
all nations have a right to nuclear weapons,atomic bomb,uranium enrichment,1.0,high
all nations have a right to nuclear weapons,atomic bomb,yield,0.5,medium
all nations have a right to nuclear weapons,blast,nations,0.0,low
all nations have a right to nuclear weapons,blast,nuclear weapons,1.0,high
all nations have a right to nuclear weapons,bomb,nations,0.1,low
all nations have a right to nuclear weapons,bomb,north,0.0,low
all nations have a right to nuclear weapons,bomb,nuclear tests,0.8,high
all nations have a right to nuclear weapons,bomb,nuclear weapons,1.0,high
all nations have a right to nuclear weapons,cold war,anti ballistic missile,0.2,low
all nations have a right to nuclear weapons,cold war,kilotons of tnt,0.0,low
all nations have a right to nuclear weapons,cold war,nations,0.7,high
all nations have a right to nuclear weapons,cold war,nuclear weapons,0.7,high
all nations have a right to nuclear weapons,cold war,united states,1.0,high
all nations have a right to nuclear weapons,deterrence,nations,0.5,medium
all nations have a right to nuclear weapons,deterrence,nuclear weapons,1.0,high
all nations have a right to nuclear weapons,developing nuclear weapons,nations,0.9,high
all nations have a right to nuclear weapons,developing nuclear weapons,nuclear weapons,1.0,high
all nations have a right to nuclear weapons,energy,nations,0.1,low
all nations have a right to nuclear weapons,energy,nuclear weapons,0.9,high
all nations have a right to nuclear weapons,explosion,nations,0.0,low
all nations have a right to nuclear weapons,explosion,nuclear weapons,1.0,high
all nations have a right to nuclear weapons,fat man,nations,0.0,low
all nations have a right to nuclear weapons,fat man,nuclear weapons,0.8,high
all nations have a right to nuclear weapons,fission,nations,0.0,low
all nations have a right to nuclear weapons,fission,north,0.0,low
all nations have a right to nuclear weapons,fission,nuclear weapons,1.0,high
all nations have a right to nuclear weapons,fission,nuclear weapons tests,0.5,medium
all nations have a right to nuclear weapons,fission,uranium enrichment,1.0,high
all nations have a right to nuclear weapons,fission chain reaction,nations,0.0,low
all nations have a right to nuclear weapons,fission chain reaction,nuclear weapons,1.0,high
all nations have a right to nuclear weapons,fusion fuel,nations,0.0,low
all nations have a right to nuclear weapons,fusion fuel,nuclear weapons,1.0,high
all nations have a right to nuclear weapons,hiroshima and nagasaki,energy,0.2,low
all nations have a right to nuclear weapons,hiroshima and nagasaki,fission chain reaction,0.2,low
all nations have a right to nuclear weapons,hiroshima and nagasaki,nations,0.2,low
all nations have a right to nuclear weapons,hiroshima and nagasaki,nuclear weapons,0.8,high
all nations have a right to nuclear weapons,hiroshima and nagasaki,nuclear weapons tests,0.3,low
all nations have a right to nuclear weapons,iran's nuclear program,nations,0.7,high
all nations have a right to nuclear weapons,iran's nuclear program,nuclear weapons,1.0,high
all nations have a right to nuclear weapons,kilotons of tnt,nations,0.0,low
all nations have a right to nuclear weapons,kilotons of tnt,nuclear weapons,0.9,high
all nations have a right to nuclear weapons,missile,developing nuclear weapons,0.6,medium
all nations have a right to nuclear weapons,missile,nations,0.1,low
all nations have a right to nuclear weapons,missile,nuclear explosion,0.9,high
all nations have a right to nuclear weapons,missile,nuclear weapons,1.0,high
all nations have a right to nuclear weapons,national intelligence estimate,nations,0.7,high
all nations have a right to nuclear weapons,national intelligence estimate,nuclear weapons,0.4,medium
all nations have a right to nuclear weapons,nevada test site,fission chain reaction,0.1,low
all nations have a right to nuclear weapons,nevada test site,fusion fuel,0.4,medium
all nations have a right to nuclear weapons,nevada test site,nations,0.2,low
all nations have a right to nuclear weapons,nevada test site,north,0.1,low
all nations have a right to nuclear weapons,nevada test site,north korea's,0.0,low
all nations have a right to nuclear weapons,nevada test site,north korean nuclear,0.0,low
all nations have a right to nuclear weapons,nevada test site,nuclear testing,1.0,high
all nations have a right to nuclear weapons,nevada test site,nuclear weapons,1.0,high
all nations have a right to nuclear weapons,north,nations,0.3,low
all nations have a right to nuclear weapons,north,nuclear weapons,0.0,low
all nations have a right to nuclear weapons,north korea,developing nuclear weapons,0.9,high
all nations have a right to nuclear weapons,north korea,energy,0.1,low
all nations have a right to nuclear weapons,north korea,fission chain reaction,0.1,low
all nations have a right to nuclear weapons,north korea,nations,0.9,high
all nations have a right to nuclear weapons,north korea,nuclear weapons,0.5,medium
all nations have a right to nuclear weapons,north korea,reactors,0.2,low
all nations have a right to nuclear weapons,north korea's,nations,0.9,high
all nations have a right to nuclear weapons,north korea's,nuclear weapons,0.7,high
all nations have a right to nuclear weapons,north korean nuclear,nations,0.6,medium
all nations have a right to nuclear weapons,north korean nuclear,nuclear weapons,0.9,high
all nations have a right to nuclear weapons,nuclear,fusion fuel,0.9,high
all nations have a right to nuclear weapons,nuclear,iran's nuclear program,0.8,high
all nations have a right to nuclear weapons,nuclear,kilotons of tnt,0.6,medium
all nations have a right to nuclear weapons,nuclear,nations,0.1,low
all nations have a right to nuclear weapons,nuclear,nuclear weapons,1.0,high
all nations have a right to nuclear weapons,nuclear bomb,nations,0.2,low
all nations have a right to nuclear weapons,nuclear bomb,nuclear weapons,1.0,high
all nations have a right to nuclear weapons,nuclear disarmament,developing nuclear weapons,0.7,high
all nations have a right to nuclear weapons,nuclear disarmament,fission chain reaction,0.1,low
all nations have a right to nuclear weapons,nuclear disarmament,nations,0.8,high
all nations have a right to nuclear weapons,nuclear disarmament,nuclear tests,0.5,medium
all nations have a right to nuclear weapons,nuclear disarmament,nuclear weapons,1.0,high
all nations have a right to nuclear weapons,nuclear disarmament,nuclear weapons tests,0.5,medium
all nations have a right to nuclear weapons,nuclear explosion,nations,0.0,low
all nations have a right to nuclear weapons,nuclear explosion,nuclear weapons,1.0,high
all nations have a right to nuclear weapons,nuclear explosive devices,nations,0.2,low
all nations have a right to nuclear weapons,nuclear explosive devices,nuclear weapons,1.0,high
all nations have a right to nuclear weapons,nuclear material,nations,0.1,low
all nations have a right to nuclear weapons,nuclear material,nuclear weapons,1.0,high
all nations have a right to nuclear weapons,nuclear power,deterrence,0.8,high
all nations have a right to nuclear weapons,nuclear power,national intelligence estimate,0.5,medium
all nations have a right to nuclear weapons,nuclear power,nations,0.3,low
all nations have a right to nuclear weapons,nuclear power,nuclear explosive devices,0.8,high
all nations have a right to nuclear weapons,nuclear power,nuclear weapons,0.9,high
all nations have a right to nuclear weapons,nuclear power,reactors,0.9,high
all nations have a right to nuclear weapons,nuclear power plant,deterrence,0.2,low
all nations have a right to nuclear weapons,nuclear power plant,nations,0.1,low
all nations have a right to nuclear weapons,nuclear power plant,nuclear weapons,0.9,high
all nations have a right to nuclear weapons,nuclear testing,nations,0.6,medium
all nations have a right to nuclear weapons,nuclear testing,nuclear weapons,1.0,high
all nations have a right to nuclear weapons,nuclear tests,nations,0.3,low
all nations have a right to nuclear weapons,nuclear tests,nuclear weapons,1.0,high
all nations have a right to nuclear weapons,nuclear war,national intelligence estimate,0.5,medium
all nations have a right to nuclear weapons,nuclear war,nations,0.8,high
all nations have a right to nuclear weapons,nuclear war,nuclear material,0.7,high
all nations have a right to nuclear weapons,nuclear war,nuclear weapons,1.0,high
all nations have a right to nuclear weapons,nuclear weapon,deterrence,1.0,high
all nations have a right to nuclear weapons,nuclear weapon,developing nuclear weapons,1.0,high
all nations have a right to nuclear weapons,nuclear weapon,nations,0.2,low
all nations have a right to nuclear weapons,nuclear weapon,nuclear weapons,1.0,high
all nations have a right to nuclear weapons,nuclear weapon,warheads,0.9,high
all nations have a right to nuclear weapons,nuclear weapon design,nations,0.1,low
all nations have a right to nuclear weapons,nuclear weapon design,nuclear weapons,1.0,high
all nations have a right to nuclear weapons,nuclear weapon states,fusion fuel,0.3,low
all nations have a right to nuclear weapons,nuclear weapon states,iran's nuclear program,0.9,high
all nations have a right to nuclear weapons,nuclear weapon states,nations,1.0,high
all nations have a right to nuclear weapons,nuclear weapon states,nuclear testing,0.8,high
all nations have a right to nuclear weapons,nuclear weapon states,nuclear weapon design,0.5,medium
all nations have a right to nuclear weapons,nuclear weapon states,nuclear weapons,1.0,high
all nations have a right to nuclear weapons,nuclear weapon states,yield,0.1,low
all nations have a right to nuclear weapons,nuclear weapons,national intelligence estimate,0.5,medium
all nations have a right to nuclear weapons,nuclear weapons,nations,0.3,low
all nations have a right to nuclear weapons,nuclear weapons,north,0.0,low
all nations have a right to nuclear weapons,nuclear weapons,nuclear weapons,1.0,high
all nations have a right to nuclear weapons,nuclear weapons,nuclear weapons tests,1.0,high
all nations have a right to nuclear weapons,nuclear weapons program,anti ballistic missile,0.3,low
all nations have a right to nuclear weapons,nuclear weapons program,deterrence,0.8,high
all nations have a right to nuclear weapons,nuclear weapons program,nations,0.6,medium
all nations have a right to nuclear weapons,nuclear weapons program,north korean nuclear,0.9,high
all nations have a right to nuclear weapons,nuclear weapons program,nuclear bomb,1.0,high
all nations have a right to nuclear weapons,nuclear weapons program,nuclear explosion,0.8,high
all nations have a right to nuclear weapons,nuclear weapons program,nuclear weapons,1.0,high
all nations have a right to nuclear weapons,nuclear weapons states,kilotons of tnt,0.1,low
all nations have a right to nuclear weapons,nuclear weapons states,nations,1.0,high
all nations have a right to nuclear weapons,nuclear weapons states,nuclear explosion,0.7,high
all nations have a right to nuclear weapons,nuclear weapons states,nuclear weapons,1.0,high
all nations have a right to nuclear weapons,nuclear weapons states,proliferation,0.6,medium
all nations have a right to nuclear weapons,nuclear weapons states,warheads,0.4,medium
all nations have a right to nuclear weapons,nuclear weapons tests,nations,0.6,medium
all nations have a right to nuclear weapons,nuclear weapons tests,nuclear weapons,1.0,high
all nations have a right to nuclear weapons,proliferation,nations,0.6,medium
all nations have a right to nuclear weapons,proliferation,nuclear weapons,0.6,medium
all nations have a right to nuclear weapons,radiation,anti ballistic missile,0.2,low
all nations have a right to nuclear weapons,radiation,deterrence,0.1,low
all nations have a right to nuclear weapons,radiation,developing nuclear weapons,0.8,high
all nations have a right to nuclear weapons,radiation,explosion,0.7,high
all nations have a right to nuclear weapons,radiation,iran's nuclear program,0.3,low
all nations have a right to nuclear weapons,radiation,nations,0.0,low
all nations have a right to nuclear weapons,radiation,north korea's,0.0,low
all nations have a right to nuclear weapons,radiation,nuclear bomb,1.0,high
all nations have a right to nuclear weapons,radiation,nuclear weapons,1.0,high
all nations have a right to nuclear weapons,radiation,uranium enrichment,0.7,high
all nations have a right to nuclear weapons,radiation,yield,0.4,medium
all nations have a right to nuclear weapons,reactors,nations,0.0,low
all nations have a right to nuclear weapons,reactors,nuclear weapons,0.8,high
all nations have a right to nuclear weapons,soviet,developing nuclear weapons,0.8,high
all nations have a right to nuclear weapons,soviet,nations,0.8,high
all nations have a right to nuclear weapons,soviet,nuclear tests,0.3,low
all nations have a right to nuclear weapons,soviet,nuclear weapons,0.3,low
all nations have a right to nuclear weapons,soviet,united states,0.6,medium
all nations have a right to nuclear weapons,soviet,warheads,0.0,low
all nations have a right to nuclear weapons,soviet,yield,0.1,low
all nations have a right to nuclear weapons,soviet union,nations,0.9,high
all nations have a right to nuclear weapons,soviet union,nuclear weapons,0.4,medium
all nations have a right to nuclear weapons,soviet union,proliferation,0.2,low
all nations have a right to nuclear weapons,soviet union,trident,0.1,low
all nations have a right to nuclear weapons,tactical nuclear weapons,national intelligence estimate,0.4,medium
all nations have a right to nuclear weapons,tactical nuclear weapons,nations,0.1,low
all nations have a right to nuclear weapons,tactical nuclear weapons,nuclear tests,0.7,high
all nations have a right to nuclear weapons,tactical nuclear weapons,nuclear weapons,1.0,high
all nations have a right to nuclear weapons,tactical nuclear weapons,proliferation,0.4,medium
all nations have a right to nuclear weapons,tactical nuclear weapons,trident,0.6,medium
all nations have a right to nuclear weapons,tactical nuclear weapons,united states,0.4,medium
all nations have a right to nuclear weapons,teller ulam design,energy,0.4,medium
all nations have a right to nuclear weapons,teller ulam design,nations,0.0,low
all nations have a right to nuclear weapons,teller ulam design,north korea's,0.0,low
all nations have a right to nuclear weapons,teller ulam design,nuclear weapons,0.9,high
all nations have a right to nuclear weapons,teller ulam design,proliferation,0.2,low
all nations have a right to nuclear weapons,teller ulam design,trident,0.3,low
all nations have a right to nuclear weapons,test ban treaty,explosion,0.2,low
all nations have a right to nuclear weapons,test ban treaty,nations,0.7,high
all nations have a right to nuclear weapons,test ban treaty,north,0.0,low
all nations have a right to nuclear weapons,test ban treaty,north korean nuclear,0.3,low
all nations have a right to nuclear weapons,test ban treaty,nuclear bomb,1.0,high
all nations have a right to nuclear weapons,test ban treaty,nuclear explosive devices,0.8,high
all nations have a right to nuclear weapons,test ban treaty,nuclear weapons,1.0,high
all nations have a right to nuclear weapons,test ban treaty,united states,1.0,high
all nations have a right to nuclear weapons,trident,nations,0.1,low
all nations have a right to nuclear weapons,trident,nuclear weapons,0.7,high
all nations have a right to nuclear weapons,united states,nations,0.9,high
all nations have a right to nuclear weapons,united states,nuclear weapons,0.3,low
all nations have a right to nuclear weapons,uranium,iran's nuclear program,0.9,high
all nations have a right to nuclear weapons,uranium,nations,0.0,low
all nations have a right to nuclear weapons,uranium,nuclear bomb,1.0,high
all nations have a right to nuclear weapons,uranium,nuclear explosive devices,1.0,high
all nations have a right to nuclear weapons,uranium,nuclear weapons,1.0,high
all nations have a right to nuclear weapons,uranium,uranium enrichment,0.9,high
all nations have a right to nuclear weapons,uranium enrichment,nations,0.2,low
all nations have a right to nuclear weapons,uranium enrichment,nuclear weapons,1.0,high
all nations have a right to nuclear weapons,warheads,nations,0.0,low
all nations have a right to nuclear weapons,warheads,nuclear weapons,1.0,high
all nations have a right to nuclear weapons,weapon,fusion fuel,0.5,medium
all nations have a right to nuclear weapons,weapon,nations,0.1,low
all nations have a right to nuclear weapons,weapon,nuclear weapon design,1.0,high
all nations have a right to nuclear weapons,weapon,nuclear weapons,1.0,high
all nations have a right to nuclear weapons,weapon,reactors,0.5,medium
all nations have a right to nuclear weapons,weapons,energy,0.2,low
all nations have a right to nuclear weapons,weapons,nations,0.1,low
all nations have a right to nuclear weapons,weapons,north korea's,0.6,medium
all nations have a right to nuclear weapons,weapons,nuclear explosion,0.9,high
all nations have a right to nuclear weapons,weapons,nuclear explosive devices,0.9,high
all nations have a right to nuclear weapons,weapons,nuclear weapons,1.0,high
all nations have a right to nuclear weapons,weapons,warheads,1.0,high
all nations have a right to nuclear weapons,weapons,yield,0.4,medium
all nations have a right to nuclear weapons,yield,nations,0.2,low
all nations have a right to nuclear weapons,yield,nuclear weapons,0.5,medium
atheism is the only way,absence of belief,atheism,1.0,high
atheism is the only way,act of god,atheism,0.6,medium
atheism is the only way,argument,argument from nonbelief,1.0,high
atheism is the only way,argument,atheism,0.2,low
atheism is the only way,argument,criticism of religion,0.6,medium
atheism is the only way,argument,theological noncognitivism,0.7,high
atheism is the only way,argument from design,atheism,0.6,medium
atheism is the only way,argument from design,contests the existence,0.1,low
atheism is the only way,argument from nonbelief,atheism,0.9,high
atheism is the only way,atheism,atheism,1.0,high
atheism is the only way,atheism,creator god,0.7,high
atheism is the only way,atheism,existence and nature,0.5,medium
atheism is the only way,atheism,opposition to god,1.0,high
atheism is the only way,atheist,absence of belief,1.0,high
atheism is the only way,atheist,atheism,1.0,high
atheism is the only way,atheist,deities exist,0.9,high
atheism is the only way,atheist,god's,0.4,medium
atheism is the only way,atheist,science,0.8,high
atheism is the only way,atheists,atheism,1.0,high
atheism is the only way,atheists,exist,0.2,low
atheism is the only way,belief in god,argument from nonbelief,0.8,high
atheism is the only way,belief in god,atheism,1.0,high
atheism is the only way,christopher hitchens,atheism,1.0,high
atheism is the only way,christopher hitchens,opposition to god,1.0,high
atheism is the only way,concept of god,absence of belief,0.6,medium
atheism is the only way,concept of god,atheism,0.7,high
atheism is the only way,concept of god,daniel dennett,0.6,medium
atheism is the only way,concept of god,exist,0.2,low
atheism is the only way,concept of god,science,0.5,medium
atheism is the only way,contests the existence,atheism,0.5,medium
atheism is the only way,cosmological argument,atheism,1.0,high
atheism is the only way,cosmological argument,contests the existence,0.2,low
atheism is the only way,cosmological argument,god's,0.5,medium
atheism is the only way,cosmological argument,opposition to god,0.5,medium
atheism is the only way,cosmological argument,science,0.3,low
atheism is the only way,creator god,atheism,0.8,high
atheism is the only way,criticism of religion,atheism,1.0,high
atheism is the only way,critics of religion,atheism,1.0,high
atheism is the only way,daniel dennett,atheism,1.0,high
atheism is the only way,dawkins,atheism,1.0,high
atheism is the only way,dawkins,existence and nature,0.4,medium
atheism is the only way,dawkins,free will argument,0.2,low
atheism is the only way,dawkins,kosher slaughter,0.0,low
atheism is the only way,dawkins,supernatural,0.2,low
atheism is the only way,dawkins,theological noncognitivism,0.2,low
atheism is the only way,deities exist,atheism,0.9,high
atheism is the only way,divine,atheism,0.5,medium
atheism is the only way,evil,atheism,0.1,low
atheism is the only way,evil,supernatural,0.2,low
atheism is the only way,evil and suffering,atheism,0.2,low
atheism is the only way,evil and suffering,opposition to god,0.4,medium
atheism is the only way,evil exists,atheism,0.3,low
atheism is the only way,exist,atheism,0.1,low
atheism is the only way,existence,atheism,0.2,low
atheism is the only way,existence,daniel dennett,0.1,low
atheism is the only way,existence and nature,atheism,0.7,high
atheism is the only way,existence of god,atheism,0.8,high
atheism is the only way,existence of god,critics of religion,0.8,high
atheism is the only way,existence of god,divine,0.9,high
atheism is the only way,existence of god,evil exists,0.4,medium
atheism is the only way,existence of gods,atheism,0.8,high
atheism is the only way,existence of gods,creator god,0.9,high
atheism is the only way,existence of gods,daniel dennett,0.6,medium
atheism is the only way,existence of gods,deities exist,0.9,high
atheism is the only way,existence of gods,human knowledge,0.3,low
atheism is the only way,existence of gods,science,0.2,low
atheism is the only way,existence of gods,theological noncognitivism,0.8,high
atheism is the only way,existence or nonexistence,atheism,0.6,medium
atheism is the only way,existence or nonexistence,creator god,0.7,high
atheism is the only way,existence or nonexistence,deities exist,0.7,high
atheism is the only way,faith,atheism,1.0,high
atheism is the only way,faith,prime mover,0.6,medium
atheism is the only way,faith,science,0.5,medium
atheism is the only way,faith and reason,atheism,0.8,high
atheism is the only way,free will argument,atheism,0.9,high
atheism is the only way,god,atheism,1.0,high
atheism is the only way,god,daniel dennett,0.2,low
atheism is the only way,god delusion,atheism,0.9,high
atheism is the only way,god delusion,exist,0.1,low
atheism is the only way,god delusion,kosher slaughter,0.0,low
atheism is the only way,god exists,atheism,0.9,high
atheism is the only way,god exists,criticism of religion,0.6,medium
atheism is the only way,god exists,science,0.4,medium
atheism is the only way,god's,atheism,0.6,medium
atheism is the only way,god's existence,atheism,1.0,high
atheism is the only way,god's existence,god's,0.9,high
atheism is the only way,human knowledge,atheism,0.4,medium
atheism is the only way,knowledge,atheism,0.2,low
atheism is the only way,kosher slaughter,atheism,0.0,low
atheism is the only way,metaphysical naturalism,atheism,0.8,high
atheism is the only way,metaphysical naturalism,contests the existence,0.3,low
atheism is the only way,metaphysical naturalism,existence and nature,0.8,high
atheism is the only way,metaphysical naturalism,science,0.8,high
atheism is the only way,methodological naturalism,atheism,0.9,high
atheism is the only way,methodological naturalism,exist,0.0,low
atheism is the only way,moral,atheism,0.3,low
atheism is the only way,morality,atheism,0.3,low
atheism is the only way,natural world,atheism,0.6,medium
atheism is the only way,nature of god,atheism,0.2,low
atheism is the only way,nature of god,contests the existence,0.2,low
atheism is the only way,nature of god,exist,0.2,low
atheism is the only way,omnipotent,atheism,0.1,low
atheism is the only way,omnipotent omniscient,atheism,0.2,low
atheism is the only way,opposition to god,atheism,1.0,high
atheism is the only way,optimal design,atheism,0.4,medium
atheism is the only way,prime mover,atheism,0.5,medium
atheism is the only way,problem of evil,atheism,0.5,medium
atheism is the only way,religion,atheism,1.0,high
atheism is the only way,religion,creator god,0.9,high
atheism is the only way,richard dawkins,atheism,0.9,high
atheism is the only way,richard dawkins,god's,0.2,low
atheism is the only way,richard dawkins,omnipotent,0.1,low
atheism is the only way,richard dawkins foundation,atheism,0.9,high
atheism is the only way,sam harris,argument from nonbelief,0.5,medium
atheism is the only way,sam harris,atheism,1.0,high
atheism is the only way,sam harris,richard dawkins foundation,0.5,medium
atheism is the only way,science,atheism,0.8,high
atheism is the only way,scientific,atheism,0.7,high
atheism is the only way,supernatural,atheism,0.5,medium
atheism is the only way,theological noncognitivism,atheism,0.7,high
blasphemy should be criminalized,anders fogh rasmussen,blasphemy,0.1,low
blasphemy should be criminalized,blasphemous libel,blasphemy,1.0,high
blasphemy should be criminalized,blasphemous libel,combating defamation,0.8,high
blasphemy should be criminalized,blasphemous libel,islamic conference,0.2,low
blasphemy should be criminalized,blasphemous libel,islamic lawyers,0.3,low
blasphemy should be criminalized,blasphemous libel,religious,0.9,high
blasphemy should be criminalized,blasphemous libel,theo van gogh,0.2,low
blasphemy should be criminalized,blasphemy,blasphemy,1.0,high
blasphemy should be criminalized,blasphemy law,blasphemy,1.0,high
blasphemy should be criminalized,blasphemy law,incitement to hatred,0.7,high
blasphemy should be criminalized,blasphemy law,muhammad cartoons,0.7,high
blasphemy should be criminalized,blasphemy law,prophet mohammed,0.8,high
blasphemy should be criminalized,blasphemy laws,blasphemy,1.0,high
blasphemy should be criminalized,blasphemy laws,law offences,0.7,high
blasphemy should be criminalized,blasphemy laws,theo van gogh,0.6,medium
blasphemy should be criminalized,cartoonist,blasphemy,0.5,medium
blasphemy should be criminalized,cartoonists,blasphemy,0.6,medium
blasphemy should be criminalized,cartoons,blasphemy,0.3,low
blasphemy should be criminalized,cartoons,insult the prophet,0.5,medium
blasphemy should be criminalized,combating defamation,blasphemy,0.8,high
blasphemy should be criminalized,common law offence,blasphemy,0.6,medium
blasphemy should be criminalized,common law offence,freedom,0.1,low
blasphemy should be criminalized,common law offence,racial and religious,0.4,medium
blasphemy should be criminalized,common law offence,thomas aikenhead,0.2,low
blasphemy should be criminalized,danish,blasphemy,0.1,low
blasphemy should be criminalized,danish,cartoonist,0.6,medium
blasphemy should be criminalized,danish,insult the prophet,0.4,medium
blasphemy should be criminalized,death threats,blasphemy,0.2,low
blasphemy should be criminalized,defamation of religion,blasphemy,1.0,high
blasphemy should be criminalized,defamation of religion,incitement to hatred,0.8,high
blasphemy should be criminalized,defamation of religion,insult the prophet,1.0,high
blasphemy should be criminalized,defamation of religions,blasphemy,1.0,high
blasphemy should be criminalized,defamation of religions,combating defamation,0.9,high
blasphemy should be criminalized,defamation of religions,oic,0.3,low
blasphemy should be criminalized,draw mohammed day,blasphemy,0.7,high
blasphemy should be criminalized,dutch government,blasphemy,0.1,low
blasphemy should be criminalized,editor,blasphemy,0.1,low
blasphemy should be criminalized,facebook,blasphemy,0.1,low
blasphemy should be criminalized,facebook,government of pakistan,0.0,low
blasphemy should be criminalized,facebook,offence,0.0,low
blasphemy should be criminalized,february,blasphemy,0.0,low
blasphemy should be criminalized,film,anders fogh rasmussen,0.2,low
blasphemy should be criminalized,film,blasphemy,0.2,low
blasphemy should be criminalized,film,islamic lawyers,0.1,low
blasphemy should be criminalized,film,muhammad cartoons,0.1,low
blasphemy should be criminalized,film,thomas aikenhead,0.0,low
blasphemy should be criminalized,free speech,blasphemy,1.0,high
blasphemy should be criminalized,free speech,february,0.0,low
blasphemy should be criminalized,freedom,blasphemy,0.5,medium
blasphemy should be criminalized,freedom of expression,blasphemy,0.9,high
blasphemy should be criminalized,freedom of expression,death threats,0.4,medium
blasphemy should be criminalized,freedom of expression,incitement to hatred,0.9,high
blasphemy should be criminalized,freedom of expression,law offences,0.3,low
blasphemy should be criminalized,freedom of speech,blasphemy,0.9,high
blasphemy should be criminalized,geert wilders,blasphemy,0.3,low
blasphemy should be criminalized,geert wilders,law offences,0.2,low
blasphemy should be criminalized,government of pakistan,blasphemy,0.2,low
blasphemy should be criminalized,incitement to hatred,blasphemy,0.8,high
blasphemy should be criminalized,insult the prophet,blasphemy,1.0,high
blasphemy should be criminalized,insulting,blasphemy,0.9,high
blasphemy should be criminalized,islam,blasphemy,0.9,high
blasphemy should be criminalized,islam,islamic conference,1.0,high
blasphemy should be criminalized,islam,racial and religious,0.5,medium
blasphemy should be criminalized,islamic conference,blasphemy,0.4,medium
blasphemy should be criminalized,islamic lawyers,blasphemy,0.3,low
blasphemy should be criminalized,jyllands posten,anders fogh rasmussen,0.7,high
blasphemy should be criminalized,jyllands posten,blasphemy,0.7,high
blasphemy should be criminalized,jyllands posten,cartoonists,0.8,high
blasphemy should be criminalized,jyllands posten,combating defamation,0.4,medium
blasphemy should be criminalized,lahore high court,blasphemy,0.3,low
blasphemy should be criminalized,law against blasphemy,blasphemy,1.0,high
blasphemy should be criminalized,law offences,blasphemy,0.5,medium
blasphemy should be criminalized,mohammed,blasphemy,0.6,medium
blasphemy should be criminalized,mohammed,freedom,0.0,low
blasphemy should be criminalized,mohammed,government of pakistan,0.1,low
blasphemy should be criminalized,mohammed,insulting,0.2,low
blasphemy should be criminalized,mohammed,prophet mohammed,1.0,high
blasphemy should be criminalized,mohammed,theo van gogh,0.2,low
blasphemy should be criminalized,molly norris,blasphemy,0.6,medium
blasphemy should be criminalized,muhammad,blasphemy,0.6,medium
blasphemy should be criminalized,muhammad,death threats,0.1,low
blasphemy should be criminalized,muhammad,insulting,0.3,low
blasphemy should be criminalized,muhammad,website,0.0,low
blasphemy should be criminalized,muhammad cartoons,blasphemy,1.0,high
blasphemy should be criminalized,muslim,blasphemy,0.7,high
blasphemy should be criminalized,muslim,muhammad cartoons,1.0,high
blasphemy should be criminalized,muslims,blasphemy,0.7,high
blasphemy should be criminalized,muslims,religious,1.0,high
blasphemy should be criminalized,newspaper jyllands posten,blasphemy,0.7,high
blasphemy should be criminalized,offence,blasphemy,0.7,high
blasphemy should be criminalized,oic,blasphemy,0.4,medium
blasphemy should be criminalized,prophet mohammed,blasphemy,0.7,high
blasphemy should be criminalized,prophet muhammad,blasphemy,0.8,high
blasphemy should be criminalized,prophet muhammad,islamic conference,0.5,medium
blasphemy should be criminalized,prophet muhammad,thomas aikenhead,0.3,low
blasphemy should be criminalized,prosecution for blasphemy,blasphemy,1.0,high
blasphemy should be criminalized,prosecution for blasphemy,dutch government,0.3,low
blasphemy should be criminalized,prosecution for blasphemy,editor,0.0,low
blasphemy should be criminalized,prosecution for blasphemy,insult the prophet,0.9,high
blasphemy should be criminalized,prosecution for blasphemy,theo van gogh,0.5,medium
blasphemy should be criminalized,prosecution for blasphemy,website,0.0,low
blasphemy should be criminalized,protest movement,blasphemy,0.1,low
blasphemy should be criminalized,protest movement,cartoonists,0.3,low
blasphemy should be criminalized,protest movement,death threats,0.3,low
blasphemy should be criminalized,protest movement,islamic conference,0.2,low
blasphemy should be criminalized,racial and religious,blasphemy,0.7,high
blasphemy should be criminalized,religious,blasphemy,1.0,high
blasphemy should be criminalized,religious insult,blasphemy,1.0,high
blasphemy should be criminalized,religious insult,freedom,0.3,low
blasphemy should be criminalized,south park,blasphemy,0.4,medium
blasphemy should be criminalized,south park,religious,0.0,low
blasphemy should be criminalized,south park episode,blasphemy,0.5,medium
blasphemy should be criminalized,south park episode,combating defamation,0.1,low
blasphemy should be criminalized,south park episode,death threats,0.1,low
blasphemy should be criminalized,theo van gogh,blasphemy,0.4,medium
blasphemy should be criminalized,thomas aikenhead,blasphemy,0.7,high
blasphemy should be criminalized,website,blasphemy,0.0,low
boxing should be banned,amateur boxing,boxing,1.0,high
boxing should be banned,amateur boxing association,boxing,1.0,high
boxing should be banned,american football,boxing,0.2,low
boxing should be banned,bare knuckle,boxing,0.9,high
boxing should be banned,body,boxing,0.3,low
boxing should be banned,bout,boxing,1.0,high
boxing should be banned,boxer,bout,0.8,high
boxing should be banned,boxer,boxing,1.0,high
boxing should be banned,boxer,counter punch,1.0,high
boxing should be banned,boxer,number of rounds,0.7,high
boxing should be banned,boxers,boxing,1.0,high
boxing should be banned,boxers,defensive style,1.0,high
boxing should be banned,boxers,fist,1.0,high
boxing should be banned,boxers,knockout,1.0,high
boxing should be banned,boxers,muay thai,0.8,high
boxing should be banned,boxers,professional boxing,1.0,high
boxing should be banned,boxing,boxing,1.0,high
boxing should be banned,boxing,straight punch thrown,0.9,high
boxing should be banned,brain injury,body,0.6,medium
boxing should be banned,brain injury,boxing,1.0,high
boxing should be banned,brain injury,hand,0.0,low
boxing should be banned,brain injury,protect the body,0.4,medium
boxing should be banned,concussion,american football,0.5,medium
boxing should be banned,concussion,boxing,1.0,high
boxing should be banned,concussion,fist,0.7,high
boxing should be banned,concussion,knockout,1.0,high
boxing should be banned,concussion,professional boxing,1.0,high
boxing should be banned,concussions,boxing,0.9,high
boxing should be banned,contact between players,boxing,0.9,high
boxing should be banned,contact sport,boxing,1.0,high
boxing should be banned,contact sport,professional boxing,1.0,high
boxing should be banned,contact sport,straight punch thrown,0.4,medium
boxing should be banned,contact sports,boxing,1.0,high
boxing should be banned,contact sports,extended arm,0.1,low
boxing should be banned,counter punch,boxing,1.0,high
boxing should be banned,damage,boxing,0.8,high
boxing should be banned,days or weeks,boxing,0.0,low
boxing should be banned,days or weeks,contact between players,0.1,low
boxing should be banned,days or weeks,counter punch,0.0,low
boxing should be banned,days or weeks,damage,0.0,low
boxing should be banned,days or weeks,professional boxing,0.0,low
boxing should be banned,defensive style,boxing,0.9,high
boxing should be banned,dementia pugilistica,boxing,0.9,high
boxing should be banned,extended arm,boxing,0.7,high
boxing should be banned,fighter,boxing,0.9,high
boxing should be banned,fighter,damage,0.6,medium
boxing should be banned,fighter,number of rounds,0.4,medium
boxing should be banned,fighters,boxing,0.9,high
boxing should be banned,fist,boxing,0.8,high
boxing should be banned,guard position,boxing,0.9,high
boxing should be banned,hall of fame,boxing,0.6,medium
boxing should be banned,hand,boxing,0.8,high
boxing should be banned,hooks and uppercuts,boxing,0.9,high
boxing should be banned,injury,boxing,0.8,high
boxing should be banned,injury,counter punch,0.3,low
boxing should be banned,injury,muay thai,0.4,medium
boxing should be banned,joe frazier,boxing,0.9,high
boxing should be banned,joe frazier,knockout,0.7,high
boxing should be banned,joe frazier,number of rounds,0.3,low
boxing should be banned,john l sullivan,boxing,1.0,high
boxing should be banned,knocked,boxing,0.5,medium
boxing should be banned,lead hand,boxing,0.9,high
boxing should be banned,lead hand,muay thai,0.3,low
boxing should be banned,lead hand,protect the body,0.7,high
boxing should be banned,loss of consciousness,boxing,0.9,high
boxing should be banned,loss of consciousness,hall of fame,0.0,low
boxing should be banned,mike tyson,straight punch thrown,0.4,medium
boxing should be banned,mike tyson,unable to continue,0.2,low
boxing should be banned,mild head injury,boxing,1.0,high
boxing should be banned,mild head injury,hall of fame,0.0,low
boxing should be banned,mild head injury,john l sullivan,0.1,low
boxing should be banned,mild head injury,knocked,0.4,medium
boxing should be banned,mild head injury,professional boxing,0.9,high
boxing should be banned,mild head injury,protect the body,0.4,medium
boxing should be banned,mixed martial arts,boxing,0.7,high
boxing should be banned,mixed martial arts,protect the head,0.6,medium
boxing should be banned,mixed martial arts,shoulder lean,0.3,low
boxing should be banned,modern boxing,boxing,1.0,high
boxing should be banned,motion involves lifting,boxing,0.0,low
boxing should be banned,muay thai,boxing,0.8,high
boxing should be banned,number of rounds,boxing,0.9,high
boxing should be banned,peek a boo,bare knuckle,0.8,high
boxing should be banned,peek a boo,boxing,1.0,high
boxing should be banned,peek a boo,dementia pugilistica,0.1,low
boxing should be banned,peek a boo,knockout,0.6,medium
boxing should be banned,post traumatic amnesia,boxing,0.6,medium
boxing should be banned,post traumatic amnesia,number of rounds,0.2,low
boxing should be banned,professional boxing,boxing,1.0,high
boxing should be banned,protect the body,boxing,0.9,high
boxing should be banned,protect the head,boxing,0.9,high
boxing should be banned,punch,boxing,1.0,high
boxing should be banned,punch,dementia pugilistica,0.7,high
boxing should be banned,punch,motion involves lifting,0.1,low
boxing should be banned,punches,boxing,1.0,high
boxing should be banned,punches,counter punch,1.0,high
boxing should be banned,punches,knocked,1.0,high
boxing should be banned,punches,professional boxing,1.0,high
boxing should be banned,rear hand,boxing,0.8,high
boxing should be banned,rear hand,counter punch,0.8,high
boxing should be banned,rear hand,damage,0.3,low
boxing should be banned,rear hand,hand,1.0,high
boxing should be banned,rear hand,knockout,0.7,high
boxing should be banned,rounds,boxing,1.0,high
boxing should be banned,rounds,counter punch,0.3,low
boxing should be banned,shoulder lean,boxing,0.8,high
boxing should be banned,straight punch thrown,boxing,1.0,high
boxing should be banned,style,boxing,0.3,low
boxing should be banned,style of boxing,bare knuckle,0.9,high
boxing should be banned,style of boxing,boxing,1.0,high
boxing should be banned,style of boxing,contact between players,0.6,medium
boxing should be banned,style of boxing,john l sullivan,0.6,medium
boxing should be banned,traumatic brain injury,bout,0.4,medium
boxing should be banned,traumatic brain injury,boxing,0.9,high
boxing should be banned,unable to continue,boxing,0.4,medium
boxing should be banned,world boxing,boxing,1.0,high
boxing should be banned,wrestling,boxing,0.9,high
bribery is sometimes acceptable,activities,bribery,0.0,low
bribery is sometimes acceptable,anti corruption,bribery,0.9,high
bribery is sometimes acceptable,anti corruption,kleptocracy,0.5,medium
bribery is sometimes acceptable,anti corruption,law convention,0.5,medium
bribery is sometimes acceptable,anti corruption,transparency,0.7,high
bribery is sometimes acceptable,anti corruption measures,bribery,0.9,high
bribery is sometimes acceptable,anti corruption measures,mechanism,0.1,low
bribery is sometimes acceptable,anti corruption measures,money,0.6,medium
bribery is sometimes acceptable,asset recovery,bribery,0.4,medium
bribery is sometimes acceptable,bank accounts,bribery,0.1,low
bribery is sometimes acceptable,bribe,bribery,1.0,high
bribery is sometimes acceptable,bribery,activities,0.1,low
bribery is sometimes acceptable,bribery,bank accounts,0.4,medium
bribery is sometimes acceptable,bribery,bribery,1.0,high
bribery is sometimes acceptable,bribery,law convention,0.3,low
bribery is sometimes acceptable,bribes,bribery,1.0,high
bribery is sometimes acceptable,bribes,social housing,0.0,low
bribery is sometimes acceptable,business,bribery,0.1,low
bribery is sometimes acceptable,ccp,bribery,0.3,low
bribery is sometimes acceptable,ccp,extortion,0.0,low
bribery is sometimes acceptable,ccp,private gain,0.1,low
bribery is sometimes acceptable,codes of conduct,bribery,0.4,medium
bribery is sometimes acceptable,codes of conduct,kleptocracy,0.3,low
bribery is sometimes acceptable,codes of conduct,patronage,0.1,low
bribery is sometimes acceptable,codes of conduct,transparency,0.6,medium
bribery is sometimes acceptable,corrupt,bribery,0.9,high
bribery is sometimes acceptable,corrupt,criminalize,0.5,medium
bribery is sometimes acceptable,corrupt,social housing,0.0,low
bribery is sometimes acceptable,corruption,bribery,1.0,high
bribery is sometimes acceptable,corruption,legal assistance,0.2,low
bribery is sometimes acceptable,corruption,transparency,0.6,medium
bribery is sometimes acceptable,corruption in china,bribery,0.8,high
bribery is sometimes acceptable,corruption in china,election campaigns,0.3,low
bribery is sometimes acceptable,corruption in china,mechanism,0.1,low
bribery is sometimes acceptable,corruption perceptions index,bank accounts,0.1,low
bribery is sometimes acceptable,corruption perceptions index,bribery,1.0,high
bribery is sometimes acceptable,corruption perceptions index,legal assistance,0.1,low
bribery is sometimes acceptable,corruption perceptions index,widespread corruption,1.0,high
bribery is sometimes acceptable,council of europe,bribery,0.0,low
bribery is sometimes acceptable,council of europe,social housing,0.0,low
bribery is sometimes acceptable,criminalize,bribery,0.6,medium
bribery is sometimes acceptable,difficult to prove,bribery,0.2,low
bribery is sometimes acceptable,difficult to prove,law convention,0.1,low
bribery is sometimes acceptable,directly or indirectly,activities,0.2,low
bribery is sometimes acceptable,directly or indirectly,bank accounts,0.1,low
bribery is sometimes acceptable,directly or indirectly,bribery,0.2,low
bribery is sometimes acceptable,directly or indirectly,money laundering,0.2,low
bribery is sometimes acceptable,election campaigns,bribery,0.3,low
bribery is sometimes acceptable,embezzlement,bribery,0.8,high
bribery is sometimes acceptable,embezzlement,national wealth,0.3,low
bribery is sometimes acceptable,embezzlement,patronage,0.1,low
bribery is sometimes acceptable,embezzlement,private gain,0.7,high
bribery is sometimes acceptable,extortion,bribery,0.6,medium
bribery is sometimes acceptable,financial,bribery,0.5,medium
bribery is sometimes acceptable,forms of corruption,bribery,1.0,high
bribery is sometimes acceptable,funding of political,bribery,0.4,medium
bribery is sometimes acceptable,funding of political,international levels,0.1,low
bribery is sometimes acceptable,international levels,bribery,0.1,low
bribery is sometimes acceptable,kickbacks,bank accounts,0.1,low
bribery is sometimes acceptable,kickbacks,bribery,0.7,high
bribery is sometimes acceptable,kickbacks,criminalize,0.4,medium
bribery is sometimes acceptable,kickbacks,patronage,0.2,low
bribery is sometimes acceptable,kleptocracy,bribery,0.4,medium
bribery is sometimes acceptable,law convention,bribery,0.3,low
bribery is sometimes acceptable,legal assistance,bribery,0.2,low
bribery is sometimes acceptable,local officials,bribery,0.5,medium
bribery is sometimes acceptable,local officials,law convention,0.1,low
bribery is sometimes acceptable,local officials,money laundering,0.2,low
bribery is sometimes acceptable,mechanism,bribery,0.1,low
bribery is sometimes acceptable,money,bribery,1.0,high
bribery is sometimes acceptable,money laundering,bribery,0.7,high
bribery is sometimes acceptable,national wealth,bribery,0.0,low
bribery is sometimes acceptable,officials,bribery,0.7,high
bribery is sometimes acceptable,officials,national wealth,0.2,low
bribery is sometimes acceptable,passive bribery,bribery,1.0,high
bribery is sometimes acceptable,passive bribery,patronage,0.3,low
bribery is sometimes acceptable,patronage,bribery,0.2,low
bribery is sometimes acceptable,political corruption,activities,0.2,low
bribery is sometimes acceptable,political corruption,bribery,1.0,high
bribery is sometimes acceptable,political corruption,law convention,0.2,low
bribery is sometimes acceptable,private gain,bribery,0.8,high
bribery is sometimes acceptable,public funds,bribery,0.4,medium
bribery is sometimes acceptable,public funds,election campaigns,0.6,medium
bribery is sometimes acceptable,public funds,international levels,0.0,low
bribery is sometimes acceptable,public funds,kleptocracy,0.5,medium
bribery is sometimes acceptable,public official,bribery,0.6,medium
bribery is sometimes acceptable,public official,mechanism,0.1,low
bribery is sometimes acceptable,public official,national wealth,0.3,low
bribery is sometimes acceptable,public official,private gain,0.5,medium
bribery is sometimes acceptable,rent seeking,bribery,0.4,medium
bribery is sometimes acceptable,rent seeking,extortion,0.3,low
bribery is sometimes acceptable,social housing,bribery,0.0,low
bribery is sometimes acceptable,states parties,bribery,0.0,low
bribery is sometimes acceptable,states parties,criminalize,0.0,low
bribery is sometimes acceptable,states parties,extortion,0.0,low
bribery is sometimes acceptable,states parties,law convention,0.1,low
bribery is sometimes acceptable,states parties,private gain,0.2,low
bribery is sometimes acceptable,states parties,social housing,0.1,low
bribery is sometimes acceptable,technical assistance,bribery,0.0,low
bribery is sometimes acceptable,trading in influence,bank accounts,0.0,low
bribery is sometimes acceptable,trading in influence,bribery,0.5,medium
bribery is sometimes acceptable,trading in influence,election campaigns,0.4,medium
bribery is sometimes acceptable,transparency,bribery,0.4,medium
bribery is sometimes acceptable,uncac,bribery,0.8,high
bribery is sometimes acceptable,uncac,business,0.2,low
bribery is sometimes acceptable,uncac,criminalize,0.4,medium
bribery is sometimes acceptable,uncac,law convention,0.8,high
bribery is sometimes acceptable,uncac,money laundering,0.6,medium
bribery is sometimes acceptable,uncac,social housing,0.0,low
bribery is sometimes acceptable,widespread corruption,bribery,1.0,high
congressional earmarks should be abolished,appropriations committee,congressional earmarks,0.7,high
congressional earmarks should be abolished,appropriations committee,discretionary spending,0.6,medium
congressional earmarks should be abolished,appropriations committee,toomey,0.1,low
congressional earmarks should be abolished,bill,congressional earmarks,0.4,medium
congressional earmarks should be abolished,buchanan and tullock,chabot,0.0,low
congressional earmarks should be abolished,buchanan and tullock,congressional earmarks,0.4,medium
congressional earmarks should be abolished,buchanan and tullock,defense appropriations subcommittee,0.1,low
congressional earmarks should be abolished,buchanan and tullock,san bernardino,0.1,low
congressional earmarks should be abolished,bush tax cuts,congressional earmarks,0.1,low
congressional earmarks should be abolished,bush tax cuts,republican primary,0.1,low
congressional earmarks should be abolished,bush tax cuts,san bernardino,0.1,low
congressional earmarks should be abolished,capitol hill,congressional earmarks,0.3,low
congressional earmarks should be abolished,chabot,congressional earmarks,0.3,low
congressional earmarks should be abolished,city of redlands,congressional earmarks,0.1,low
congressional earmarks should be abolished,committee,congressional earmarks,0.2,low
congressional earmarks should be abolished,congress,congressional earmarks,1.0,high
congressional earmarks should be abolished,congress,nelson,0.2,low
congressional earmarks should be abolished,congressional budget office,chabot,0.2,low
congressional earmarks should be abolished,congressional budget office,congressional earmarks,0.9,high
congressional earmarks should be abolished,congressional budget office,governor of alaska,0.1,low
congressional earmarks should be abolished,congressional budget office,voted,0.0,low
congressional earmarks should be abolished,copeland lowery,congressional earmarks,0.6,medium
congressional earmarks should be abolished,copeland lowery,earmark,0.5,medium
congressional earmarks should be abolished,defense appropriations subcommittee,congressional earmarks,0.3,low
congressional earmarks should be abolished,direct lobbying,congressional earmarks,0.4,medium
congressional earmarks should be abolished,direct lobbying,income tax,0.1,low
congressional earmarks should be abolished,direct lobbying,income tax revenues,0.1,low
congressional earmarks should be abolished,discretionary spending,congressional earmarks,0.9,high
congressional earmarks should be abolished,earmark,congressional earmarks,1.0,high
congressional earmarks should be abolished,economist paul krugman,congressional earmarks,0.2,low
congressional earmarks should be abolished,executive branch,congressional earmarks,0.2,low
congressional earmarks should be abolished,federal,congressional earmarks,0.2,low
congressional earmarks should be abolished,federal,governor of alaska,0.0,low
congressional earmarks should be abolished,federal government,committee,0.0,low
congressional earmarks should be abolished,federal government,congressional earmarks,0.5,medium
congressional earmarks should be abolished,federal government,houses of congress,0.7,high
congressional earmarks should be abolished,federal government,steve chabot,0.5,medium
congressional earmarks should be abolished,federal government,tea party movement,0.4,medium
congressional earmarks should be abolished,federal reserve,congressional earmarks,0.5,medium
congressional earmarks should be abolished,government spending,chabot,0.1,low
congressional earmarks should be abolished,government spending,congressional earmarks,1.0,high
congressional earmarks should be abolished,government spending,nelson,0.1,low
congressional earmarks should be abolished,government spending,tea party movement,0.9,high
congressional earmarks should be abolished,governor of alaska,congressional earmarks,0.2,low
congressional earmarks should be abolished,gravina island bridge,congressional earmarks,0.5,medium
congressional earmarks should be abolished,gravina island bridge,federal reserve,0.1,low
congressional earmarks should be abolished,gravina island bridge,senators and representatives,0.1,low
congressional earmarks should be abolished,health care,congressional earmarks,0.0,low
congressional earmarks should be abolished,health care,income tax,0.1,low
congressional earmarks should be abolished,house and senate,city of redlands,0.1,low
congressional earmarks should be abolished,house and senate,congressional earmarks,0.6,medium
congressional earmarks should be abolished,house and senate,republican primary,0.4,medium
congressional earmarks should be abolished,house appropriations committee,bill,0.3,low
congressional earmarks should be abolished,house appropriations committee,congressional earmarks,0.7,high
congressional earmarks should be abolished,house of representatives,bill,0.9,high
congressional earmarks should be abolished,house of representatives,congressional earmarks,0.7,high
congressional earmarks should be abolished,house of representatives,income tax,0.1,low
congressional earmarks should be abolished,house of representatives,san bernardino,0.1,low
congressional earmarks should be abolished,houses of congress,congressional earmarks,0.9,high
congressional earmarks should be abolished,income tax,congressional earmarks,0.2,low
congressional earmarks should be abolished,income tax revenues,congressional earmarks,0.4,medium
congressional earmarks should be abolished,legislation,congressional earmarks,0.6,medium
congressional earmarks should be abolished,lewis,congressional earmarks,0.3,low
congressional earmarks should be abolished,logrolling,congressional earmarks,0.6,medium
congressional earmarks should be abolished,lowery,chabot,0.1,low
congressional earmarks should be abolished,lowery,city of redlands,0.1,low
congressional earmarks should be abolished,lowery,congressional earmarks,0.4,medium
congressional earmarks should be abolished,lowery,voted,0.1,low
congressional earmarks should be abolished,mccain,congressional earmarks,0.1,low
congressional earmarks should be abolished,mccain,steve chabot,0.3,low
congressional earmarks should be abolished,mccain's,congressional earmarks,0.1,low
congressional earmarks should be abolished,medicare and medicaid,congressional earmarks,0.1,low
congressional earmarks should be abolished,members of congress,congressional earmarks,0.9,high
congressional earmarks should be abolished,members of congress,executive branch,0.5,medium
congressional earmarks should be abolished,members of congress,federal reserve,0.1,low
congressional earmarks should be abolished,nelson,congressional earmarks,0.3,low
congressional earmarks should be abolished,obama,capitol hill,0.5,medium
congressional earmarks should be abolished,obama,congressional earmarks,0.3,low
congressional earmarks should be abolished,obama,executive branch,0.7,high
congressional earmarks should be abolished,obama,income tax revenues,0.2,low
congressional earmarks should be abolished,obama,san bernardino,0.0,low
congressional earmarks should be abolished,obama,senators and representatives,0.4,medium
congressional earmarks should be abolished,obama,toomey,0.3,low
congressional earmarks should be abolished,palin,congressional earmarks,0.4,medium
congressional earmarks should be abolished,palin,senators and representatives,0.6,medium
congressional earmarks should be abolished,political action committee,capitol hill,0.2,low
congressional earmarks should be abolished,political action committee,congressional earmarks,0.4,medium
congressional earmarks should be abolished,political action committee,houses of congress,0.4,medium
congressional earmarks should be abolished,political action committee,republican primary,0.4,medium
congressional earmarks should be abolished,political action committee,running mate,0.2,low
congressional earmarks should be abolished,pork barrel,congressional earmarks,0.8,high
congressional earmarks should be abolished,pork barrel spending,chabot,0.2,low
congressional earmarks should be abolished,pork barrel spending,congressional earmarks,0.9,high
congressional earmarks should be abolished,pork barrel spending,republican primary,0.4,medium
congressional earmarks should be abolished,pork barrel spending,toomey,0.6,medium
congressional earmarks should be abolished,related agencies,congressional earmarks,0.0,low
congressional earmarks should be abolished,related agencies,mccain's,0.0,low
congressional earmarks should be abolished,related agencies,state of alaska,0.0,low
congressional earmarks should be abolished,republican,congressional earmarks,0.2,low
congressional earmarks should be abolished,republican,toomey,0.5,medium
congressional earmarks should be abolished,republican,voted,0.3,low
congressional earmarks should be abolished,republican primary,congressional earmarks,0.2,low
congressional earmarks should be abolished,revolving door,congressional earmarks,0.3,low
congressional earmarks should be abolished,running mate,congressional earmarks,0.1,low
congressional earmarks should be abolished,san bernardino,congressional earmarks,0.1,low
congressional earmarks should be abolished,senate,congressional earmarks,0.7,high
congressional earmarks should be abolished,senate,earmark,0.7,high
congressional earmarks should be abolished,senate,governor of alaska,0.3,low
congressional earmarks should be abolished,senators and representatives,congressional earmarks,0.7,high
congressional earmarks should be abolished,spending,congressional earmarks,0.8,high
congressional earmarks should be abolished,spending,san bernardino,0.1,low
congressional earmarks should be abolished,state of alaska,congressional earmarks,0.0,low
congressional earmarks should be abolished,steve chabot,congressional earmarks,0.5,medium
congressional earmarks should be abolished,tax cuts,committee,0.0,low
congressional earmarks should be abolished,tax cuts,congressional earmarks,0.3,low
congressional earmarks should be abolished,tax cuts,republican primary,0.0,low
congressional earmarks should be abolished,tea party movement,congressional earmarks,0.2,low
congressional earmarks should be abolished,toomey,congressional earmarks,0.3,low
congressional earmarks should be abolished,u.s senate,congressional earmarks,0.8,high
congressional earmarks should be abolished,voted,congressional earmarks,0.1,low
democratic governments should require voters to present photo identification at the polling station,absentee,democratic governments,0.0,low
democratic governments should require voters to present photo identification at the polling station,absentee,photo identification,0.1,low
democratic governments should require voters to present photo identification at the polling station,absentee,polling station,0.4,medium
democratic governments should require voters to present photo identification at the polling station,absentee,voters,0.7,high
democratic governments should require voters to present photo identification at the polling station,absentee ballots,democratic governments,0.1,low
democratic governments should require voters to present photo identification at the polling station,absentee ballots,photo identification,0.1,low
democratic governments should require voters to present photo identification at the polling station,absentee ballots,polling station,0.5,medium
democratic governments should require voters to present photo identification at the polling station,absentee ballots,voters,0.8,high
democratic governments should require voters to present photo identification at the polling station,ballot,absentee,0.5,medium
democratic governments should require voters to present photo identification at the polling station,ballot,democratic governments,0.3,low
democratic governments should require voters to present photo identification at the polling station,ballot,democratic party,0.1,low
democratic governments should require voters to present photo identification at the polling station,ballot,disenfranchised,0.0,low
democratic governments should require voters to present photo identification at the polling station,ballot,eligible,0.1,low
democratic governments should require voters to present photo identification at the polling station,ballot,indiana,0.1,low
democratic governments should require voters to present photo identification at the polling station,ballot,phone calls,0.0,low
democratic governments should require voters to present photo identification at the polling station,ballot,photo identification,0.1,low
democratic governments should require voters to present photo identification at the polling station,ballot,polling station,0.9,high
democratic governments should require voters to present photo identification at the polling station,ballot,public housing,0.0,low
democratic governments should require voters to present photo identification at the polling station,ballot,republican party,0.1,low
democratic governments should require voters to present photo identification at the polling station,ballot,voter intimidation,0.1,low
democratic governments should require voters to present photo identification at the polling station,ballot,voters,0.9,high
democratic governments should require voters to present photo identification at the polling station,ballot paper,democratic governments,0.1,low
democratic governments should require voters to present photo identification at the polling station,ballot paper,photo identification,0.1,low
democratic governments should require voters to present photo identification at the polling station,ballot paper,polling station,0.8,high
democratic governments should require voters to present photo identification at the polling station,ballot paper,voters,0.7,high
democratic governments should require voters to present photo identification at the polling station,ballot stuffing,democratic governments,0.2,low
democratic governments should require voters to present photo identification at the polling station,ballot stuffing,photo identification,0.2,low
democratic governments should require voters to present photo identification at the polling station,ballot stuffing,polling station,0.8,high
democratic governments should require voters to present photo identification at the polling station,ballot stuffing,voters,0.8,high
democratic governments should require voters to present photo identification at the polling station,candidate or party,absentee,0.0,low
democratic governments should require voters to present photo identification at the polling station,candidate or party,ballot paper,0.3,low
democratic governments should require voters to present photo identification at the polling station,candidate or party,democratic governments,0.7,high
democratic governments should require voters to present photo identification at the polling station,candidate or party,democratic party,0.9,high
democratic governments should require voters to present photo identification at the polling station,candidate or party,disenfranchise,0.0,low
democratic governments should require voters to present photo identification at the polling station,candidate or party,eligible,0.2,low
democratic governments should require voters to present photo identification at the polling station,candidate or party,identification,0.0,low
democratic governments should require voters to present photo identification at the polling station,candidate or party,photo identification,0.0,low
democratic governments should require voters to present photo identification at the polling station,candidate or party,polling station,0.4,medium
democratic governments should require voters to present photo identification at the polling station,candidate or party,voters,0.6,medium
democratic governments should require voters to present photo identification at the polling station,cast,ballot stuffing,0.1,low
democratic governments should require voters to present photo identification at the polling station,cast,democratic governments,0.0,low
democratic governments should require voters to present photo identification at the polling station,cast,disenfranchise,0.1,low
democratic governments should require voters to present photo identification at the polling station,cast,disenfranchised,0.0,low
democratic governments should require voters to present photo identification at the polling station,cast,eligible,0.0,low
democratic governments should require voters to present photo identification at the polling station,cast,federal elections,0.2,low
democratic governments should require voters to present photo identification at the polling station,cast,photo identification,0.0,low
democratic governments should require voters to present photo identification at the polling station,cast,polling station,0.3,low
democratic governments should require voters to present photo identification at the polling station,cast,provisional,0.0,low
democratic governments should require voters to present photo identification at the polling station,cast,public housing,0.0,low
democratic governments should require voters to present photo identification at the polling station,cast,voter intimidation,0.0,low
democratic governments should require voters to present photo identification at the polling station,cast,voters,0.6,medium
democratic governments should require voters to present photo identification at the polling station,counted,democratic governments,0.0,low
democratic governments should require voters to present photo identification at the polling station,counted,photo identification,0.0,low
democratic governments should require voters to present photo identification at the polling station,counted,polling station,0.5,medium
democratic governments should require voters to present photo identification at the polling station,counted,voters,0.4,medium
democratic governments should require voters to present photo identification at the polling station,democratic party,democratic governments,1.0,high
democratic governments should require voters to present photo identification at the polling station,democratic party,photo identification,0.0,low
democratic governments should require voters to present photo identification at the polling station,democratic party,polling station,0.1,low
democratic governments should require voters to present photo identification at the polling station,democratic party,voters,0.5,medium
democratic governments should require voters to present photo identification at the polling station,disenfranchise,democratic governments,0.1,low
democratic governments should require voters to present photo identification at the polling station,disenfranchise,photo identification,0.0,low
democratic governments should require voters to present photo identification at the polling station,disenfranchise,polling station,0.2,low
democratic governments should require voters to present photo identification at the polling station,disenfranchise,voters,0.7,high
democratic governments should require voters to present photo identification at the polling station,disenfranchised,democratic governments,0.1,low
democratic governments should require voters to present photo identification at the polling station,disenfranchised,photo identification,0.0,low
democratic governments should require voters to present photo identification at the polling station,disenfranchised,polling station,0.2,low
democratic governments should require voters to present photo identification at the polling station,disenfranchised,voters,0.7,high
democratic governments should require voters to present photo identification at the polling station,election,absentee,0.3,low
democratic governments should require voters to present photo identification at the polling station,election,ballot paper,0.7,high
democratic governments should require voters to present photo identification at the polling station,election,counted,0.2,low
democratic governments should require voters to present photo identification at the polling station,election,democratic governments,1.0,high
democratic governments should require voters to present photo identification at the polling station,election,disenfranchise,0.5,medium
democratic governments should require voters to present photo identification at the polling station,election,eligible,0.3,low
democratic governments should require voters to present photo identification at the polling station,election,identification,0.5,medium
democratic governments should require voters to present photo identification at the polling station,election,indiana,0.1,low
democratic governments should require voters to present photo identification at the polling station,election,phone calls,0.0,low
democratic governments should require voters to present photo identification at the polling station,election,photo identification,0.4,medium
democratic governments should require voters to present photo identification at the polling station,election,polling station,1.0,high
democratic governments should require voters to present photo identification at the polling station,election,provisional,0.3,low
democratic governments should require voters to present photo identification at the polling station,election,voters,1.0,high
democratic governments should require voters to present photo identification at the polling station,election assistance commission,absentee ballots,0.3,low
democratic governments should require voters to present photo identification at the polling station,election assistance commission,counted,0.0,low
democratic governments should require voters to present photo identification at the polling station,election assistance commission,democratic governments,0.3,low
democratic governments should require voters to present photo identification at the polling station,election assistance commission,disenfranchise,0.3,low
democratic governments should require voters to present photo identification at the polling station,election assistance commission,identification,0.1,low
democratic governments should require voters to present photo identification at the polling station,election assistance commission,indiana,0.1,low
democratic governments should require voters to present photo identification at the polling station,election assistance commission,observers,0.4,medium
democratic governments should require voters to present photo identification at the polling station,election assistance commission,photo identification,0.1,low
democratic governments should require voters to present photo identification at the polling station,election assistance commission,polling station,0.5,medium
democratic governments should require voters to present photo identification at the polling station,election assistance commission,voters,0.5,medium
democratic governments should require voters to present photo identification at the polling station,election fraud,absentee ballots,0.5,medium
democratic governments should require voters to present photo identification at the polling station,election fraud,democratic governments,0.5,medium
democratic governments should require voters to present photo identification at the polling station,election fraud,disenfranchised,0.2,low
democratic governments should require voters to present photo identification at the polling station,election fraud,eligible,0.2,low
democratic governments should require voters to present photo identification at the polling station,election fraud,federal elections,0.9,high
democratic governments should require voters to present photo identification at the polling station,election fraud,identification,0.7,high
democratic governments should require voters to present photo identification at the polling station,election fraud,indiana,0.1,low
democratic governments should require voters to present photo identification at the polling station,election fraud,phone calls,0.1,low
democratic governments should require voters to present photo identification at the polling station,election fraud,photo identification,0.6,medium
democratic governments should require voters to present photo identification at the polling station,election fraud,polling station,0.5,medium
democratic governments should require voters to present photo identification at the polling station,election fraud,republican party,0.0,low
democratic governments should require voters to present photo identification at the polling station,election fraud,voters,0.7,high
democratic governments should require voters to present photo identification at the polling station,elections,counted,0.5,medium
democratic governments should require voters to present photo identification at the polling station,elections,democratic governments,1.0,high
democratic governments should require voters to present photo identification at the polling station,elections,disenfranchise,0.6,medium
democratic governments should require voters to present photo identification at the polling station,elections,eligible,0.3,low
democratic governments should require voters to present photo identification at the polling station,elections,federal elections,0.9,high
democratic governments should require voters to present photo identification at the polling station,elections,observers,0.7,high
democratic governments should require voters to present photo identification at the polling station,elections,photo identification,0.6,medium
democratic governments should require voters to present photo identification at the polling station,elections,polling station,1.0,high
democratic governments should require voters to present photo identification at the polling station,elections,public housing,0.0,low
democratic governments should require voters to present photo identification at the polling station,elections,voters,1.0,high
democratic governments should require voters to present photo identification at the polling station,electoral fraud,absentee,0.3,low
democratic governments should require voters to present photo identification at the polling station,electoral fraud,absentee ballots,0.4,medium
democratic governments should require voters to present photo identification at the polling station,electoral fraud,ballot paper,0.5,medium
democratic governments should require voters to present photo identification at the polling station,electoral fraud,counted,0.4,medium
democratic governments should require voters to present photo identification at the polling station,electoral fraud,democratic governments,0.2,low
democratic governments should require voters to present photo identification at the polling station,electoral fraud,democratic party,0.0,low
democratic governments should require voters to present photo identification at the polling station,electoral fraud,disenfranchise,0.4,medium
democratic governments should require voters to present photo identification at the polling station,electoral fraud,disenfranchised,0.2,low
democratic governments should require voters to present photo identification at the polling station,electoral fraud,identification,0.6,medium
democratic governments should require voters to present photo identification at the polling station,electoral fraud,indiana,0.1,low
democratic governments should require voters to present photo identification at the polling station,electoral fraud,lever,0.0,low
democratic governments should require voters to present photo identification at the polling station,electoral fraud,observers,0.7,high
democratic governments should require voters to present photo identification at the polling station,electoral fraud,photo identification,0.7,high
democratic governments should require voters to present photo identification at the polling station,electoral fraud,polling station,0.7,high
democratic governments should require voters to present photo identification at the polling station,electoral fraud,public housing,0.0,low
democratic governments should require voters to present photo identification at the polling station,electoral fraud,voter intimidation,0.6,medium
democratic governments should require voters to present photo identification at the polling station,electoral fraud,voters,0.8,high
democratic governments should require voters to present photo identification at the polling station,electronic voting machines,absentee ballots,0.3,low
democratic governments should require voters to present photo identification at the polling station,electronic voting machines,ballot paper,0.5,medium
democratic governments should require voters to present photo identification at the polling station,electronic voting machines,democratic governments,0.1,low
democratic governments should require voters to present photo identification at the polling station,electronic voting machines,federal elections,0.5,medium
democratic governments should require voters to present photo identification at the polling station,electronic voting machines,photo identification,0.4,medium
democratic governments should require voters to present photo identification at the polling station,electronic voting machines,polling station,1.0,high
democratic governments should require voters to present photo identification at the polling station,electronic voting machines,provisional,0.0,low
democratic governments should require voters to present photo identification at the polling station,electronic voting machines,voter intimidation,0.0,low
democratic governments should require voters to present photo identification at the polling station,electronic voting machines,voters,0.9,high
democratic governments should require voters to present photo identification at the polling station,eligible,democratic governments,0.0,low
democratic governments should require voters to present photo identification at the polling station,eligible,photo identification,0.3,low
democratic governments should require voters to present photo identification at the polling station,eligible,polling station,0.2,low
democratic governments should require voters to present photo identification at the polling station,eligible,voters,0.8,high
democratic governments should require voters to present photo identification at the polling station,federal elections,democratic governments,0.8,high
democratic governments should require voters to present photo identification at the polling station,federal elections,photo identification,0.3,low
democratic governments should require voters to present photo identification at the polling station,federal elections,polling station,0.8,high
democratic governments should require voters to present photo identification at the polling station,federal elections,voters,0.9,high
democratic governments should require voters to present photo identification at the polling station,fraud,absentee,0.2,low
democratic governments should require voters to present photo identification at the polling station,fraud,ballot paper,0.5,medium
democratic governments should require voters to present photo identification at the polling station,fraud,ballot stuffing,0.8,high
democratic governments should require voters to present photo identification at the polling station,fraud,democratic governments,0.0,low
democratic governments should require voters to present photo identification at the polling station,fraud,identification,0.6,medium
democratic governments should require voters to present photo identification at the polling station,fraud,indiana,0.1,low
democratic governments should require voters to present photo identification at the polling station,fraud,lever,0.0,low
democratic governments should require voters to present photo identification at the polling station,fraud,observers,0.7,high
democratic governments should require voters to present photo identification at the polling station,fraud,phone calls,0.1,low
democratic governments should require voters to present photo identification at the polling station,fraud,photo identification,0.8,high
democratic governments should require voters to present photo identification at the polling station,fraud,polling station,0.2,low
democratic governments should require voters to present photo identification at the polling station,fraud,provisional,0.0,low
democratic governments should require voters to present photo identification at the polling station,fraud,voters,0.4,medium
democratic governments should require voters to present photo identification at the polling station,identification,democratic governments,0.1,low
democratic governments should require voters to present photo identification at the polling station,identification,photo identification,1.0,high
democratic governments should require voters to present photo identification at the polling station,identification,polling station,0.4,medium
democratic governments should require voters to present photo identification at the polling station,identification,voters,0.7,high
democratic governments should require voters to present photo identification at the polling station,indiana,democratic governments,0.0,low
democratic governments should require voters to present photo identification at the polling station,indiana,photo identification,0.0,low
democratic governments should require voters to present photo identification at the polling station,indiana,polling station,0.0,low
democratic governments should require voters to present photo identification at the polling station,indiana,voters,0.0,low
democratic governments should require voters to present photo identification at the polling station,individuals with disabilities,absentee,0.5,medium
democratic governments should require voters to present photo identification at the polling station,individuals with disabilities,absentee ballots,0.4,medium
democratic governments should require voters to present photo identification at the polling station,individuals with disabilities,democratic governments,0.0,low
democratic governments should require voters to present photo identification at the polling station,individuals with disabilities,democratic party,0.0,low
democratic governments should require voters to present photo identification at the polling station,individuals with disabilities,disenfranchised,0.5,medium
democratic governments should require voters to present photo identification at the polling station,individuals with disabilities,identification,0.0,low
democratic governments should require voters to present photo identification at the polling station,individuals with disabilities,indiana,0.0,low
democratic governments should require voters to present photo identification at the polling station,individuals with disabilities,lever,0.1,low
democratic governments should require voters to present photo identification at the polling station,individuals with disabilities,observers,0.0,low
democratic governments should require voters to present photo identification at the polling station,individuals with disabilities,photo identification,0.0,low
democratic governments should require voters to present photo identification at the polling station,individuals with disabilities,polling station,0.1,low
democratic governments should require voters to present photo identification at the polling station,individuals with disabilities,public housing,0.0,low
democratic governments should require voters to present photo identification at the polling station,individuals with disabilities,voters,0.1,low
democratic governments should require voters to present photo identification at the polling station,lever,democratic governments,0.1,low
democratic governments should require voters to present photo identification at the polling station,lever,photo identification,0.0,low
democratic governments should require voters to present photo identification at the polling station,lever,polling station,0.4,medium
democratic governments should require voters to present photo identification at the polling station,lever,voters,0.1,low
democratic governments should require voters to present photo identification at the polling station,number of voters,absentee,0.5,medium
democratic governments should require voters to present photo identification at the polling station,number of voters,absentee ballots,0.5,medium
democratic governments should require voters to present photo identification at the polling station,number of voters,ballot stuffing,0.3,low
democratic governments should require voters to present photo identification at the polling station,number of voters,counted,0.7,high
democratic governments should require voters to present photo identification at the polling station,number of voters,democratic governments,0.3,low
democratic governments should require voters to present photo identification at the polling station,number of voters,federal elections,0.6,medium
democratic governments should require voters to present photo identification at the polling station,number of voters,identification,0.1,low
democratic governments should require voters to present photo identification at the polling station,number of voters,lever,0.0,low
democratic governments should require voters to present photo identification at the polling station,number of voters,observers,0.3,low
democratic governments should require voters to present photo identification at the polling station,number of voters,phone calls,0.0,low
democratic governments should require voters to present photo identification at the polling station,number of voters,photo identification,0.1,low
democratic governments should require voters to present photo identification at the polling station,number of voters,polling station,0.6,medium
democratic governments should require voters to present photo identification at the polling station,number of voters,republican party,0.2,low
democratic governments should require voters to present photo identification at the polling station,number of voters,voters,1.0,high
democratic governments should require voters to present photo identification at the polling station,observers,democratic governments,0.1,low
democratic governments should require voters to present photo identification at the polling station,observers,photo identification,0.0,low
democratic governments should require voters to present photo identification at the polling station,observers,polling station,0.8,high
democratic governments should require voters to present photo identification at the polling station,observers,voters,0.4,medium
democratic governments should require voters to present photo identification at the polling station,party or candidate,ballot stuffing,0.0,low
democratic governments should require voters to present photo identification at the polling station,party or candidate,counted,0.1,low
democratic governments should require voters to present photo identification at the polling station,party or candidate,democratic governments,0.6,medium
democratic governments should require voters to present photo identification at the polling station,party or candidate,eligible,0.2,low
democratic governments should require voters to present photo identification at the polling station,party or candidate,federal elections,0.8,high
democratic governments should require voters to present photo identification at the polling station,party or candidate,identification,0.0,low
democratic governments should require voters to present photo identification at the polling station,party or candidate,indiana,0.0,low
democratic governments should require voters to present photo identification at the polling station,party or candidate,phone calls,0.0,low
democratic governments should require voters to present photo identification at the polling station,party or candidate,photo identification,0.0,low
democratic governments should require voters to present photo identification at the polling station,party or candidate,polling station,0.1,low
democratic governments should require voters to present photo identification at the polling station,party or candidate,voters,0.6,medium
democratic governments should require voters to present photo identification at the polling station,phone calls,democratic governments,0.0,low
democratic governments should require voters to present photo identification at the polling station,phone calls,photo identification,0.0,low
democratic governments should require voters to present photo identification at the polling station,phone calls,polling station,0.1,low
democratic governments should require voters to present photo identification at the polling station,phone calls,voters,0.1,low
democratic governments should require voters to present photo identification at the polling station,photo id,absentee ballots,0.1,low
democratic governments should require voters to present photo identification at the polling station,photo id,ballot stuffing,0.1,low
democratic governments should require voters to present photo identification at the polling station,photo id,democratic governments,0.1,low
democratic governments should require voters to present photo identification at the polling station,photo id,eligible,0.3,low
democratic governments should require voters to present photo identification at the polling station,photo id,federal elections,0.3,low
democratic governments should require voters to present photo identification at the polling station,photo id,indiana,0.0,low
democratic governments should require voters to present photo identification at the polling station,photo id,lever,0.0,low
democratic governments should require voters to present photo identification at the polling station,photo id,photo identification,1.0,high
democratic governments should require voters to present photo identification at the polling station,photo id,polling station,0.5,medium
democratic governments should require voters to present photo identification at the polling station,photo id,public housing,0.0,low
democratic governments should require voters to present photo identification at the polling station,photo id,republican party,0.0,low
democratic governments should require voters to present photo identification at the polling station,photo id,voter intimidation,0.2,low
democratic governments should require voters to present photo identification at the polling station,photo id,voters,0.6,medium
democratic governments should require voters to present photo identification at the polling station,photo identification,democratic governments,0.3,low
democratic governments should require voters to present photo identification at the polling station,photo identification,photo identification,1.0,high
democratic governments should require voters to present photo identification at the polling station,photo identification,polling station,0.5,medium
democratic governments should require voters to present photo identification at the polling station,photo identification,voters,0.7,high
democratic governments should require voters to present photo identification at the polling station,polling places,ballot stuffing,0.5,medium
democratic governments should require voters to present photo identification at the polling station,polling places,counted,0.5,medium
democratic governments should require voters to present photo identification at the polling station,polling places,democratic governments,0.1,low
democratic governments should require voters to present photo identification at the polling station,polling places,democratic party,0.1,low
democratic governments should require voters to present photo identification at the polling station,polling places,disenfranchised,0.2,low
democratic governments should require voters to present photo identification at the polling station,polling places,identification,0.5,medium
democratic governments should require voters to present photo identification at the polling station,polling places,indiana,0.1,low
democratic governments should require voters to present photo identification at the polling station,polling places,photo identification,0.3,low
democratic governments should require voters to present photo identification at the polling station,polling places,polling station,1.0,high
democratic governments should require voters to present photo identification at the polling station,polling places,provisional,0.2,low
democratic governments should require voters to present photo identification at the polling station,polling places,voter intimidation,0.1,low
democratic governments should require voters to present photo identification at the polling station,polling places,voters,0.9,high
democratic governments should require voters to present photo identification at the polling station,principles of democracy,absentee ballots,0.1,low
democratic governments should require voters to present photo identification at the polling station,principles of democracy,ballot stuffing,0.5,medium
democratic governments should require voters to present photo identification at the polling station,principles of democracy,counted,0.1,low
democratic governments should require voters to present photo identification at the polling station,principles of democracy,democratic governments,1.0,high
democratic governments should require voters to present photo identification at the polling station,principles of democracy,democratic party,0.4,medium
democratic governments should require voters to present photo identification at the polling station,principles of democracy,disenfranchised,0.5,medium
democratic governments should require voters to present photo identification at the polling station,principles of democracy,eligible,0.4,medium
democratic governments should require voters to present photo identification at the polling station,principles of democracy,federal elections,0.6,medium
democratic governments should require voters to present photo identification at the polling station,principles of democracy,lever,0.0,low
democratic governments should require voters to present photo identification at the polling station,principles of democracy,observers,0.4,medium
democratic governments should require voters to present photo identification at the polling station,principles of democracy,photo identification,0.0,low
democratic governments should require voters to present photo identification at the polling station,principles of democracy,polling station,0.2,low
democratic governments should require voters to present photo identification at the polling station,principles of democracy,voters,0.9,high
democratic governments should require voters to present photo identification at the polling station,provisional,democratic governments,0.1,low
democratic governments should require voters to present photo identification at the polling station,provisional,photo identification,0.1,low
democratic governments should require voters to present photo identification at the polling station,provisional,polling station,0.0,low
democratic governments should require voters to present photo identification at the polling station,provisional,voters,0.1,low
democratic governments should require voters to present photo identification at the polling station,public housing,democratic governments,0.1,low
democratic governments should require voters to present photo identification at the polling station,public housing,photo identification,0.0,low
democratic governments should require voters to present photo identification at the polling station,public housing,polling station,0.0,low
democratic governments should require voters to present photo identification at the polling station,public housing,voters,0.0,low
democratic governments should require voters to present photo identification at the polling station,republican party,democratic governments,0.6,medium
democratic governments should require voters to present photo identification at the polling station,republican party,photo identification,0.0,low
democratic governments should require voters to present photo identification at the polling station,republican party,polling station,0.0,low
democratic governments should require voters to present photo identification at the polling station,republican party,voters,0.4,medium
democratic governments should require voters to present photo identification at the polling station,u.s presidential election,absentee,0.2,low
democratic governments should require voters to present photo identification at the polling station,u.s presidential election,ballot stuffing,0.3,low
democratic governments should require voters to present photo identification at the polling station,u.s presidential election,democratic governments,0.7,high
democratic governments should require voters to present photo identification at the polling station,u.s presidential election,democratic party,0.8,high
democratic governments should require voters to present photo identification at the polling station,u.s presidential election,disenfranchise,0.3,low
democratic governments should require voters to present photo identification at the polling station,u.s presidential election,federal elections,0.9,high
democratic governments should require voters to present photo identification at the polling station,u.s presidential election,identification,0.2,low
democratic governments should require voters to present photo identification at the polling station,u.s presidential election,observers,0.6,medium
democratic governments should require voters to present photo identification at the polling station,u.s presidential election,photo identification,0.15000000000000002,low
democratic governments should require voters to present photo identification at the polling station,u.s presidential election,polling station,0.6,medium
democratic governments should require voters to present photo identification at the polling station,u.s presidential election,provisional,0.1,low
democratic governments should require voters to present photo identification at the polling station,u.s presidential election,republican party,0.8,high
democratic governments should require voters to present photo identification at the polling station,u.s presidential election,voters,0.9,high
democratic governments should require voters to present photo identification at the polling station,vote,absentee ballots,0.5,medium
democratic governments should require voters to present photo identification at the polling station,vote,ballot paper,0.8,high
democratic governments should require voters to present photo identification at the polling station,vote,counted,0.6,medium
democratic governments should require voters to present photo identification at the polling station,vote,democratic governments,1.0,high
democratic governments should require voters to present photo identification at the polling station,vote,federal elections,0.9,high
democratic governments should require voters to present photo identification at the polling station,vote,identification,0.7,high
democratic governments should require voters to present photo identification at the polling station,vote,lever,0.2,low
democratic governments should require voters to present photo identification at the polling station,vote,photo identification,0.75,high
democratic governments should require voters to present photo identification at the polling station,vote,polling station,1.0,high
democratic governments should require voters to present photo identification at the polling station,vote,public housing,0.0,low
democratic governments should require voters to present photo identification at the polling station,vote,republican party,0.4,medium
democratic governments should require voters to present photo identification at the polling station,vote,voter intimidation,1.0,high
democratic governments should require voters to present photo identification at the polling station,vote,voters,1.0,high
democratic governments should require voters to present photo identification at the polling station,voter,ballot paper,0.8,high
democratic governments should require voters to present photo identification at the polling station,voter,ballot stuffing,0.5,medium
democratic governments should require voters to present photo identification at the polling station,voter,democratic governments,0.9,high
democratic governments should require voters to present photo identification at the polling station,voter,disenfranchised,0.8,high
democratic governments should require voters to present photo identification at the polling station,voter,observers,0.3,low
democratic governments should require voters to present photo identification at the polling station,voter,photo identification,0.6,medium
democratic governments should require voters to present photo identification at the polling station,voter,polling station,1.0,high
democratic governments should require voters to present photo identification at the polling station,voter,republican party,0.2,low
democratic governments should require voters to present photo identification at the polling station,voter,voters,0.9,high
democratic governments should require voters to present photo identification at the polling station,voter fraud,ballot paper,0.5,medium
democratic governments should require voters to present photo identification at the polling station,voter fraud,ballot stuffing,0.8,high
democratic governments should require voters to present photo identification at the polling station,voter fraud,democratic governments,0.3,low
democratic governments should require voters to present photo identification at the polling station,voter fraud,disenfranchised,0.3,low
democratic governments should require voters to present photo identification at the polling station,voter fraud,eligible,0.2,low
democratic governments should require voters to present photo identification at the polling station,voter fraud,identification,0.8,high
democratic governments should require voters to present photo identification at the polling station,voter fraud,photo identification,0.8,high
democratic governments should require voters to present photo identification at the polling station,voter fraud,polling station,0.8,high
democratic governments should require voters to present photo identification at the polling station,voter fraud,provisional,0.0,low
democratic governments should require voters to present photo identification at the polling station,voter fraud,voters,1.0,high
democratic governments should require voters to present photo identification at the polling station,voter intimidation,democratic governments,0.1,low
democratic governments should require voters to present photo identification at the polling station,voter intimidation,photo identification,0.2,low
democratic governments should require voters to present photo identification at the polling station,voter intimidation,polling station,0.2,low
democratic governments should require voters to present photo identification at the polling station,voter intimidation,voters,1.0,high
democratic governments should require voters to present photo identification at the polling station,voter registration,absentee ballots,0.2,low
democratic governments should require voters to present photo identification at the polling station,voter registration,democratic governments,0.5,medium
democratic governments should require voters to present photo identification at the polling station,voter registration,disenfranchised,0.3,low
democratic governments should require voters to present photo identification at the polling station,voter registration,federal elections,0.9,high
democratic governments should require voters to present photo identification at the polling station,voter registration,indiana,0.1,low
democratic governments should require voters to present photo identification at the polling station,voter registration,lever,0.0,low
democratic governments should require voters to present photo identification at the polling station,voter registration,photo identification,0.7,high
democratic governments should require voters to present photo identification at the polling station,voter registration,polling station,0.4,medium
democratic governments should require voters to present photo identification at the polling station,voter registration,provisional,0.1,low
democratic governments should require voters to present photo identification at the polling station,voter registration,public housing,0.0,low
democratic governments should require voters to present photo identification at the polling station,voter registration,republican party,0.2,low
democratic governments should require voters to present photo identification at the polling station,voter registration,voters,1.0,high
democratic governments should require voters to present photo identification at the polling station,voter suppression,absentee,0.2,low
democratic governments should require voters to present photo identification at the polling station,voter suppression,ballot paper,0.0,low
democratic governments should require voters to present photo identification at the polling station,voter suppression,democratic governments,0.1,low
democratic governments should require voters to present photo identification at the polling station,voter suppression,identification,0.2,low
democratic governments should require voters to present photo identification at the polling station,voter suppression,lever,0.1,low
democratic governments should require voters to present photo identification at the polling station,voter suppression,photo identification,0.15000000000000002,low
democratic governments should require voters to present photo identification at the polling station,voter suppression,polling station,0.2,low
democratic governments should require voters to present photo identification at the polling station,voter suppression,republican party,0.0,low
democratic governments should require voters to present photo identification at the polling station,voter suppression,voters,1.0,high
democratic governments should require voters to present photo identification at the polling station,voters,absentee ballots,0.5,medium
democratic governments should require voters to present photo identification at the polling station,voters,democratic governments,0.9,high
democratic governments should require voters to present photo identification at the polling station,voters,federal elections,0.8,high
democratic governments should require voters to present photo identification at the polling station,voters,photo identification,0.75,high
democratic governments should require voters to present photo identification at the polling station,voters,polling station,1.0,high
democratic governments should require voters to present photo identification at the polling station,voters,provisional,0.1,low
democratic governments should require voters to present photo identification at the polling station,voters,republican party,0.5,medium
democratic governments should require voters to present photo identification at the polling station,voters,voter intimidation,1.0,high
democratic governments should require voters to present photo identification at the polling station,voters,voters,1.0,high
democratic governments should require voters to present photo identification at the polling station,votes,absentee,0.5,medium
democratic governments should require voters to present photo identification at the polling station,votes,absentee ballots,0.6,medium
democratic governments should require voters to present photo identification at the polling station,votes,democratic governments,0.9,high
democratic governments should require voters to present photo identification at the polling station,votes,democratic party,0.5,medium
democratic governments should require voters to present photo identification at the polling station,votes,disenfranchise,0.6,medium
democratic governments should require voters to present photo identification at the polling station,votes,disenfranchised,0.6,medium
democratic governments should require voters to present photo identification at the polling station,votes,federal elections,0.7,high
democratic governments should require voters to present photo identification at the polling station,votes,identification,0.7,high
democratic governments should require voters to present photo identification at the polling station,votes,lever,0.1,low
democratic governments should require voters to present photo identification at the polling station,votes,phone calls,0.0,low
democratic governments should require voters to present photo identification at the polling station,votes,photo identification,0.7,high
democratic governments should require voters to present photo identification at the polling station,votes,polling station,1.0,high
democratic governments should require voters to present photo identification at the polling station,votes,republican party,0.3,low
democratic governments should require voters to present photo identification at the polling station,votes,voter intimidation,0.8,high
democratic governments should require voters to present photo identification at the polling station,votes,voters,1.0,high
democratic governments should require voters to present photo identification at the polling station,voting,democratic governments,1.0,high
democratic governments should require voters to present photo identification at the polling station,voting,disenfranchised,0.7,high
democratic governments should require voters to present photo identification at the polling station,voting,indiana,0.0,low
democratic governments should require voters to present photo identification at the polling station,voting,lever,0.1,low
democratic governments should require voters to present photo identification at the polling station,voting,observers,0.7,high
democratic governments should require voters to present photo identification at the polling station,voting,phone calls,0.0,low
democratic governments should require voters to present photo identification at the polling station,voting,photo identification,0.8,high
democratic governments should require voters to present photo identification at the polling station,voting,polling station,1.0,high
democratic governments should require voters to present photo identification at the polling station,voting,public housing,0.1,low
democratic governments should require voters to present photo identification at the polling station,voting,voters,1.0,high
democratic governments should require voters to present photo identification at the polling station,voting machine,absentee,0.0,low
democratic governments should require voters to present photo identification at the polling station,voting machine,democratic governments,0.1,low
democratic governments should require voters to present photo identification at the polling station,voting machine,democratic party,0.0,low
democratic governments should require voters to present photo identification at the polling station,voting machine,disenfranchise,0.0,low
democratic governments should require voters to present photo identification at the polling station,voting machine,observers,0.3,low
democratic governments should require voters to present photo identification at the polling station,voting machine,phone calls,0.0,low
democratic governments should require voters to present photo identification at the polling station,voting machine,photo identification,0.25,low
democratic governments should require voters to present photo identification at the polling station,voting machine,polling station,1.0,high
democratic governments should require voters to present photo identification at the polling station,voting machine,provisional,0.0,low
democratic governments should require voters to present photo identification at the polling station,voting machine,voter intimidation,0.1,low
democratic governments should require voters to present photo identification at the polling station,voting machine,voters,1.0,high
democratic governments should require voters to present photo identification at the polling station,voting machines,ballot stuffing,0.4,medium
democratic governments should require voters to present photo identification at the polling station,voting machines,democratic governments,0.1,low
democratic governments should require voters to present photo identification at the polling station,voting machines,eligible,0.2,low
democratic governments should require voters to present photo identification at the polling station,voting machines,identification,0.4,medium
democratic governments should require voters to present photo identification at the polling station,voting machines,indiana,0.0,low
democratic governments should require voters to present photo identification at the polling station,voting machines,phone calls,0.0,low
democratic governments should require voters to present photo identification at the polling station,voting machines,photo identification,0.25,low
democratic governments should require voters to present photo identification at the polling station,voting machines,polling station,0.9,high
democratic governments should require voters to present photo identification at the polling station,voting machines,provisional,0.1,low
democratic governments should require voters to present photo identification at the polling station,voting machines,voters,1.0,high
democratic governments should require voters to present photo identification at the polling station,voting rights act,absentee ballots,0.1,low
democratic governments should require voters to present photo identification at the polling station,voting rights act,ballot paper,0.1,low
democratic governments should require voters to present photo identification at the polling station,voting rights act,ballot stuffing,0.0,low
democratic governments should require voters to present photo identification at the polling station,voting rights act,democratic governments,0.5,medium
democratic governments should require voters to present photo identification at the polling station,voting rights act,democratic party,0.1,low
democratic governments should require voters to present photo identification at the polling station,voting rights act,federal elections,0.5,medium
democratic governments should require voters to present photo identification at the polling station,voting rights act,indiana,0.0,low
democratic governments should require voters to present photo identification at the polling station,voting rights act,lever,0.0,low
democratic governments should require voters to present photo identification at the polling station,voting rights act,observers,0.2,low
democratic governments should require voters to present photo identification at the polling station,voting rights act,phone calls,0.0,low
democratic governments should require voters to present photo identification at the polling station,voting rights act,photo identification,0.0,low
democratic governments should require voters to present photo identification at the polling station,voting rights act,polling station,0.0,low
democratic governments should require voters to present photo identification at the polling station,voting rights act,public housing,0.0,low
democratic governments should require voters to present photo identification at the polling station,voting rights act,republican party,0.0,low
democratic governments should require voters to present photo identification at the polling station,voting rights act,voters,0.9,high
democratic governments should require voters to present photo identification at the polling station,voting systems,ballot paper,0.5,medium
democratic governments should require voters to present photo identification at the polling station,voting systems,ballot stuffing,0.1,low
democratic governments should require voters to present photo identification at the polling station,voting systems,democratic governments,0.7,high
democratic governments should require voters to present photo identification at the polling station,voting systems,democratic party,0.1,low
democratic governments should require voters to present photo identification at the polling station,voting systems,disenfranchise,0.2,low
democratic governments should require voters to present photo identification at the polling station,voting systems,eligible,0.1,low
democratic governments should require voters to present photo identification at the polling station,voting systems,federal elections,0.8,high
democratic governments should require voters to present photo identification at the polling station,voting systems,photo identification,0.3,low
democratic governments should require voters to present photo identification at the polling station,voting systems,polling station,0.7,high
democratic governments should require voters to present photo identification at the polling station,voting systems,public housing,0.0,low
democratic governments should require voters to present photo identification at the polling station,voting systems,voter intimidation,0.4,medium
democratic governments should require voters to present photo identification at the polling station,voting systems,voters,1.0,high
education should be funded using a voucher scheme,board of education,charter school law,0.6,medium
education should be funded using a voucher scheme,board of education,childcare voucher scheme,0.4,medium
education should be funded using a voucher scheme,board of education,education,1.0,high
education should be funded using a voucher scheme,board of education,rich,0.0,low
education should be funded using a voucher scheme,board of education,tax,0.0,low
education should be funded using a voucher scheme,board of education,voucher scheme,0.6,medium
education should be funded using a voucher scheme,capitalism,education,0.0,low
education should be funded using a voucher scheme,capitalism,voucher scheme,0.2,low
education should be funded using a voucher scheme,charter,education,0.3,low
education should be funded using a voucher scheme,charter,local school district,0.5,medium
education should be funded using a voucher scheme,charter,number of students,0.1,low
education should be funded using a voucher scheme,charter,private education,0.4,medium
education should be funded using a voucher scheme,charter,sweden's,0.0,low
education should be funded using a voucher scheme,charter,voucher scheme,0.3,low
education should be funded using a voucher scheme,charter school,education,1.0,high
education should be funded using a voucher scheme,charter school,number of students,0.4,medium
education should be funded using a voucher scheme,charter school,public school students,0.9,high
education should be funded using a voucher scheme,charter school,voucher scheme,0.7,high
education should be funded using a voucher scheme,charter school,voucher system,0.8,high
education should be funded using a voucher scheme,charter school law,education,0.9,high
education should be funded using a voucher scheme,charter school law,voucher scheme,0.5,medium
education should be funded using a voucher scheme,charter school students,education,1.0,high
education should be funded using a voucher scheme,charter school students,higher education,0.2,low
education should be funded using a voucher scheme,charter school students,math,0.3,low
education should be funded using a voucher scheme,charter school students,sweden's,0.0,low
education should be funded using a voucher scheme,charter school students,tax credits,0.2,low
education should be funded using a voucher scheme,charter school students,voucher scheme,0.8,high
education should be funded using a voucher scheme,charter schools,education,1.0,high
education should be funded using a voucher scheme,charter schools,math,0.1,low
education should be funded using a voucher scheme,charter schools,private education,0.9,high
education should be funded using a voucher scheme,charter schools,voucher scheme,0.7,high
education should be funded using a voucher scheme,childcare voucher scheme,education,0.6,medium
education should be funded using a voucher scheme,childcare voucher scheme,voucher scheme,1.0,high
education should be funded using a voucher scheme,college or university,education,1.0,high
education should be funded using a voucher scheme,college or university,voucher scheme,0.4,medium
education should be funded using a voucher scheme,department of education,childcare voucher scheme,0.7,high
education should be funded using a voucher scheme,department of education,education,1.0,high
education should be funded using a voucher scheme,department of education,tax,0.0,low
education should be funded using a voucher scheme,department of education,voucher scheme,0.8,high
education should be funded using a voucher scheme,education,childcare voucher scheme,0.6,medium
education should be funded using a voucher scheme,education,education,1.0,high
education should be funded using a voucher scheme,education,local public schools,1.0,high
education should be funded using a voucher scheme,education,local school district,0.8,high
education should be funded using a voucher scheme,education,plan,0.2,low
education should be funded using a voucher scheme,education,sweden's,0.0,low
education should be funded using a voucher scheme,education,tax,0.0,low
education should be funded using a voucher scheme,education,voucher scheme,0.9,high
education should be funded using a voucher scheme,federal,education,0.0,low
education should be funded using a voucher scheme,federal,voucher scheme,0.0,low
education should be funded using a voucher scheme,free to choose,education,0.3,low
education should be funded using a voucher scheme,free to choose,voucher scheme,0.6,medium
education should be funded using a voucher scheme,friedman,education,0.5,medium
education should be funded using a voucher scheme,friedman,voucher scheme,0.4,medium
education should be funded using a voucher scheme,gove,education,0.2,low
education should be funded using a voucher scheme,gove,voucher scheme,0.0,low
education should be funded using a voucher scheme,higher education,education,1.0,high
education should be funded using a voucher scheme,higher education,voucher scheme,0.3,low
education should be funded using a voucher scheme,john mccain,education,0.0,low
education should be funded using a voucher scheme,john mccain,federal,0.1,low
education should be funded using a voucher scheme,john mccain,free to choose,0.0,low
education should be funded using a voucher scheme,john mccain,local public schools,0.0,low
education should be funded using a voucher scheme,john mccain,number of students,0.1,low
education should be funded using a voucher scheme,john mccain,school board,0.1,low
education should be funded using a voucher scheme,john mccain,school vouchers,0.0,low
education should be funded using a voucher scheme,john mccain,voucher scheme,0.0,low
education should be funded using a voucher scheme,local public schools,education,1.0,high
education should be funded using a voucher scheme,local public schools,voucher scheme,0.8,high
education should be funded using a voucher scheme,local school district,education,1.0,high
education should be funded using a voucher scheme,local school district,voucher scheme,0.6,medium
education should be funded using a voucher scheme,local school districts,childcare voucher scheme,0.4,medium
education should be funded using a voucher scheme,local school districts,education,1.0,high
education should be funded using a voucher scheme,local school districts,gove,0.0,low
education should be funded using a voucher scheme,local school districts,higher education,0.4,medium
education should be funded using a voucher scheme,local school districts,tax,0.0,low
education should be funded using a voucher scheme,local school districts,voucher scheme,0.6,medium
education should be funded using a voucher scheme,math,education,1.0,high
education should be funded using a voucher scheme,math,voucher scheme,0.2,low
education should be funded using a voucher scheme,mccain,capitalism,0.0,low
education should be funded using a voucher scheme,mccain,education,0.0,low
education should be funded using a voucher scheme,mccain,higher education,0.0,low
education should be funded using a voucher scheme,mccain,local school district,0.0,low
education should be funded using a voucher scheme,mccain,primary school,0.0,low
education should be funded using a voucher scheme,mccain,private education,0.0,low
education should be funded using a voucher scheme,mccain,public school students,0.0,low
education should be funded using a voucher scheme,mccain,reading and math,0.1,low
education should be funded using a voucher scheme,mccain,state schools,0.0,low
education should be funded using a voucher scheme,mccain,voucher scheme,0.0,low
education should be funded using a voucher scheme,number of students,education,0.6,medium
education should be funded using a voucher scheme,number of students,voucher scheme,0.4,medium
education should be funded using a voucher scheme,obama,education,0.1,low
education should be funded using a voucher scheme,obama,free to choose,0.1,low
education should be funded using a voucher scheme,obama,gove,0.0,low
education should be funded using a voucher scheme,obama,local school district,0.1,low
education should be funded using a voucher scheme,obama,math,0.0,low
education should be funded using a voucher scheme,obama,school vouchers,0.2,low
education should be funded using a voucher scheme,obama,tax,0.0,low
education should be funded using a voucher scheme,obama,usa patriot act,0.3,low
education should be funded using a voucher scheme,obama,voucher scheme,0.2,low
education should be funded using a voucher scheme,obama,voucher system,0.2,low
education should be funded using a voucher scheme,plan,education,0.2,low
education should be funded using a voucher scheme,plan,voucher scheme,0.2,low
education should be funded using a voucher scheme,primary school,education,1.0,high
education should be funded using a voucher scheme,primary school,voucher scheme,0.7,high
education should be funded using a voucher scheme,prince edward county,college or university,0.1,low
education should be funded using a voucher scheme,prince edward county,education,0.2,low
education should be funded using a voucher scheme,prince edward county,free to choose,0.0,low
education should be funded using a voucher scheme,prince edward county,local public schools,0.2,low
education should be funded using a voucher scheme,prince edward county,tax credits,0.0,low
education should be funded using a voucher scheme,prince edward county,voucher scheme,0.5,medium
education should be funded using a voucher scheme,private,education,0.5,medium
education should be funded using a voucher scheme,private,free to choose,0.2,low
education should be funded using a voucher scheme,private,higher education,0.1,low
education should be funded using a voucher scheme,private,school system,0.4,medium
education should be funded using a voucher scheme,private,school vouchers,0.3,low
education should be funded using a voucher scheme,private,tax,0.0,low
education should be funded using a voucher scheme,private,voucher scheme,0.2,low
education should be funded using a voucher scheme,private education,education,1.0,high
education should be funded using a voucher scheme,private education,voucher scheme,0.9,high
education should be funded using a voucher scheme,private schools,education,1.0,high
education should be funded using a voucher scheme,private schools,friedman,0.3,low
education should be funded using a voucher scheme,private schools,reading and math,0.4,medium
education should be funded using a voucher scheme,private schools,school system,1.0,high
education should be funded using a voucher scheme,private schools,tax,0.1,low
education should be funded using a voucher scheme,private schools,voucher scheme,0.8,high
education should be funded using a voucher scheme,public education,education,1.0,high
education should be funded using a voucher scheme,public education,voucher scheme,0.9,high
education should be funded using a voucher scheme,public school,education,1.0,high
education should be funded using a voucher scheme,public school,local school district,1.0,high
education should be funded using a voucher scheme,public school,tax,0.1,low
education should be funded using a voucher scheme,public school,voucher scheme,0.9,high
education should be funded using a voucher scheme,public school students,education,1.0,high
education should be funded using a voucher scheme,public school students,voucher scheme,0.9,high
education should be funded using a voucher scheme,public school system,education,1.0,high
education should be funded using a voucher scheme,public school system,friedman,0.2,low
education should be funded using a voucher scheme,public school system,higher education,0.4,medium
education should be funded using a voucher scheme,public school system,local public schools,1.0,high
education should be funded using a voucher scheme,public school system,rich,0.0,low
education should be funded using a voucher scheme,public school system,voucher scheme,0.9,high
education should be funded using a voucher scheme,public schools,education,1.0,high
education should be funded using a voucher scheme,public schools,local public schools,1.0,high
education should be funded using a voucher scheme,public schools,primary school,1.0,high
education should be funded using a voucher scheme,public schools,rich,0.0,low
education should be funded using a voucher scheme,public schools,school vouchers,0.9,high
education should be funded using a voucher scheme,public schools,voucher scheme,0.9,high
education should be funded using a voucher scheme,pupil assignment board,capitalism,0.0,low
education should be funded using a voucher scheme,pupil assignment board,education,1.0,high
education should be funded using a voucher scheme,pupil assignment board,primary school,0.7,high
education should be funded using a voucher scheme,pupil assignment board,state schools,0.6,medium
education should be funded using a voucher scheme,pupil assignment board,tax credits,0.0,low
education should be funded using a voucher scheme,pupil assignment board,voucher scheme,0.4,medium
education should be funded using a voucher scheme,pupil assignment board,voucher system,0.6,medium
education should be funded using a voucher scheme,pupil assignment plan,education,0.9,high
education should be funded using a voucher scheme,pupil assignment plan,higher education,0.2,low
education should be funded using a voucher scheme,pupil assignment plan,local public schools,0.7,high
education should be funded using a voucher scheme,pupil assignment plan,private education,0.7,high
education should be funded using a voucher scheme,pupil assignment plan,sweden's,0.1,low
education should be funded using a voucher scheme,pupil assignment plan,tax,0.0,low
education should be funded using a voucher scheme,pupil assignment plan,voucher scheme,0.7,high
education should be funded using a voucher scheme,racial achievement gap,education,1.0,high
education should be funded using a voucher scheme,racial achievement gap,math,0.2,low
education should be funded using a voucher scheme,racial achievement gap,voucher scheme,0.3,low
education should be funded using a voucher scheme,reading and math,education,1.0,high
education should be funded using a voucher scheme,reading and math,voucher scheme,0.2,low
education should be funded using a voucher scheme,rich,education,0.0,low
education should be funded using a voucher scheme,rich,voucher scheme,0.0,low
education should be funded using a voucher scheme,school,education,1.0,high
education should be funded using a voucher scheme,school,free to choose,0.0,low
education should be funded using a voucher scheme,school,voucher scheme,0.8,high
education should be funded using a voucher scheme,school board,education,0.9,high
education should be funded using a voucher scheme,school board,voucher scheme,0.6,medium
education should be funded using a voucher scheme,school choice,education,1.0,high
education should be funded using a voucher scheme,school choice,voucher scheme,0.9,high
education should be funded using a voucher scheme,school districts,education,0.9,high
education should be funded using a voucher scheme,school districts,rich,0.0,low
education should be funded using a voucher scheme,school districts,tax credits,0.0,low
education should be funded using a voucher scheme,school districts,voucher scheme,0.5,medium
education should be funded using a voucher scheme,school system,education,1.0,high
education should be funded using a voucher scheme,school system,voucher scheme,0.9,high
education should be funded using a voucher scheme,school vouchers,education,1.0,high
education should be funded using a voucher scheme,school vouchers,voucher scheme,1.0,high
education should be funded using a voucher scheme,schools,capitalism,0.0,low
education should be funded using a voucher scheme,schools,education,1.0,high
education should be funded using a voucher scheme,schools,higher education,0.9,high
education should be funded using a voucher scheme,schools,public school students,1.0,high
education should be funded using a voucher scheme,schools,state schools,1.0,high
education should be funded using a voucher scheme,schools,tax credits,0.1,low
education should be funded using a voucher scheme,schools,voucher scheme,0.9,high
education should be funded using a voucher scheme,stanley plan,education,0.7,high
education should be funded using a voucher scheme,stanley plan,federal,0.1,low
education should be funded using a voucher scheme,stanley plan,gove,0.0,low
education should be funded using a voucher scheme,stanley plan,local school district,0.5,medium
education should be funded using a voucher scheme,stanley plan,rich,0.0,low
education should be funded using a voucher scheme,stanley plan,state schools,0.7,high
education should be funded using a voucher scheme,stanley plan,voucher scheme,0.4,medium
education should be funded using a voucher scheme,state,education,0.0,low
education should be funded using a voucher scheme,state,voucher scheme,0.1,low
education should be funded using a voucher scheme,state schools,education,1.0,high
education should be funded using a voucher scheme,state schools,voucher scheme,0.9,high
education should be funded using a voucher scheme,students,education,1.0,high
education should be funded using a voucher scheme,students,rich,0.0,low
education should be funded using a voucher scheme,students,tax,0.0,low
education should be funded using a voucher scheme,students,voucher scheme,0.8,high
education should be funded using a voucher scheme,sweden,charter school law,0.0,low
education should be funded using a voucher scheme,sweden,education,0.0,low
education should be funded using a voucher scheme,sweden,friedman,0.0,low
education should be funded using a voucher scheme,sweden,private education,0.1,low
education should be funded using a voucher scheme,sweden,public school students,0.0,low
education should be funded using a voucher scheme,sweden,tax credits,0.0,low
education should be funded using a voucher scheme,sweden,voucher scheme,0.2,low
education should be funded using a voucher scheme,sweden's,education,0.0,low
education should be funded using a voucher scheme,sweden's,voucher scheme,0.2,low
education should be funded using a voucher scheme,swedish,education,0.0,low
education should be funded using a voucher scheme,swedish,higher education,0.0,low
education should be funded using a voucher scheme,swedish,local public schools,0.0,low
education should be funded using a voucher scheme,swedish,private education,0.0,low
education should be funded using a voucher scheme,swedish,public education,0.0,low
education should be funded using a voucher scheme,swedish,school vouchers,0.1,low
education should be funded using a voucher scheme,swedish,tax credits,0.0,low
education should be funded using a voucher scheme,swedish,voucher scheme,0.1,low
education should be funded using a voucher scheme,tax,education,0.1,low
education should be funded using a voucher scheme,tax,voucher scheme,0.1,low
education should be funded using a voucher scheme,tax credits,education,0.1,low
education should be funded using a voucher scheme,tax credits,voucher scheme,0.4,medium
education should be funded using a voucher scheme,traditional public schools,education,1.0,high
education should be funded using a voucher scheme,traditional public schools,friedman,0.3,low
education should be funded using a voucher scheme,traditional public schools,local school district,0.7,high
education should be funded using a voucher scheme,traditional public schools,tax credits,0.2,low
education should be funded using a voucher scheme,traditional public schools,voucher scheme,0.8,high
education should be funded using a voucher scheme,usa patriot act,education,0.0,low
education should be funded using a voucher scheme,usa patriot act,voucher scheme,0.1,low
education should be funded using a voucher scheme,valign top,capitalism,0.0,low
education should be funded using a voucher scheme,valign top,charter school law,0.1,low
education should be funded using a voucher scheme,valign top,childcare voucher scheme,0.0,low
education should be funded using a voucher scheme,valign top,rich,0.0,low
education should be funded using a voucher scheme,valign top,tax,0.0,low
education should be funded using a voucher scheme,voucher system,education,0.9,high
education should be funded using a voucher scheme,voucher system,voucher scheme,1.0,high
endangered species should be protected,anthropocentric,endangered species,0.3,low
endangered species should be protected,anthropocentrism,endangered species,0.3,low
endangered species should be protected,biodiversity,coral reefs,0.7,high
endangered species should be protected,biodiversity,endangered species,0.9,high
endangered species should be protected,biological diversity,endangered species,1.0,high
endangered species should be protected,biological diversity,species loss,0.9,high
endangered species should be protected,conservation,anthropocentric,0.4,medium
endangered species should be protected,conservation,endangered species,1.0,high
endangered species should be protected,conservation,sustainable,0.7,high
endangered species should be protected,conservation biologists,deep ecologists,0.9,high
endangered species should be protected,conservation biologists,earth,0.7,high
endangered species should be protected,conservation biologists,endangered species,1.0,high
endangered species should be protected,conservation biology,anthropocentrism,0.6,medium
endangered species should be protected,conservation biology,ecology,0.8,high
endangered species should be protected,conservation biology,endangered species,1.0,high
endangered species should be protected,conservation biology,human,0.4,medium
endangered species should be protected,conservation biology,natural history,0.3,low
endangered species should be protected,coral reefs,endangered species,0.7,high
endangered species should be protected,deep ecologists,endangered species,0.9,high
endangered species should be protected,deep ecology,endangered species,0.8,high
endangered species should be protected,deep ecology,extinction event,0.2,low
endangered species should be protected,deep ecology,sustainability,0.6,medium
endangered species should be protected,deep ecology,sustainable,0.4,medium
endangered species should be protected,destruction of habitat,coral reefs,0.6,medium
endangered species should be protected,destruction of habitat,endangered species,1.0,high
endangered species should be protected,destruction of habitat,human,0.8,high
endangered species should be protected,destruction of habitat,sustainable,0.3,low
endangered species should be protected,destruction of habitat,tropical,0.6,medium
endangered species should be protected,diversity,endangered species,0.7,high
endangered species should be protected,diversity,habitat loss,0.9,high
endangered species should be protected,diversity,invasive species,0.4,medium
endangered species should be protected,earth,endangered species,0.5,medium
endangered species should be protected,ecological,endangered species,0.8,high
endangered species should be protected,ecologists,endangered species,0.9,high
endangered species should be protected,ecology,endangered species,0.8,high
endangered species should be protected,ecosystem,ecologists,1.0,high
endangered species should be protected,ecosystem,ecology,1.0,high
endangered species should be protected,ecosystem,endangered species,0.8,high
endangered species should be protected,ecosystem services,endangered species,0.8,high
endangered species should be protected,ecosystems,endangered species,0.8,high
endangered species should be protected,ecosystems,human,0.4,medium
endangered species should be protected,ecosystems,insects,0.6,medium
endangered species should be protected,ecosystems,invasive species,0.5,medium
endangered species should be protected,endangered species act,endangered species,1.0,high
endangered species should be protected,endangered species act,libertarian extension,0.4,medium
endangered species should be protected,extinct,endangered species,1.0,high
endangered species should be protected,extinct,sustainability,0.5,medium
endangered species should be protected,extinction,endangered species,1.0,high
endangered species should be protected,extinction event,endangered species,1.0,high
endangered species should be protected,genetic diversity,anthropocentric,0.2,low
endangered species should be protected,genetic diversity,endangered species,0.9,high
endangered species should be protected,genetic diversity,habitat loss,0.9,high
endangered species should be protected,genetic diversity,sustainability,0.8,high
endangered species should be protected,genetic diversity,tropical,0.5,medium
endangered species should be protected,genetic resources,coral reefs,0.5,medium
endangered species should be protected,genetic resources,endangered species,0.7,high
endangered species should be protected,genetic resources,libertarian extension,0.1,low
endangered species should be protected,genetic resources,natural history,0.1,low
endangered species should be protected,genetic resources,sustainable,0.4,medium
endangered species should be protected,habitat,endangered species,0.9,high
endangered species should be protected,habitat destruction,endangered species,1.0,high
endangered species should be protected,habitat loss,endangered species,1.0,high
endangered species should be protected,human,endangered species,0.1,low
endangered species should be protected,insects,endangered species,0.5,medium
endangered species should be protected,invasive species,endangered species,0.7,high
endangered species should be protected,iucn red list,anthropocentric,0.1,low
endangered species should be protected,iucn red list,endangered species,0.9,high
endangered species should be protected,iucn red list,libertarian extension,0.1,low
endangered species should be protected,libertarian extension,endangered species,0.5,medium
endangered species should be protected,loss of biodiversity,endangered species,1.0,high
endangered species should be protected,loss of biodiversity,habitat loss,1.0,high
endangered species should be protected,loss of biodiversity,sustainability,0.8,high
endangered species should be protected,mass extinction events,anthropocentrism,0.1,low
endangered species should be protected,mass extinction events,endangered species,1.0,high
endangered species should be protected,mass extinction events,national parks,0.2,low
endangered species should be protected,million years,endangered species,0.1,low
endangered species should be protected,million years,insects,0.0,low
endangered species should be protected,million years ago,endangered species,0.1,low
endangered species should be protected,million years ago,natural history,0.6,medium
endangered species should be protected,million years ago,sustainability,0.0,low
endangered species should be protected,mutually agreed terms,anthropocentrism,0.0,low
endangered species should be protected,mutually agreed terms,earth,0.1,low
endangered species should be protected,mutually agreed terms,ecologists,0.0,low
endangered species should be protected,mutually agreed terms,endangered species,0.1,low
endangered species should be protected,mutually agreed terms,insects,0.0,low
endangered species should be protected,mutually agreed terms,libertarian extension,0.0,low
endangered species should be protected,national parks,endangered species,0.6,medium
endangered species should be protected,natural habitat,endangered species,1.0,high
endangered species should be protected,natural habitat,species extinctions,0.8,high
endangered species should be protected,natural history,endangered species,0.4,medium
endangered species should be protected,natural resource management,endangered species,0.7,high
endangered species should be protected,natural resource management,libertarian extension,0.4,medium
endangered species should be protected,natural resource management,tropical,0.1,low
endangered species should be protected,number of species,coral reefs,0.4,medium
endangered species should be protected,number of species,ecology,0.8,high
endangered species should be protected,number of species,endangered species,0.8,high
endangered species should be protected,number of species,species loss,1.0,high
endangered species should be protected,species,anthropocentric,0.4,medium
endangered species should be protected,species,endangered species,1.0,high
endangered species should be protected,species,invasive species,0.9,high
endangered species should be protected,species,tropical,0.5,medium
endangered species should be protected,species and ecosystems,endangered species,0.9,high
endangered species should be protected,species and ecosystems,invasive species,0.7,high
endangered species should be protected,species and ecosystems,sustainability,0.7,high
endangered species should be protected,species and ecosystems,tropical,0.5,medium
endangered species should be protected,species extinctions,endangered species,1.0,high
endangered species should be protected,species loss,endangered species,1.0,high
endangered species should be protected,sustainability,endangered species,0.5,medium
endangered species should be protected,sustainable,endangered species,0.4,medium
endangered species should be protected,tropical,endangered species,0.6,medium
europe should weaken its austerity measures to guarantee its citizens greater social support,austerity,austerity measures,1.0,high
europe should weaken its austerity measures to guarantee its citizens greater social support,austerity,citizens,0.4,medium
europe should weaken its austerity measures to guarantee its citizens greater social support,austerity,debts,1.0,high
europe should weaken its austerity measures to guarantee its citizens greater social support,austerity,economy,1.0,high
europe should weaken its austerity measures to guarantee its citizens greater social support,austerity,esping andersen,0.1,low
europe should weaken its austerity measures to guarantee its citizens greater social support,austerity,europe,0.5,medium
europe should weaken its austerity measures to guarantee its citizens greater social support,austerity,government deficit,1.0,high
europe should weaken its austerity measures to guarantee its citizens greater social support,austerity,loan,0.6,medium
europe should weaken its austerity measures to guarantee its citizens greater social support,austerity,private,0.0,low
europe should weaken its austerity measures to guarantee its citizens greater social support,austerity,private holders,0.1,low
europe should weaken its austerity measures to guarantee its citizens greater social support,austerity,social support,0.7,high
europe should weaken its austerity measures to guarantee its citizens greater social support,austerity,sovereign default,0.7,high
europe should weaken its austerity measures to guarantee its citizens greater social support,austerity,spending,0.7,high
europe should weaken its austerity measures to guarantee its citizens greater social support,austerity,troika,0.8,high
europe should weaken its austerity measures to guarantee its citizens greater social support,austerity measures,austerity measures,1.0,high
europe should weaken its austerity measures to guarantee its citizens greater social support,austerity measures,budget,1.0,high
europe should weaken its austerity measures to guarantee its citizens greater social support,austerity measures,citizens,0.6,medium
europe should weaken its austerity measures to guarantee its citizens greater social support,austerity measures,economy,1.0,high
europe should weaken its austerity measures to guarantee its citizens greater social support,austerity measures,esping andersen,0.1,low
europe should weaken its austerity measures to guarantee its citizens greater social support,austerity measures,europe,0.5,medium
europe should weaken its austerity measures to guarantee its citizens greater social support,austerity measures,germany,0.5,medium
europe should weaken its austerity measures to guarantee its citizens greater social support,austerity measures,loan,0.6,medium
europe should weaken its austerity measures to guarantee its citizens greater social support,austerity measures,private holders,0.1,low
europe should weaken its austerity measures to guarantee its citizens greater social support,austerity measures,social support,0.7,high
europe should weaken its austerity measures to guarantee its citizens greater social support,austerity measures,sovereign default,0.7,high
europe should weaken its austerity measures to guarantee its citizens greater social support,austerity measures,year bonds,0.1,low
europe should weaken its austerity measures to guarantee its citizens greater social support,austerity package,austerity measures,1.0,high
europe should weaken its austerity measures to guarantee its citizens greater social support,austerity package,budget,0.6,medium
europe should weaken its austerity measures to guarantee its citizens greater social support,austerity package,citizens,0.6,medium
europe should weaken its austerity measures to guarantee its citizens greater social support,austerity package,debt swap,0.5,medium
europe should weaken its austerity measures to guarantee its citizens greater social support,austerity package,debts,1.0,high
europe should weaken its austerity measures to guarantee its citizens greater social support,austerity package,europe,0.5,medium
europe should weaken its austerity measures to guarantee its citizens greater social support,austerity package,germany,0.7,high
europe should weaken its austerity measures to guarantee its citizens greater social support,austerity package,government deficit,0.8,high
europe should weaken its austerity measures to guarantee its citizens greater social support,austerity package,savings,0.4,medium
europe should weaken its austerity measures to guarantee its citizens greater social support,austerity package,social support,0.6,medium
europe should weaken its austerity measures to guarantee its citizens greater social support,austerity package,sovereign default,0.6,medium
europe should weaken its austerity measures to guarantee its citizens greater social support,austerity package,spending,0.7,high
europe should weaken its austerity measures to guarantee its citizens greater social support,austerity package,year bonds,0.2,low
europe should weaken its austerity measures to guarantee its citizens greater social support,bailout,austerity measures,0.6,medium
europe should weaken its austerity measures to guarantee its citizens greater social support,bailout,citizens,0.0,low
europe should weaken its austerity measures to guarantee its citizens greater social support,bailout,debt swap,0.4,medium
europe should weaken its austerity measures to guarantee its citizens greater social support,bailout,esping andersen,0.0,low
europe should weaken its austerity measures to guarantee its citizens greater social support,bailout,europe,0.4,medium
europe should weaken its austerity measures to guarantee its citizens greater social support,bailout,government deficit,0.6,medium
europe should weaken its austerity measures to guarantee its citizens greater social support,bailout,social support,0.3,low
europe should weaken its austerity measures to guarantee its citizens greater social support,bailout,spending,0.3,low
europe should weaken its austerity measures to guarantee its citizens greater social support,budget,austerity measures,0.8,high
europe should weaken its austerity measures to guarantee its citizens greater social support,budget,citizens,0.2,low
europe should weaken its austerity measures to guarantee its citizens greater social support,budget,europe,0.3,low
europe should weaken its austerity measures to guarantee its citizens greater social support,budget,social support,0.6,medium
europe should weaken its austerity measures to guarantee its citizens greater social support,budget deficit,austerity measures,1.0,high
europe should weaken its austerity measures to guarantee its citizens greater social support,budget deficit,citizens,0.3,low
europe should weaken its austerity measures to guarantee its citizens greater social support,budget deficit,europe,0.5,medium
europe should weaken its austerity measures to guarantee its citizens greater social support,budget deficit,social support,0.5,medium
europe should weaken its austerity measures to guarantee its citizens greater social support,collective action clause,austerity measures,0.8,high
europe should weaken its austerity measures to guarantee its citizens greater social support,collective action clause,budget,0.2,low
europe should weaken its austerity measures to guarantee its citizens greater social support,collective action clause,budget deficit,0.4,medium
europe should weaken its austerity measures to guarantee its citizens greater social support,collective action clause,citizens,0.1,low
europe should weaken its austerity measures to guarantee its citizens greater social support,collective action clause,debts,0.9,high
europe should weaken its austerity measures to guarantee its citizens greater social support,collective action clause,economy,0.8,high
europe should weaken its austerity measures to guarantee its citizens greater social support,collective action clause,europe,0.0,low
europe should weaken its austerity measures to guarantee its citizens greater social support,collective action clause,private,0.2,low
europe should weaken its austerity measures to guarantee its citizens greater social support,collective action clause,social support,0.2,low
europe should weaken its austerity measures to guarantee its citizens greater social support,collective action clause,sovereign debt,0.5,medium
europe should weaken its austerity measures to guarantee its citizens greater social support,collective action clause,sovereign default,0.7,high
europe should weaken its austerity measures to guarantee its citizens greater social support,collective action clause,spending,0.1,low
europe should weaken its austerity measures to guarantee its citizens greater social support,debt,austerity measures,0.7,high
europe should weaken its austerity measures to guarantee its citizens greater social support,debt,budget,1.0,high
europe should weaken its austerity measures to guarantee its citizens greater social support,debt,citizens,0.1,low
europe should weaken its austerity measures to guarantee its citizens greater social support,debt,debt swap,1.0,high
europe should weaken its austerity measures to guarantee its citizens greater social support,debt,esping andersen,0.2,low
europe should weaken its austerity measures to guarantee its citizens greater social support,debt,europe,0.4,medium
europe should weaken its austerity measures to guarantee its citizens greater social support,debt,harsh austerity,0.9,high
europe should weaken its austerity measures to guarantee its citizens greater social support,debt,loan,1.0,high
europe should weaken its austerity measures to guarantee its citizens greater social support,debt,private holders,0.2,low
europe should weaken its austerity measures to guarantee its citizens greater social support,debt,savings,0.6,medium
europe should weaken its austerity measures to guarantee its citizens greater social support,debt,social support,0.5,medium
europe should weaken its austerity measures to guarantee its citizens greater social support,debt,sovereign debt,1.0,high
europe should weaken its austerity measures to guarantee its citizens greater social support,debt,spending,0.9,high
europe should weaken its austerity measures to guarantee its citizens greater social support,debt crisis,austerity measures,1.0,high
europe should weaken its austerity measures to guarantee its citizens greater social support,debt crisis,citizens,0.2,low
europe should weaken its austerity measures to guarantee its citizens greater social support,debt crisis,debt swap,1.0,high
europe should weaken its austerity measures to guarantee its citizens greater social support,debt crisis,esping andersen,0.2,low
europe should weaken its austerity measures to guarantee its citizens greater social support,debt crisis,europe,0.7,high
europe should weaken its austerity measures to guarantee its citizens greater social support,debt crisis,harsh austerity,1.0,high
europe should weaken its austerity measures to guarantee its citizens greater social support,debt crisis,private holders,0.4,medium
europe should weaken its austerity measures to guarantee its citizens greater social support,debt crisis,social support,0.7,high
europe should weaken its austerity measures to guarantee its citizens greater social support,debt crisis,sovereign default,0.9,high
europe should weaken its austerity measures to guarantee its citizens greater social support,debt crisis,troika,0.8,high
europe should weaken its austerity measures to guarantee its citizens greater social support,debt crisis,year bonds,0.2,low
europe should weaken its austerity measures to guarantee its citizens greater social support,debt level,austerity measures,0.9,high
europe should weaken its austerity measures to guarantee its citizens greater social support,debt level,budget,0.9,high
europe should weaken its austerity measures to guarantee its citizens greater social support,debt level,citizens,0.2,low
europe should weaken its austerity measures to guarantee its citizens greater social support,debt level,europe,0.5,medium
europe should weaken its austerity measures to guarantee its citizens greater social support,debt level,germany,0.2,low
europe should weaken its austerity measures to guarantee its citizens greater social support,debt level,loan,0.8,high
europe should weaken its austerity measures to guarantee its citizens greater social support,debt level,private sector,0.1,low
europe should weaken its austerity measures to guarantee its citizens greater social support,debt level,social support,0.7,high
europe should weaken its austerity measures to guarantee its citizens greater social support,debt level,sovereign debt,0.9,high
europe should weaken its austerity measures to guarantee its citizens greater social support,debt level,spending,0.7,high
europe should weaken its austerity measures to guarantee its citizens greater social support,debt level,year bonds,0.1,low
europe should weaken its austerity measures to guarantee its citizens greater social support,debt restructure agreement,austerity measures,0.7,high
europe should weaken its austerity measures to guarantee its citizens greater social support,debt restructure agreement,budget,0.3,low
europe should weaken its austerity measures to guarantee its citizens greater social support,debt restructure agreement,budget deficit,0.5,medium
europe should weaken its austerity measures to guarantee its citizens greater social support,debt restructure agreement,citizens,0.1,low
europe should weaken its austerity measures to guarantee its citizens greater social support,debt restructure agreement,debt swap,1.0,high
europe should weaken its austerity measures to guarantee its citizens greater social support,debt restructure agreement,economy,0.8,high
europe should weaken its austerity measures to guarantee its citizens greater social support,debt restructure agreement,esping andersen,0.0,low
europe should weaken its austerity measures to guarantee its citizens greater social support,debt restructure agreement,europe,0.2,low
europe should weaken its austerity measures to guarantee its citizens greater social support,debt restructure agreement,germany,0.5,medium
europe should weaken its austerity measures to guarantee its citizens greater social support,debt restructure agreement,harsh austerity,0.7,high
europe should weaken its austerity measures to guarantee its citizens greater social support,debt restructure agreement,private holders,0.3,low
europe should weaken its austerity measures to guarantee its citizens greater social support,debt restructure agreement,recession,0.5,medium
europe should weaken its austerity measures to guarantee its citizens greater social support,debt restructure agreement,social support,0.2,low
europe should weaken its austerity measures to guarantee its citizens greater social support,debt restructure agreement,sovereign debt,1.0,high
europe should weaken its austerity measures to guarantee its citizens greater social support,debt restructure agreement,sovereign default,0.8,high
europe should weaken its austerity measures to guarantee its citizens greater social support,debt restructure agreement,spending,0.3,low
europe should weaken its austerity measures to guarantee its citizens greater social support,debt restructure agreement,troika,0.6,medium
europe should weaken its austerity measures to guarantee its citizens greater social support,debt restructure agreement,year bonds,0.2,low
europe should weaken its austerity measures to guarantee its citizens greater social support,debt swap,austerity measures,0.4,medium
europe should weaken its austerity measures to guarantee its citizens greater social support,debt swap,citizens,0.2,low
europe should weaken its austerity measures to guarantee its citizens greater social support,debt swap,europe,0.4,medium
europe should weaken its austerity measures to guarantee its citizens greater social support,debt swap,social support,0.2,low
europe should weaken its austerity measures to guarantee its citizens greater social support,debts,austerity measures,1.0,high
europe should weaken its austerity measures to guarantee its citizens greater social support,debts,citizens,0.3,low
europe should weaken its austerity measures to guarantee its citizens greater social support,debts,europe,0.5,medium
europe should weaken its austerity measures to guarantee its citizens greater social support,debts,social support,0.4,medium
europe should weaken its austerity measures to guarantee its citizens greater social support,deficit,austerity measures,1.0,high
europe should weaken its austerity measures to guarantee its citizens greater social support,deficit,budget,0.9,high
europe should weaken its austerity measures to guarantee its citizens greater social support,deficit,citizens,0.2,low
europe should weaken its austerity measures to guarantee its citizens greater social support,deficit,europe,0.5,medium
europe should weaken its austerity measures to guarantee its citizens greater social support,deficit,private sector,0.3,low
europe should weaken its austerity measures to guarantee its citizens greater social support,deficit,recession,0.8,high
europe should weaken its austerity measures to guarantee its citizens greater social support,deficit,social support,0.5,medium
europe should weaken its austerity measures to guarantee its citizens greater social support,deficit,sovereign debt,0.9,high
europe should weaken its austerity measures to guarantee its citizens greater social support,deficit,year bonds,0.5,medium
europe should weaken its austerity measures to guarantee its citizens greater social support,deficit spending,austerity measures,0.9,high
europe should weaken its austerity measures to guarantee its citizens greater social support,deficit spending,budget,1.0,high
europe should weaken its austerity measures to guarantee its citizens greater social support,deficit spending,citizens,0.2,low
europe should weaken its austerity measures to guarantee its citizens greater social support,deficit spending,debt swap,0.3,low
europe should weaken its austerity measures to guarantee its citizens greater social support,deficit spending,debts,0.8,high
europe should weaken its austerity measures to guarantee its citizens greater social support,deficit spending,europe,0.4,medium
europe should weaken its austerity measures to guarantee its citizens greater social support,deficit spending,savings,0.7,high
europe should weaken its austerity measures to guarantee its citizens greater social support,deficit spending,social support,0.5,medium
europe should weaken its austerity measures to guarantee its citizens greater social support,deficit spending,spending,1.0,high
europe should weaken its austerity measures to guarantee its citizens greater social support,deficit spending,troika,0.2,low
europe should weaken its austerity measures to guarantee its citizens greater social support,deficit spending,year bonds,0.2,low
europe should weaken its austerity measures to guarantee its citizens greater social support,economy,austerity measures,1.0,high
europe should weaken its austerity measures to guarantee its citizens greater social support,economy,citizens,0.3,low
europe should weaken its austerity measures to guarantee its citizens greater social support,economy,europe,0.5,medium
europe should weaken its austerity measures to guarantee its citizens greater social support,economy,social support,0.7,high
europe should weaken its austerity measures to guarantee its citizens greater social support,esping andersen,austerity measures,0.3,low
europe should weaken its austerity measures to guarantee its citizens greater social support,esping andersen,citizens,0.2,low
europe should weaken its austerity measures to guarantee its citizens greater social support,esping andersen,europe,0.4,medium
europe should weaken its austerity measures to guarantee its citizens greater social support,esping andersen,social support,0.9,high
europe should weaken its austerity measures to guarantee its citizens greater social support,european central bank,austerity measures,0.6,medium
europe should weaken its austerity measures to guarantee its citizens greater social support,european central bank,budget,0.5,medium
europe should weaken its austerity measures to guarantee its citizens greater social support,european central bank,citizens,0.2,low
europe should weaken its austerity measures to guarantee its citizens greater social support,european central bank,debts,0.7,high
europe should weaken its austerity measures to guarantee its citizens greater social support,european central bank,esping andersen,0.1,low
europe should weaken its austerity measures to guarantee its citizens greater social support,european central bank,europe,1.0,high
europe should weaken its austerity measures to guarantee its citizens greater social support,european central bank,harsh austerity,0.2,low
europe should weaken its austerity measures to guarantee its citizens greater social support,european central bank,loan,0.8,high
europe should weaken its austerity measures to guarantee its citizens greater social support,european central bank,private holders,0.1,low
europe should weaken its austerity measures to guarantee its citizens greater social support,european central bank,social support,0.3,low
europe should weaken its austerity measures to guarantee its citizens greater social support,european central bank,year bonds,0.2,low
europe should weaken its austerity measures to guarantee its citizens greater social support,eurozone,austerity measures,0.4,medium
europe should weaken its austerity measures to guarantee its citizens greater social support,eurozone,budget deficit,0.5,medium
europe should weaken its austerity measures to guarantee its citizens greater social support,eurozone,citizens,0.5,medium
europe should weaken its austerity measures to guarantee its citizens greater social support,eurozone,debts,0.7,high
europe should weaken its austerity measures to guarantee its citizens greater social support,eurozone,europe,1.0,high
europe should weaken its austerity measures to guarantee its citizens greater social support,eurozone,germany,0.9,high
europe should weaken its austerity measures to guarantee its citizens greater social support,eurozone,loan,0.2,low
europe should weaken its austerity measures to guarantee its citizens greater social support,eurozone,recession,0.5,medium
europe should weaken its austerity measures to guarantee its citizens greater social support,eurozone,savings,0.3,low
europe should weaken its austerity measures to guarantee its citizens greater social support,eurozone,social support,0.3,low
europe should weaken its austerity measures to guarantee its citizens greater social support,eurozone,sovereign debt,0.3,low
europe should weaken its austerity measures to guarantee its citizens greater social support,eurozone,spending,0.2,low
europe should weaken its austerity measures to guarantee its citizens greater social support,eurozone,troika,0.6,medium
europe should weaken its austerity measures to guarantee its citizens greater social support,eurozone,year bonds,0.3,low
europe should weaken its austerity measures to guarantee its citizens greater social support,gdp,austerity measures,0.6,medium
europe should weaken its austerity measures to guarantee its citizens greater social support,gdp,budget,0.8,high
europe should weaken its austerity measures to guarantee its citizens greater social support,gdp,citizens,0.3,low
europe should weaken its austerity measures to guarantee its citizens greater social support,gdp,economy,0.9,high
europe should weaken its austerity measures to guarantee its citizens greater social support,gdp,esping andersen,0.2,low
europe should weaken its austerity measures to guarantee its citizens greater social support,gdp,europe,0.3,low
europe should weaken its austerity measures to guarantee its citizens greater social support,gdp,germany,0.5,medium
europe should weaken its austerity measures to guarantee its citizens greater social support,gdp,loan,0.2,low
europe should weaken its austerity measures to guarantee its citizens greater social support,gdp,private,0.1,low
europe should weaken its austerity measures to guarantee its citizens greater social support,gdp,recession,0.5,medium
europe should weaken its austerity measures to guarantee its citizens greater social support,gdp,savings,0.3,low
europe should weaken its austerity measures to guarantee its citizens greater social support,gdp,social support,0.3,low
europe should weaken its austerity measures to guarantee its citizens greater social support,gdp,sovereign debt,0.5,medium
europe should weaken its austerity measures to guarantee its citizens greater social support,gdp,spending,0.5,medium
europe should weaken its austerity measures to guarantee its citizens greater social support,gdp,troika,0.2,low
europe should weaken its austerity measures to guarantee its citizens greater social support,gdp,year bonds,0.3,low
europe should weaken its austerity measures to guarantee its citizens greater social support,gdp growth rates,austerity measures,0.8,high
europe should weaken its austerity measures to guarantee its citizens greater social support,gdp growth rates,citizens,0.3,low
europe should weaken its austerity measures to guarantee its citizens greater social support,gdp growth rates,debts,0.5,medium
europe should weaken its austerity measures to guarantee its citizens greater social support,gdp growth rates,economy,0.9,high
europe should weaken its austerity measures to guarantee its citizens greater social support,gdp growth rates,esping andersen,0.1,low
europe should weaken its austerity measures to guarantee its citizens greater social support,gdp growth rates,europe,0.6,medium
europe should weaken its austerity measures to guarantee its citizens greater social support,gdp growth rates,recession,0.8,high
europe should weaken its austerity measures to guarantee its citizens greater social support,gdp growth rates,social support,0.1,low
europe should weaken its austerity measures to guarantee its citizens greater social support,gdp growth rates,sovereign default,0.2,low
europe should weaken its austerity measures to guarantee its citizens greater social support,gdp growth rates,year bonds,0.2,low
europe should weaken its austerity measures to guarantee its citizens greater social support,germany,austerity measures,0.4,medium
europe should weaken its austerity measures to guarantee its citizens greater social support,germany,citizens,0.5,medium
europe should weaken its austerity measures to guarantee its citizens greater social support,germany,europe,0.9,high
europe should weaken its austerity measures to guarantee its citizens greater social support,germany,social support,0.5,medium
europe should weaken its austerity measures to guarantee its citizens greater social support,government deficit,austerity measures,1.0,high
europe should weaken its austerity measures to guarantee its citizens greater social support,government deficit,citizens,0.3,low
europe should weaken its austerity measures to guarantee its citizens greater social support,government deficit,europe,0.6,medium
europe should weaken its austerity measures to guarantee its citizens greater social support,government deficit,social support,0.5,medium
europe should weaken its austerity measures to guarantee its citizens greater social support,greece,austerity measures,0.7,high
europe should weaken its austerity measures to guarantee its citizens greater social support,greece,budget,0.4,medium
europe should weaken its austerity measures to guarantee its citizens greater social support,greece,citizens,0.2,low
europe should weaken its austerity measures to guarantee its citizens greater social support,greece,europe,0.9,high
europe should weaken its austerity measures to guarantee its citizens greater social support,greece,private holders,0.1,low
europe should weaken its austerity measures to guarantee its citizens greater social support,greece,private sector,0.0,low
europe should weaken its austerity measures to guarantee its citizens greater social support,greece,recession,0.7,high
europe should weaken its austerity measures to guarantee its citizens greater social support,greece,social support,0.3,low
europe should weaken its austerity measures to guarantee its citizens greater social support,greece,sovereign default,0.8,high
europe should weaken its austerity measures to guarantee its citizens greater social support,greek,austerity measures,0.7,high
europe should weaken its austerity measures to guarantee its citizens greater social support,greek,budget,0.5,medium
europe should weaken its austerity measures to guarantee its citizens greater social support,greek,citizens,0.2,low
europe should weaken its austerity measures to guarantee its citizens greater social support,greek,debts,0.8,high
europe should weaken its austerity measures to guarantee its citizens greater social support,greek,esping andersen,0.1,low
europe should weaken its austerity measures to guarantee its citizens greater social support,greek,europe,0.8,high
europe should weaken its austerity measures to guarantee its citizens greater social support,greek,germany,0.5,medium
europe should weaken its austerity measures to guarantee its citizens greater social support,greek,private holders,0.1,low
europe should weaken its austerity measures to guarantee its citizens greater social support,greek,private sector,0.2,low
europe should weaken its austerity measures to guarantee its citizens greater social support,greek,social support,0.2,low
europe should weaken its austerity measures to guarantee its citizens greater social support,greek,sovereign debt,0.7,high
europe should weaken its austerity measures to guarantee its citizens greater social support,greek debt,austerity measures,1.0,high
europe should weaken its austerity measures to guarantee its citizens greater social support,greek debt,citizens,0.2,low
europe should weaken its austerity measures to guarantee its citizens greater social support,greek debt,debt swap,0.9,high
europe should weaken its austerity measures to guarantee its citizens greater social support,greek debt,esping andersen,0.1,low
europe should weaken its austerity measures to guarantee its citizens greater social support,greek debt,europe,0.9,high
europe should weaken its austerity measures to guarantee its citizens greater social support,greek debt,harsh austerity,0.9,high
europe should weaken its austerity measures to guarantee its citizens greater social support,greek debt,private,0.2,low
europe should weaken its austerity measures to guarantee its citizens greater social support,greek debt,private holders,0.3,low
europe should weaken its austerity measures to guarantee its citizens greater social support,greek debt,social support,0.5,medium
europe should weaken its austerity measures to guarantee its citizens greater social support,greek debt,sovereign default,0.9,high
europe should weaken its austerity measures to guarantee its citizens greater social support,greek government,austerity measures,1.0,high
europe should weaken its austerity measures to guarantee its citizens greater social support,greek government,citizens,0.5,medium
europe should weaken its austerity measures to guarantee its citizens greater social support,greek government,esping andersen,0.0,low
europe should weaken its austerity measures to guarantee its citizens greater social support,greek government,europe,0.9,high
europe should weaken its austerity measures to guarantee its citizens greater social support,greek government,germany,0.5,medium
europe should weaken its austerity measures to guarantee its citizens greater social support,greek government,loan,0.7,high
europe should weaken its austerity measures to guarantee its citizens greater social support,greek government,private holders,0.1,low
europe should weaken its austerity measures to guarantee its citizens greater social support,greek government,savings,0.4,medium
europe should weaken its austerity measures to guarantee its citizens greater social support,greek government,social support,0.6,medium
europe should weaken its austerity measures to guarantee its citizens greater social support,greek government,sovereign debt,0.7,high
europe should weaken its austerity measures to guarantee its citizens greater social support,greek government,sovereign default,0.9,high
europe should weaken its austerity measures to guarantee its citizens greater social support,greek government bonds,austerity measures,0.6,medium
europe should weaken its austerity measures to guarantee its citizens greater social support,greek government bonds,citizens,0.3,low
europe should weaken its austerity measures to guarantee its citizens greater social support,greek government bonds,debt swap,0.4,medium
europe should weaken its austerity measures to guarantee its citizens greater social support,greek government bonds,debts,0.8,high
europe should weaken its austerity measures to guarantee its citizens greater social support,greek government bonds,europe,0.8,high
europe should weaken its austerity measures to guarantee its citizens greater social support,greek government bonds,germany,0.2,low
europe should weaken its austerity measures to guarantee its citizens greater social support,greek government bonds,private,0.2,low
europe should weaken its austerity measures to guarantee its citizens greater social support,greek government bonds,recession,0.4,medium
europe should weaken its austerity measures to guarantee its citizens greater social support,greek government bonds,social support,0.3,low
europe should weaken its austerity measures to guarantee its citizens greater social support,greek government bonds,spending,0.2,low
europe should weaken its austerity measures to guarantee its citizens greater social support,greek government bonds,year bonds,0.7,high
europe should weaken its austerity measures to guarantee its citizens greater social support,greek government debt,austerity measures,1.0,high
europe should weaken its austerity measures to guarantee its citizens greater social support,greek government debt,budget,0.8,high
europe should weaken its austerity measures to guarantee its citizens greater social support,greek government debt,citizens,0.3,low
europe should weaken its austerity measures to guarantee its citizens greater social support,greek government debt,economy,0.9,high
europe should weaken its austerity measures to guarantee its citizens greater social support,greek government debt,esping andersen,0.1,low
europe should weaken its austerity measures to guarantee its citizens greater social support,greek government debt,europe,0.9,high
europe should weaken its austerity measures to guarantee its citizens greater social support,greek government debt,social support,0.7,high
europe should weaken its austerity measures to guarantee its citizens greater social support,greek government debt,spending,0.6,medium
europe should weaken its austerity measures to guarantee its citizens greater social support,greek government debt,year bonds,0.5,medium
europe should weaken its austerity measures to guarantee its citizens greater social support,greek governmental bonds,austerity measures,0.7,high
europe should weaken its austerity measures to guarantee its citizens greater social support,greek governmental bonds,budget deficit,0.6,medium
europe should weaken its austerity measures to guarantee its citizens greater social support,greek governmental bonds,citizens,0.3,low
europe should weaken its austerity measures to guarantee its citizens greater social support,greek governmental bonds,economy,0.8,high
europe should weaken its austerity measures to guarantee its citizens greater social support,greek governmental bonds,europe,0.8,high
europe should weaken its austerity measures to guarantee its citizens greater social support,greek governmental bonds,government deficit,0.9,high
europe should weaken its austerity measures to guarantee its citizens greater social support,greek governmental bonds,harsh austerity,0.6,medium
europe should weaken its austerity measures to guarantee its citizens greater social support,greek governmental bonds,loan,0.5,medium
europe should weaken its austerity measures to guarantee its citizens greater social support,greek governmental bonds,recession,0.4,medium
europe should weaken its austerity measures to guarantee its citizens greater social support,greek governmental bonds,savings,0.3,low
europe should weaken its austerity measures to guarantee its citizens greater social support,greek governmental bonds,social support,0.2,low
europe should weaken its austerity measures to guarantee its citizens greater social support,greek governmental bonds,sovereign default,0.6,medium
europe should weaken its austerity measures to guarantee its citizens greater social support,greek governmental bonds,troika,0.5,medium
europe should weaken its austerity measures to guarantee its citizens greater social support,greek governmental bonds,year bonds,0.7,high
europe should weaken its austerity measures to guarantee its citizens greater social support,harsh austerity,austerity measures,1.0,high
europe should weaken its austerity measures to guarantee its citizens greater social support,harsh austerity,citizens,0.7,high
europe should weaken its austerity measures to guarantee its citizens greater social support,harsh austerity,europe,0.5,medium
europe should weaken its austerity measures to guarantee its citizens greater social support,harsh austerity,social support,0.9,high
europe should weaken its austerity measures to guarantee its citizens greater social support,imf,austerity measures,0.7,high
europe should weaken its austerity measures to guarantee its citizens greater social support,imf,budget,0.4,medium
europe should weaken its austerity measures to guarantee its citizens greater social support,imf,citizens,0.1,low
europe should weaken its austerity measures to guarantee its citizens greater social support,imf,debts,0.4,medium
europe should weaken its austerity measures to guarantee its citizens greater social support,imf,esping andersen,0.1,low
europe should weaken its austerity measures to guarantee its citizens greater social support,imf,europe,0.5,medium
europe should weaken its austerity measures to guarantee its citizens greater social support,imf,government deficit,0.6,medium
europe should weaken its austerity measures to guarantee its citizens greater social support,imf,private sector,0.2,low
europe should weaken its austerity measures to guarantee its citizens greater social support,imf,savings,0.3,low
europe should weaken its austerity measures to guarantee its citizens greater social support,imf,social support,0.2,low
europe should weaken its austerity measures to guarantee its citizens greater social support,imf,sovereign default,0.7,high
europe should weaken its austerity measures to guarantee its citizens greater social support,loan,austerity measures,0.5,medium
europe should weaken its austerity measures to guarantee its citizens greater social support,loan,citizens,0.2,low
europe should weaken its austerity measures to guarantee its citizens greater social support,loan,europe,0.2,low
europe should weaken its austerity measures to guarantee its citizens greater social support,loan,social support,0.2,low
europe should weaken its austerity measures to guarantee its citizens greater social support,minister of finance,austerity measures,0.9,high
europe should weaken its austerity measures to guarantee its citizens greater social support,minister of finance,budget deficit,0.8,high
europe should weaken its austerity measures to guarantee its citizens greater social support,minister of finance,citizens,0.1,low
europe should weaken its austerity measures to guarantee its citizens greater social support,minister of finance,debt swap,0.3,low
europe should weaken its austerity measures to guarantee its citizens greater social support,minister of finance,economy,0.8,high
europe should weaken its austerity measures to guarantee its citizens greater social support,minister of finance,europe,0.3,low
europe should weaken its austerity measures to guarantee its citizens greater social support,minister of finance,germany,0.4,medium
europe should weaken its austerity measures to guarantee its citizens greater social support,minister of finance,government deficit,0.8,high
europe should weaken its austerity measures to guarantee its citizens greater social support,minister of finance,loan,0.2,low
europe should weaken its austerity measures to guarantee its citizens greater social support,minister of finance,private holders,0.2,low
europe should weaken its austerity measures to guarantee its citizens greater social support,minister of finance,savings,0.3,low
europe should weaken its austerity measures to guarantee its citizens greater social support,minister of finance,social support,0.4,medium
europe should weaken its austerity measures to guarantee its citizens greater social support,minister of finance,sovereign default,0.6,medium
europe should weaken its austerity measures to guarantee its citizens greater social support,minister of finance,spending,0.6,medium
europe should weaken its austerity measures to guarantee its citizens greater social support,orderly default,austerity measures,0.7,high
europe should weaken its austerity measures to guarantee its citizens greater social support,orderly default,citizens,0.0,low
europe should weaken its austerity measures to guarantee its citizens greater social support,orderly default,debt swap,0.6,medium
europe should weaken its austerity measures to guarantee its citizens greater social support,orderly default,debts,0.8,high
europe should weaken its austerity measures to guarantee its citizens greater social support,orderly default,europe,0.0,low
europe should weaken its austerity measures to guarantee its citizens greater social support,orderly default,germany,0.2,low
europe should weaken its austerity measures to guarantee its citizens greater social support,orderly default,harsh austerity,0.7,high
europe should weaken its austerity measures to guarantee its citizens greater social support,orderly default,private sector,0.1,low
europe should weaken its austerity measures to guarantee its citizens greater social support,orderly default,social support,0.1,low
europe should weaken its austerity measures to guarantee its citizens greater social support,orderly default,spending,0.2,low
europe should weaken its austerity measures to guarantee its citizens greater social support,orderly default,troika,0.5,medium
europe should weaken its austerity measures to guarantee its citizens greater social support,package,austerity measures,0.3,low
europe should weaken its austerity measures to guarantee its citizens greater social support,package,budget,0.1,low
europe should weaken its austerity measures to guarantee its citizens greater social support,package,budget deficit,0.1,low
europe should weaken its austerity measures to guarantee its citizens greater social support,package,citizens,0.0,low
europe should weaken its austerity measures to guarantee its citizens greater social support,package,debts,0.2,low
europe should weaken its austerity measures to guarantee its citizens greater social support,package,economy,0.3,low
europe should weaken its austerity measures to guarantee its citizens greater social support,package,esping andersen,0.0,low
europe should weaken its austerity measures to guarantee its citizens greater social support,package,europe,0.0,low
europe should weaken its austerity measures to guarantee its citizens greater social support,package,germany,0.1,low
europe should weaken its austerity measures to guarantee its citizens greater social support,package,loan,0.3,low
europe should weaken its austerity measures to guarantee its citizens greater social support,package,private holders,0.1,low
europe should weaken its austerity measures to guarantee its citizens greater social support,package,private sector,0.0,low
europe should weaken its austerity measures to guarantee its citizens greater social support,package,recession,0.0,low
europe should weaken its austerity measures to guarantee its citizens greater social support,package,savings,0.1,low
europe should weaken its austerity measures to guarantee its citizens greater social support,package,social support,0.2,low
europe should weaken its austerity measures to guarantee its citizens greater social support,package,year bonds,0.0,low
europe should weaken its austerity measures to guarantee its citizens greater social support,paradox of thrift,austerity measures,0.7,high
europe should weaken its austerity measures to guarantee its citizens greater social support,paradox of thrift,citizens,0.4,medium
europe should weaken its austerity measures to guarantee its citizens greater social support,paradox of thrift,debts,0.3,low
europe should weaken its austerity measures to guarantee its citizens greater social support,paradox of thrift,economy,0.7,high
europe should weaken its austerity measures to guarantee its citizens greater social support,paradox of thrift,esping andersen,0.2,low
europe should weaken its austerity measures to guarantee its citizens greater social support,paradox of thrift,europe,0.0,low
europe should weaken its austerity measures to guarantee its citizens greater social support,paradox of thrift,government deficit,0.5,medium
europe should weaken its austerity measures to guarantee its citizens greater social support,paradox of thrift,loan,0.2,low
europe should weaken its austerity measures to guarantee its citizens greater social support,paradox of thrift,private holders,0.4,medium
europe should weaken its austerity measures to guarantee its citizens greater social support,paradox of thrift,recession,0.9,high
europe should weaken its austerity measures to guarantee its citizens greater social support,paradox of thrift,savings,0.9,high
europe should weaken its austerity measures to guarantee its citizens greater social support,paradox of thrift,social support,0.4,medium
europe should weaken its austerity measures to guarantee its citizens greater social support,paradox of thrift,troika,0.0,low
europe should weaken its austerity measures to guarantee its citizens greater social support,private,austerity measures,0.0,low
europe should weaken its austerity measures to guarantee its citizens greater social support,private,citizens,0.2,low
europe should weaken its austerity measures to guarantee its citizens greater social support,private,europe,0.0,low
europe should weaken its austerity measures to guarantee its citizens greater social support,private,social support,0.1,low
europe should weaken its austerity measures to guarantee its citizens greater social support,private capital markets,austerity measures,0.3,low
europe should weaken its austerity measures to guarantee its citizens greater social support,private capital markets,citizens,0.2,low
europe should weaken its austerity measures to guarantee its citizens greater social support,private capital markets,debts,0.4,medium
europe should weaken its austerity measures to guarantee its citizens greater social support,private capital markets,europe,0.2,low
europe should weaken its austerity measures to guarantee its citizens greater social support,private capital markets,government deficit,0.4,medium
europe should weaken its austerity measures to guarantee its citizens greater social support,private capital markets,loan,0.4,medium
europe should weaken its austerity measures to guarantee its citizens greater social support,private capital markets,private holders,1.0,high
europe should weaken its austerity measures to guarantee its citizens greater social support,private capital markets,private sector,0.9,high
europe should weaken its austerity measures to guarantee its citizens greater social support,private capital markets,social support,0.1,low
europe should weaken its austerity measures to guarantee its citizens greater social support,private capital markets,troika,0.1,low
europe should weaken its austerity measures to guarantee its citizens greater social support,private capital markets,year bonds,0.3,low
europe should weaken its austerity measures to guarantee its citizens greater social support,private holders,austerity measures,0.0,low
europe should weaken its austerity measures to guarantee its citizens greater social support,private holders,citizens,0.1,low
europe should weaken its austerity measures to guarantee its citizens greater social support,private holders,europe,0.0,low
europe should weaken its austerity measures to guarantee its citizens greater social support,private holders,social support,0.1,low
europe should weaken its austerity measures to guarantee its citizens greater social support,private sector,austerity measures,0.1,low
europe should weaken its austerity measures to guarantee its citizens greater social support,private sector,citizens,0.6,medium
europe should weaken its austerity measures to guarantee its citizens greater social support,private sector,europe,0.1,low
europe should weaken its austerity measures to guarantee its citizens greater social support,private sector,social support,0.1,low
europe should weaken its austerity measures to guarantee its citizens greater social support,public debt,austerity measures,1.0,high
europe should weaken its austerity measures to guarantee its citizens greater social support,public debt,budget,0.8,high
europe should weaken its austerity measures to guarantee its citizens greater social support,public debt,citizens,0.5,medium
europe should weaken its austerity measures to guarantee its citizens greater social support,public debt,esping andersen,0.2,low
europe should weaken its austerity measures to guarantee its citizens greater social support,public debt,europe,0.4,medium
europe should weaken its austerity measures to guarantee its citizens greater social support,public debt,germany,0.5,medium
europe should weaken its austerity measures to guarantee its citizens greater social support,public debt,harsh austerity,0.8,high
europe should weaken its austerity measures to guarantee its citizens greater social support,public debt,social support,0.8,high
europe should weaken its austerity measures to guarantee its citizens greater social support,public debt,sovereign debt,1.0,high
europe should weaken its austerity measures to guarantee its citizens greater social support,public debt,spending,0.9,high
europe should weaken its austerity measures to guarantee its citizens greater social support,recession,austerity measures,0.8,high
europe should weaken its austerity measures to guarantee its citizens greater social support,recession,citizens,0.2,low
europe should weaken its austerity measures to guarantee its citizens greater social support,recession,europe,0.6,medium
europe should weaken its austerity measures to guarantee its citizens greater social support,recession,social support,0.6,medium
europe should weaken its austerity measures to guarantee its citizens greater social support,savings,austerity measures,0.7,high
europe should weaken its austerity measures to guarantee its citizens greater social support,savings,citizens,0.3,low
europe should weaken its austerity measures to guarantee its citizens greater social support,savings,europe,0.3,low
europe should weaken its austerity measures to guarantee its citizens greater social support,savings,social support,0.2,low
europe should weaken its austerity measures to guarantee its citizens greater social support,sovereign debt,austerity measures,0.7,high
europe should weaken its austerity measures to guarantee its citizens greater social support,sovereign debt,citizens,0.2,low
europe should weaken its austerity measures to guarantee its citizens greater social support,sovereign debt,europe,0.5,medium
europe should weaken its austerity measures to guarantee its citizens greater social support,sovereign debt,social support,0.4,medium
europe should weaken its austerity measures to guarantee its citizens greater social support,sovereign default,austerity measures,0.6,medium
europe should weaken its austerity measures to guarantee its citizens greater social support,sovereign default,citizens,0.2,low
europe should weaken its austerity measures to guarantee its citizens greater social support,sovereign default,europe,0.4,medium
europe should weaken its austerity measures to guarantee its citizens greater social support,sovereign default,social support,0.2,low
europe should weaken its austerity measures to guarantee its citizens greater social support,spending,austerity measures,0.8,high
europe should weaken its austerity measures to guarantee its citizens greater social support,spending,citizens,0.3,low
europe should weaken its austerity measures to guarantee its citizens greater social support,spending,europe,0.1,low
europe should weaken its austerity measures to guarantee its citizens greater social support,spending,social support,0.6,medium
europe should weaken its austerity measures to guarantee its citizens greater social support,troika,austerity measures,0.6,medium
europe should weaken its austerity measures to guarantee its citizens greater social support,troika,citizens,0.1,low
europe should weaken its austerity measures to guarantee its citizens greater social support,troika,europe,0.7,high
europe should weaken its austerity measures to guarantee its citizens greater social support,troika,social support,0.1,low
europe should weaken its austerity measures to guarantee its citizens greater social support,welfare state,austerity measures,0.8,high
europe should weaken its austerity measures to guarantee its citizens greater social support,welfare state,citizens,0.7,high
europe should weaken its austerity measures to guarantee its citizens greater social support,welfare state,debt swap,0.3,low
europe should weaken its austerity measures to guarantee its citizens greater social support,welfare state,debts,0.3,low
europe should weaken its austerity measures to guarantee its citizens greater social support,welfare state,europe,0.8,high
europe should weaken its austerity measures to guarantee its citizens greater social support,welfare state,germany,0.7,high
europe should weaken its austerity measures to guarantee its citizens greater social support,welfare state,government deficit,0.5,medium
europe should weaken its austerity measures to guarantee its citizens greater social support,welfare state,harsh austerity,0.4,medium
europe should weaken its austerity measures to guarantee its citizens greater social support,welfare state,private holders,0.0,low
europe should weaken its austerity measures to guarantee its citizens greater social support,welfare state,private sector,0.2,low
europe should weaken its austerity measures to guarantee its citizens greater social support,welfare state,recession,0.3,low
europe should weaken its austerity measures to guarantee its citizens greater social support,welfare state,social support,1.0,high
europe should weaken its austerity measures to guarantee its citizens greater social support,welfare state,sovereign debt,0.5,medium
europe should weaken its austerity measures to guarantee its citizens greater social support,welfare state,spending,0.5,medium
europe should weaken its austerity measures to guarantee its citizens greater social support,welfare state,troika,0.2,low
europe should weaken its austerity measures to guarantee its citizens greater social support,welfare state,year bonds,0.0,low
europe should weaken its austerity measures to guarantee its citizens greater social support,year bonds,austerity measures,0.1,low
europe should weaken its austerity measures to guarantee its citizens greater social support,year bonds,citizens,0.1,low
europe should weaken its austerity measures to guarantee its citizens greater social support,year bonds,europe,0.1,low
europe should weaken its austerity measures to guarantee its citizens greater social support,year bonds,social support,0.0,low
evolution has disproved creationism,acceptance of evolution,creationism,1.0,high
evolution has disproved creationism,acceptance of evolution,evolution,1.0,high
evolution has disproved creationism,acceptance of evolution,neo creationists,0.9,high
evolution has disproved creationism,acceptance of evolution,objection to evolution,1.0,high
evolution has disproved creationism,acceptance of evolution,origin,0.2,low
evolution has disproved creationism,acceptance of evolution,poll,0.0,low
evolution has disproved creationism,area school,creationism,0.0,low
evolution has disproved creationism,area school,evolution,0.0,low
evolution has disproved creationism,belief,creationism,0.7,high
evolution has disproved creationism,belief,evolution,0.3,low
evolution has disproved creationism,belief in creationism,creationism,1.0,high
evolution has disproved creationism,belief in creationism,evolution,0.9,high
evolution has disproved creationism,belief in evolution,creationism,1.0,high
evolution has disproved creationism,belief in evolution,evolution,1.0,high
evolution has disproved creationism,controversy,creationism,0.3,low
evolution has disproved creationism,controversy,evolution,0.4,medium
evolution has disproved creationism,creation,creationism,1.0,high
evolution has disproved creationism,creation,creationists claim,0.9,high
evolution has disproved creationism,creation,dover area school,0.1,low
evolution has disproved creationism,creation,evolution,0.9,high
evolution has disproved creationism,creation,fossil record,0.4,medium
evolution has disproved creationism,creation,fossils,0.3,low
evolution has disproved creationism,creation,geological,0.0,low
evolution has disproved creationism,creation,macroevolution,0.6,medium
evolution has disproved creationism,creation,modern evolutionary synthesis,0.7,high
evolution has disproved creationism,creation evolution controversy,area school,0.0,low
evolution has disproved creationism,creation evolution controversy,belief,0.6,medium
evolution has disproved creationism,creation evolution controversy,creationism,1.0,high
evolution has disproved creationism,creation evolution controversy,creationist organizations,0.9,high
evolution has disproved creationism,creation evolution controversy,evolution,1.0,high
evolution has disproved creationism,creation evolution controversy,macroevolution,0.8,high
evolution has disproved creationism,creation science,area school,0.0,low
evolution has disproved creationism,creation science,belief in evolution,1.0,high
evolution has disproved creationism,creation science,controversy,0.3,low
evolution has disproved creationism,creation science,creationism,0.9,high
evolution has disproved creationism,creation science,dover area school,0.5,medium
evolution has disproved creationism,creation science,evolution,1.0,high
evolution has disproved creationism,creation science,literal interpretation,0.3,low
evolution has disproved creationism,creation science,selection,0.1,low
evolution has disproved creationism,creationism,controversy,0.3,low
evolution has disproved creationism,creationism,creationism,1.0,high
evolution has disproved creationism,creationism,dover area school,0.5,medium
evolution has disproved creationism,creationism,evolution,1.0,high
evolution has disproved creationism,creationism,evolution and religion,1.0,high
evolution has disproved creationism,creationism,poll,0.0,low
evolution has disproved creationism,creationism,ussher chronology,1.0,high
evolution has disproved creationism,creationist,creationism,1.0,high
evolution has disproved creationism,creationist,earth creationism,1.0,high
evolution has disproved creationism,creationist,evolution,1.0,high
evolution has disproved creationism,creationist,life,0.5,medium
evolution has disproved creationism,creationist,objection to evolution,1.0,high
evolution has disproved creationism,creationist organizations,creationism,1.0,high
evolution has disproved creationism,creationist organizations,evolution,0.9,high
evolution has disproved creationism,creationists,area school,0.0,low
evolution has disproved creationism,creationists,belief in creationism,1.0,high
evolution has disproved creationism,creationists,creationism,1.0,high
evolution has disproved creationism,creationists,life,0.2,low
evolution has disproved creationism,creationists claim,creationism,1.0,high
evolution has disproved creationism,creationists claim,evolution,0.7,high
evolution has disproved creationism,darwin's theory,creationism,1.0,high
evolution has disproved creationism,darwin's theory,evolution,1.0,high
evolution has disproved creationism,discovery institute,controversy,0.1,low
evolution has disproved creationism,discovery institute,creationism,1.0,high
evolution has disproved creationism,discovery institute,darwin's theory,0.8,high
evolution has disproved creationism,discovery institute,evidence for evolution,0.6,medium
evolution has disproved creationism,discovery institute,evolution,0.8,high
evolution has disproved creationism,discovery institute,literal interpretation,0.1,low
evolution has disproved creationism,discovery institute,poll,0.0,low
evolution has disproved creationism,discovery institute,science classrooms,0.5,medium
evolution has disproved creationism,discovery institute,ussher chronology,0.5,medium
evolution has disproved creationism,diversity of life,creationism,0.4,medium
evolution has disproved creationism,diversity of life,evolution,0.8,high
evolution has disproved creationism,dover area school,creationism,0.5,medium
evolution has disproved creationism,dover area school,evolution,0.3,low
evolution has disproved creationism,earth,creationism,0.2,low
evolution has disproved creationism,earth,dover area school,0.0,low
evolution has disproved creationism,earth,evolution,0.2,low
evolution has disproved creationism,earth,objection to evolution,0.0,low
evolution has disproved creationism,earth creationism,creationism,1.0,high
evolution has disproved creationism,earth creationism,evolution,1.0,high
evolution has disproved creationism,edwards v aguillard,creationism,1.0,high
evolution has disproved creationism,edwards v aguillard,diversity of life,0.3,low
evolution has disproved creationism,edwards v aguillard,evolution,0.9,high
evolution has disproved creationism,edwards v aguillard,literal interpretation,0.3,low
evolution has disproved creationism,edwards v aguillard,modern evolutionary synthesis,0.6,medium
evolution has disproved creationism,evidence for evolution,creationism,1.0,high
evolution has disproved creationism,evidence for evolution,evolution,1.0,high
evolution has disproved creationism,evolution,creationism,1.0,high
evolution has disproved creationism,evolution,creationist organizations,1.0,high
evolution has disproved creationism,evolution,creationists claim,0.7,high
evolution has disproved creationism,evolution,darwin's theory,1.0,high
evolution has disproved creationism,evolution,evolution,1.0,high
evolution has disproved creationism,evolution,natural,0.6,medium
evolution has disproved creationism,evolution and religion,creationism,1.0,high
evolution has disproved creationism,evolution and religion,evolution,1.0,high
evolution has disproved creationism,evolutionary,area school,0.0,low
evolution has disproved creationism,evolutionary,creationism,0.8,high
evolution has disproved creationism,evolutionary,darwin's theory,1.0,high
evolution has disproved creationism,evolutionary,dover area school,0.2,low
evolution has disproved creationism,evolutionary,earth creationism,0.9,high
evolution has disproved creationism,evolutionary,evolution,0.9,high
evolution has disproved creationism,evolutionary,neo creationists,0.7,high
evolution has disproved creationism,evolutionary theory,area school,0.0,low
evolution has disproved creationism,evolutionary theory,creationism,1.0,high
evolution has disproved creationism,evolutionary theory,earth creationism,1.0,high
evolution has disproved creationism,evolutionary theory,evolution,1.0,high
evolution has disproved creationism,evolutionary theory,objection to evolution,1.0,high
evolution has disproved creationism,evolutionary theory,origin,0.2,low
evolution has disproved creationism,evolutionary theory,science classrooms,0.8,high
evolution has disproved creationism,fossil record,creationism,0.6,medium
evolution has disproved creationism,fossil record,evolution,0.9,high
evolution has disproved creationism,fossils,creationism,0.2,low
evolution has disproved creationism,fossils,evolution,0.8,high
evolution has disproved creationism,genesis creation narrative,belief,0.9,high
evolution has disproved creationism,genesis creation narrative,creationism,1.0,high
evolution has disproved creationism,genesis creation narrative,evolution,1.0,high
evolution has disproved creationism,genesis creation narrative,geological,0.0,low
evolution has disproved creationism,genesis creation narrative,life,0.6,medium
evolution has disproved creationism,genesis creation narrative,modern evolutionary synthesis,1.0,high
evolution has disproved creationism,genesis creation narrative,public school science,0.5,medium
evolution has disproved creationism,geological,creationism,0.1,low
evolution has disproved creationism,geological,evolution,0.1,low
evolution has disproved creationism,intelligent,area school,0.0,low
evolution has disproved creationism,intelligent,belief in evolution,0.1,low
evolution has disproved creationism,intelligent,creationism,0.1,low
evolution has disproved creationism,intelligent,evolution,0.0,low
evolution has disproved creationism,intelligent,neo creationists,0.1,low
evolution has disproved creationism,intelligent design,creationism,1.0,high
evolution has disproved creationism,intelligent design,darwin's theory,0.9,high
evolution has disproved creationism,intelligent design,evidence for evolution,1.0,high
evolution has disproved creationism,intelligent design,evolution,1.0,high
evolution has disproved creationism,intelligent design,life,0.6,medium
evolution has disproved creationism,intelligent design,macroevolution,0.9,high
evolution has disproved creationism,intelligent design,origin of life,1.0,high
evolution has disproved creationism,intelligent design,ussher chronology,0.8,high
evolution has disproved creationism,intelligent design movement,belief in evolution,1.0,high
evolution has disproved creationism,intelligent design movement,creationism,1.0,high
evolution has disproved creationism,intelligent design movement,evolution,0.9,high
evolution has disproved creationism,intelligent design movement,science classrooms,0.5,medium
evolution has disproved creationism,intelligent design movement,ussher chronology,0.9,high
evolution has disproved creationism,life,creationism,0.5,medium
evolution has disproved creationism,life,evolution,0.5,medium
evolution has disproved creationism,life on earth,creationism,0.9,high
evolution has disproved creationism,life on earth,evolution,0.8,high
evolution has disproved creationism,life on earth,fossil record,0.8,high
evolution has disproved creationism,life on earth,natural,0.1,low
evolution has disproved creationism,literal interpretation,creationism,0.4,medium
evolution has disproved creationism,literal interpretation,evolution,0.0,low
evolution has disproved creationism,macroevolution,creationism,1.0,high
evolution has disproved creationism,macroevolution,evolution,1.0,high
evolution has disproved creationism,modern evolutionary synthesis,creationism,0.9,high
evolution has disproved creationism,modern evolutionary synthesis,evolution,1.0,high
evolution has disproved creationism,natural,creationism,0.0,low
evolution has disproved creationism,natural,evolution,0.5,medium
evolution has disproved creationism,natural selection,creationism,1.0,high
evolution has disproved creationism,natural selection,evolution,1.0,high
evolution has disproved creationism,natural selection,origin,0.0,low
evolution has disproved creationism,natural selection,selection,0.8,high
evolution has disproved creationism,neo creationists,creationism,1.0,high
evolution has disproved creationism,neo creationists,evolution,1.0,high
evolution has disproved creationism,objection to evolution,creationism,1.0,high
evolution has disproved creationism,objection to evolution,evolution,1.0,high
evolution has disproved creationism,origin,creationism,0.3,low
evolution has disproved creationism,origin,evolution,0.4,medium
evolution has disproved creationism,origin of life,creationism,1.0,high
evolution has disproved creationism,origin of life,evolution,0.7,high
evolution has disproved creationism,poll,creationism,0.0,low
evolution has disproved creationism,poll,evolution,0.0,low
evolution has disproved creationism,public school science,creationism,0.6,medium
evolution has disproved creationism,public school science,evolution,0.5,medium
evolution has disproved creationism,science,creationism,0.7,high
evolution has disproved creationism,science,diversity of life,0.3,low
evolution has disproved creationism,science,earth creationism,0.4,medium
evolution has disproved creationism,science,evolution,0.9,high
evolution has disproved creationism,science classes,creationism,0.5,medium
evolution has disproved creationism,science classes,earth creationism,0.5,medium
evolution has disproved creationism,science classes,evolution,0.7,high
evolution has disproved creationism,science classes,literal interpretation,0.1,low
evolution has disproved creationism,science classes,selection,0.0,low
evolution has disproved creationism,science classrooms,creationism,0.3,low
evolution has disproved creationism,science classrooms,evolution,0.6,medium
evolution has disproved creationism,scientific,creationism,0.8,high
evolution has disproved creationism,scientific,creationists claim,0.7,high
evolution has disproved creationism,scientific,evolution,0.6,medium
evolution has disproved creationism,scientific,fossils,0.4,medium
evolution has disproved creationism,scientific community,creationism,0.7,high
evolution has disproved creationism,scientific community,evolution,0.9,high
evolution has disproved creationism,scientific community,origin of life,0.4,medium
evolution has disproved creationism,scientific community,public school science,0.3,low
evolution has disproved creationism,scientific theory,area school,0.0,low
evolution has disproved creationism,scientific theory,belief in creationism,0.8,high
evolution has disproved creationism,scientific theory,controversy,0.1,low
evolution has disproved creationism,scientific theory,creationism,0.9,high
evolution has disproved creationism,scientific theory,earth creationism,0.8,high
evolution has disproved creationism,scientific theory,evidence for evolution,0.6,medium
evolution has disproved creationism,scientific theory,evolution,1.0,high
evolution has disproved creationism,scientific theory,life,0.0,low
evolution has disproved creationism,scientific theory,macroevolution,0.9,high
evolution has disproved creationism,selection,creationism,0.1,low
evolution has disproved creationism,selection,evolution,0.7,high
evolution has disproved creationism,supporters of evolution,creationism,0.9,high
evolution has disproved creationism,supporters of evolution,evolution,1.0,high
evolution has disproved creationism,supporters of evolution,objection to evolution,1.0,high
evolution has disproved creationism,supporters of evolution,poll,0.1,low
evolution has disproved creationism,supporters of evolution,ussher chronology,0.7,high
evolution has disproved creationism,teaching of evolution,belief,0.3,low
evolution has disproved creationism,teaching of evolution,creationism,1.0,high
evolution has disproved creationism,teaching of evolution,dover area school,0.4,medium
evolution has disproved creationism,teaching of evolution,evidence for evolution,1.0,high
evolution has disproved creationism,teaching of evolution,evolution,1.0,high
evolution has disproved creationism,teaching of evolution,evolution and religion,0.9,high
evolution has disproved creationism,teaching of evolution,macroevolution,0.9,high
evolution has disproved creationism,teaching of evolution,modern evolutionary synthesis,1.0,high
evolution has disproved creationism,theistic evolution,area school,0.0,low
evolution has disproved creationism,theistic evolution,creationism,1.0,high
evolution has disproved creationism,theistic evolution,evolution,1.0,high
evolution has disproved creationism,theistic evolution,fossils,0.5,medium
evolution has disproved creationism,theistic evolution,geological,0.0,low
evolution has disproved creationism,theistic evolution,natural,0.0,low
evolution has disproved creationism,theory of evolution,controversy,0.5,medium
evolution has disproved creationism,theory of evolution,creationism,1.0,high
evolution has disproved creationism,theory of evolution,creationists claim,0.9,high
evolution has disproved creationism,theory of evolution,evolution,1.0,high
evolution has disproved creationism,theory of evolution,geological,0.1,low
evolution has disproved creationism,theory of evolution,poll,0.0,low
evolution has disproved creationism,theory of evolution,ussher chronology,1.0,high
evolution has disproved creationism,ussher chronology,creationism,1.0,high
evolution has disproved creationism,ussher chronology,evolution,0.9,high
evolution has disproved creationism,young earth,creationism,0.9,high
evolution has disproved creationism,young earth,evolution,0.5,medium
evolution has disproved creationism,young earth creationism,belief in evolution,0.9,high
evolution has disproved creationism,young earth creationism,creationism,1.0,high
evolution has disproved creationism,young earth creationism,evidence for evolution,0.8,high
evolution has disproved creationism,young earth creationism,evolution,1.0,high
evolution has disproved creationism,young earth creationism,origin,0.2,low
evolution has disproved creationism,young earth creationism,science classrooms,0.3,low
exploitation of the antarctic continent should be ceased,amundsen,antarctic continent,0.8,high
exploitation of the antarctic continent should be ceased,amundsen,exploitation,0.1,low
exploitation of the antarctic continent should be ceased,antarctic,amundsen,0.7,high
exploitation of the antarctic continent should be ceased,antarctic,antarctic continent,1.0,high
exploitation of the antarctic continent should be ceased,antarctic,exploitation,0.5,medium
exploitation of the antarctic continent should be ceased,antarctic,island,0.5,medium
exploitation of the antarctic continent should be ceased,antarctic,ross,0.5,medium
exploitation of the antarctic continent should be ceased,antarctic ice sheet,antarctic continent,1.0,high
exploitation of the antarctic continent should be ceased,antarctic ice sheet,exploitation,0.1,low
exploitation of the antarctic continent should be ceased,antarctic ice sheet,future generations,0.1,low
exploitation of the antarctic continent should be ceased,antarctic ice sheet,grytviken,0.2,low
exploitation of the antarctic continent should be ceased,antarctic ice sheet,international law,0.0,low
exploitation of the antarctic continent should be ceased,antarctic ice sheet,mcmurdo,0.4,medium
exploitation of the antarctic continent should be ceased,antarctic ice sheet,mineral,0.4,medium
exploitation of the antarctic continent should be ceased,antarctic ice sheet,ross,0.4,medium
exploitation of the antarctic continent should be ceased,antarctic ice sheet,volcano,0.1,low
exploitation of the antarctic continent should be ceased,antarctic peninsula,antarctic continent,1.0,high
exploitation of the antarctic continent should be ceased,antarctic peninsula,exploitation,0.3,low
exploitation of the antarctic continent should be ceased,antarctic peninsula,explorer,0.5,medium
exploitation of the antarctic continent should be ceased,antarctic peninsula,grytviken,0.5,medium
exploitation of the antarctic continent should be ceased,antarctic peninsula,mineral,0.3,low
exploitation of the antarctic continent should be ceased,antarctic peninsula,outer space,0.0,low
exploitation of the antarctic continent should be ceased,antarctic peninsula,research stations,0.6,medium
exploitation of the antarctic continent should be ceased,antarctic treaty,antarctic continent,0.9,high
exploitation of the antarctic continent should be ceased,antarctic treaty,exploitation,0.5,medium
exploitation of the antarctic continent should be ceased,antarctic treaty,future generations,0.7,high
exploitation of the antarctic continent should be ceased,antarctic treaty,human genome,0.0,low
exploitation of the antarctic continent should be ceased,antarctic treaty,international law,0.9,high
exploitation of the antarctic continent should be ceased,antarctic treaty,island,0.0,low
exploitation of the antarctic continent should be ceased,antarctic treaty,mountains,0.0,low
exploitation of the antarctic continent should be ceased,antarctic treaty,research stations,0.6,medium
exploitation of the antarctic continent should be ceased,antarctic treaty,ross,0.0,low
exploitation of the antarctic continent should be ceased,antarctica,antarctic continent,1.0,high
exploitation of the antarctic continent should be ceased,antarctica,australia,0.5,medium
exploitation of the antarctic continent should be ceased,antarctica,exploitation,0.5,medium
exploitation of the antarctic continent should be ceased,antarctica,explorer,0.6,medium
exploitation of the antarctic continent should be ceased,antarctica,mountains,0.4,medium
exploitation of the antarctic continent should be ceased,antarctica,ross,0.7,high
exploitation of the antarctic continent should be ceased,australia,antarctic continent,0.4,medium
exploitation of the antarctic continent should be ceased,australia,exploitation,0.0,low
exploitation of the antarctic continent should be ceased,common heritage,antarctic continent,0.5,medium
exploitation of the antarctic continent should be ceased,common heritage,exploitation,0.3,low
exploitation of the antarctic continent should be ceased,common heritage,future generations,0.7,high
exploitation of the antarctic continent should be ceased,common heritage,human genome,0.3,low
exploitation of the antarctic continent should be ceased,common heritage,island,0.0,low
exploitation of the antarctic continent should be ceased,common heritage,mineral,0.1,low
exploitation of the antarctic continent should be ceased,common heritage,research stations,0.1,low
exploitation of the antarctic continent should be ceased,common heritage,ross,0.0,low
exploitation of the antarctic continent should be ceased,common heritage,volcano,0.1,low
exploitation of the antarctic continent should be ceased,continent,antarctic continent,1.0,high
exploitation of the antarctic continent should be ceased,continent,australia,0.7,high
exploitation of the antarctic continent should be ceased,continent,exploitation,0.1,low
exploitation of the antarctic continent should be ceased,continent,mineral,0.2,low
exploitation of the antarctic continent should be ceased,continent,mountains,0.4,medium
exploitation of the antarctic continent should be ceased,continent,ross,0.1,low
exploitation of the antarctic continent should be ceased,east antarctica,antarctic continent,1.0,high
exploitation of the antarctic continent should be ceased,east antarctica,exploitation,0.4,medium
exploitation of the antarctic continent should be ceased,east antarctica,future generations,0.1,low
exploitation of the antarctic continent should be ceased,east antarctica,mcmurdo,0.4,medium
exploitation of the antarctic continent should be ceased,east antarctica,research stations,0.7,high
exploitation of the antarctic continent should be ceased,expedition,antarctic continent,0.8,high
exploitation of the antarctic continent should be ceased,expedition,exploitation,0.1,low
exploitation of the antarctic continent should be ceased,expedition,international law,0.0,low
exploitation of the antarctic continent should be ceased,expedition,island,0.1,low
exploitation of the antarctic continent should be ceased,expedition,mcmurdo,0.6,medium
exploitation of the antarctic continent should be ceased,expedition,mountains,0.4,medium
exploitation of the antarctic continent should be ceased,expedition,outer space,0.2,low
exploitation of the antarctic continent should be ceased,expedition,volcano,0.0,low
exploitation of the antarctic continent should be ceased,explorer,antarctic continent,0.6,medium
exploitation of the antarctic continent should be ceased,explorer,exploitation,0.1,low
exploitation of the antarctic continent should be ceased,flights,antarctic continent,0.3,low
exploitation of the antarctic continent should be ceased,flights,exploitation,0.0,low
exploitation of the antarctic continent should be ceased,flights,grytviken,0.1,low
exploitation of the antarctic continent should be ceased,flights,human genome,0.0,low
exploitation of the antarctic continent should be ceased,flights,island,0.1,low
exploitation of the antarctic continent should be ceased,flights,mcmurdo,0.1,low
exploitation of the antarctic continent should be ceased,flights,mountains,0.0,low
exploitation of the antarctic continent should be ceased,future generations,antarctic continent,0.4,medium
exploitation of the antarctic continent should be ceased,future generations,exploitation,0.5,medium
exploitation of the antarctic continent should be ceased,gondwana,amundsen,0.1,low
exploitation of the antarctic continent should be ceased,gondwana,antarctic continent,0.8,high
exploitation of the antarctic continent should be ceased,gondwana,australia,0.4,medium
exploitation of the antarctic continent should be ceased,gondwana,exploitation,0.0,low
exploitation of the antarctic continent should be ceased,gondwana,explorer,0.1,low
exploitation of the antarctic continent should be ceased,gondwana,future generations,0.0,low
exploitation of the antarctic continent should be ceased,gondwana,grytviken,0.3,low
exploitation of the antarctic continent should be ceased,gondwana,international law,0.0,low
exploitation of the antarctic continent should be ceased,gondwana,mcmurdo,0.2,low
exploitation of the antarctic continent should be ceased,gondwana,mineral,0.2,low
exploitation of the antarctic continent should be ceased,gondwana,research stations,0.2,low
exploitation of the antarctic continent should be ceased,gondwana,ross,0.1,low
exploitation of the antarctic continent should be ceased,gondwana,volcano,0.1,low
exploitation of the antarctic continent should be ceased,grytviken,antarctic continent,0.3,low
exploitation of the antarctic continent should be ceased,grytviken,exploitation,0.1,low
exploitation of the antarctic continent should be ceased,human genome,antarctic continent,0.0,low
exploitation of the antarctic continent should be ceased,human genome,exploitation,0.1,low
exploitation of the antarctic continent should be ceased,ice,antarctic continent,1.0,high
exploitation of the antarctic continent should be ceased,ice,australia,0.0,low
exploitation of the antarctic continent should be ceased,ice,exploitation,0.1,low
exploitation of the antarctic continent should be ceased,ice,outer space,0.1,low
exploitation of the antarctic continent should be ceased,ice,volcano,0.0,low
exploitation of the antarctic continent should be ceased,ice sheet,antarctic continent,0.8,high
exploitation of the antarctic continent should be ceased,ice sheet,exploitation,0.1,low
exploitation of the antarctic continent should be ceased,ice sheet,explorer,0.1,low
exploitation of the antarctic continent should be ceased,ice sheet,human genome,0.0,low
exploitation of the antarctic continent should be ceased,ice sheet,international law,0.0,low
exploitation of the antarctic continent should be ceased,ice sheet,research stations,0.1,low
exploitation of the antarctic continent should be ceased,ice shelf,antarctic continent,0.8,high
exploitation of the antarctic continent should be ceased,ice shelf,exploitation,0.1,low
exploitation of the antarctic continent should be ceased,ice shelf,future generations,0.1,low
exploitation of the antarctic continent should be ceased,ice shelf,grytviken,0.0,low
exploitation of the antarctic continent should be ceased,ice shelf,international law,0.0,low
exploitation of the antarctic continent should be ceased,ice shelf,mineral,0.2,low
exploitation of the antarctic continent should be ceased,ice shelf,ross,0.3,low
exploitation of the antarctic continent should be ceased,international law,antarctic continent,0.3,low
exploitation of the antarctic continent should be ceased,international law,exploitation,0.2,low
exploitation of the antarctic continent should be ceased,island,antarctic continent,0.8,high
exploitation of the antarctic continent should be ceased,island,exploitation,0.2,low
exploitation of the antarctic continent should be ceased,mcmurdo,antarctic continent,0.9,high
exploitation of the antarctic continent should be ceased,mcmurdo,exploitation,0.2,low
exploitation of the antarctic continent should be ceased,meteorites,antarctic continent,0.3,low
exploitation of the antarctic continent should be ceased,meteorites,australia,0.2,low
exploitation of the antarctic continent should be ceased,meteorites,exploitation,0.0,low
exploitation of the antarctic continent should be ceased,meteorites,island,0.0,low
exploitation of the antarctic continent should be ceased,meteorites,outer space,0.7,high
exploitation of the antarctic continent should be ceased,mineral,antarctic continent,0.6,medium
exploitation of the antarctic continent should be ceased,mineral,exploitation,0.4,medium
exploitation of the antarctic continent should be ceased,mount erebus,antarctic continent,0.9,high
exploitation of the antarctic continent should be ceased,mount erebus,australia,0.0,low
exploitation of the antarctic continent should be ceased,mount erebus,exploitation,0.1,low
exploitation of the antarctic continent should be ceased,mount erebus,explorer,0.4,medium
exploitation of the antarctic continent should be ceased,mount erebus,future generations,0.0,low
exploitation of the antarctic continent should be ceased,mount erebus,human genome,0.0,low
exploitation of the antarctic continent should be ceased,mount erebus,research stations,0.1,low
exploitation of the antarctic continent should be ceased,mount erebus,ross,0.6,medium
exploitation of the antarctic continent should be ceased,mount erebus,volcano,0.7,high
exploitation of the antarctic continent should be ceased,mountains,antarctic continent,0.3,low
exploitation of the antarctic continent should be ceased,mountains,exploitation,0.1,low
exploitation of the antarctic continent should be ceased,outer space,antarctic continent,0.0,low
exploitation of the antarctic continent should be ceased,outer space,exploitation,0.0,low
exploitation of the antarctic continent should be ceased,polar,amundsen,0.6,medium
exploitation of the antarctic continent should be ceased,polar,antarctic continent,0.9,high
exploitation of the antarctic continent should be ceased,polar,exploitation,0.1,low
exploitation of the antarctic continent should be ceased,polar,explorer,0.7,high
exploitation of the antarctic continent should be ceased,polar,future generations,0.0,low
exploitation of the antarctic continent should be ceased,polar,human genome,0.0,low
exploitation of the antarctic continent should be ceased,polar,international law,0.0,low
exploitation of the antarctic continent should be ceased,polar,island,0.4,medium
exploitation of the antarctic continent should be ceased,polar,mineral,0.1,low
exploitation of the antarctic continent should be ceased,polar,outer space,0.0,low
exploitation of the antarctic continent should be ceased,research stations,antarctic continent,0.9,high
exploitation of the antarctic continent should be ceased,research stations,exploitation,0.0,low
exploitation of the antarctic continent should be ceased,ross,antarctic continent,0.7,high
exploitation of the antarctic continent should be ceased,ross,exploitation,0.1,low
exploitation of the antarctic continent should be ceased,sea,amundsen,0.2,low
exploitation of the antarctic continent should be ceased,sea,antarctic continent,0.5,medium
exploitation of the antarctic continent should be ceased,sea,exploitation,0.1,low
exploitation of the antarctic continent should be ceased,sea,future generations,0.0,low
exploitation of the antarctic continent should be ceased,sea,international law,0.2,low
exploitation of the antarctic continent should be ceased,sea,mcmurdo,0.4,medium
exploitation of the antarctic continent should be ceased,sea,mineral,0.3,low
exploitation of the antarctic continent should be ceased,sea,research stations,0.2,low
exploitation of the antarctic continent should be ceased,sea,ross,0.4,medium
exploitation of the antarctic continent should be ceased,sea,volcano,0.1,low
exploitation of the antarctic continent should be ceased,sea level,antarctic continent,0.6,medium
exploitation of the antarctic continent should be ceased,sea level,exploitation,0.2,low
exploitation of the antarctic continent should be ceased,sea level,explorer,0.1,low
exploitation of the antarctic continent should be ceased,sea level,human genome,0.0,low
exploitation of the antarctic continent should be ceased,sea level,island,0.4,medium
exploitation of the antarctic continent should be ceased,sea level,mountains,0.1,low
exploitation of the antarctic continent should be ceased,sea level,volcano,0.1,low
exploitation of the antarctic continent should be ceased,south pole,amundsen,0.8,high
exploitation of the antarctic continent should be ceased,south pole,antarctic continent,1.0,high
exploitation of the antarctic continent should be ceased,south pole,australia,0.1,low
exploitation of the antarctic continent should be ceased,south pole,exploitation,0.3,low
exploitation of the antarctic continent should be ceased,south pole,human genome,0.0,low
exploitation of the antarctic continent should be ceased,south pole,island,0.4,medium
exploitation of the antarctic continent should be ceased,south pole,mcmurdo,0.8,high
exploitation of the antarctic continent should be ceased,south pole,research stations,0.7,high
exploitation of the antarctic continent should be ceased,south pole,ross,0.6,medium
exploitation of the antarctic continent should be ceased,volcano,antarctic continent,0.4,medium
exploitation of the antarctic continent should be ceased,volcano,exploitation,0.2,low
exploitation of the antarctic continent should be ceased,west antarctica,antarctic continent,1.0,high
exploitation of the antarctic continent should be ceased,west antarctica,exploitation,0.4,medium
exploitation of the antarctic continent should be ceased,west antarctica,explorer,0.4,medium
exploitation of the antarctic continent should be ceased,west antarctica,future generations,0.1,low
exploitation of the antarctic continent should be ceased,west antarctica,human genome,0.0,low
exploitation of the antarctic continent should be ceased,west antarctica,island,0.3,low
exploitation of the antarctic continent should be ceased,west antarctica,mineral,0.3,low
exploitation of the antarctic continent should be ceased,west antarctica,outer space,0.0,low
exploitation of the antarctic continent should be ceased,west antarctica,research stations,0.7,high
exploitation of the antarctic continent should be ceased,west antarctica,ross,0.5,medium
gambling should be banned,atlantic city,gambling,0.9,high
gambling should be banned,bet,gambling,1.0,high
gambling should be banned,bet or wager,gam anon,0.9,high
gambling should be banned,bet or wager,gambling,1.0,high
gambling should be banned,bet or wager,prize,0.6,medium
gambling should be banned,bet or wager,problem,0.2,low
gambling should be banned,bet or wager,winnings,1.0,high
gambling should be banned,betting,gambling,1.0,high
gambling should be banned,card,gambling,0.7,high
gambling should be banned,casino,gambling,1.0,high
gambling should be banned,casino,online casinos,1.0,high
gambling should be banned,casino,problem,0.0,low
gambling should be banned,casino,winning numbers,0.8,high
gambling should be banned,casinos,gambling,1.0,high
gambling should be banned,casinos,slot machines,1.0,high
gambling should be banned,chance,gambling,1.0,high
gambling should be banned,chance of winning,gam anon,0.3,low
gambling should be banned,chance of winning,gambling,1.0,high
gambling should be banned,chance of winning,uigea,0.4,medium
gambling should be banned,commercial casinos,gambling,1.0,high
gambling should be banned,federal wire act,atlantic city,0.2,low
gambling should be banned,federal wire act,gambling,1.0,high
gambling should be banned,federal wire act,problem,0.0,low
gambling should be banned,forms of gambling,card,0.4,medium
gambling should be banned,forms of gambling,chance,0.7,high
gambling should be banned,forms of gambling,gambling,1.0,high
gambling should be banned,gam anon,gambling,1.0,high
gambling should be banned,gamblers,gambling,1.0,high
gambling should be banned,gamblers,payment processors,0.1,low
gambling should be banned,gambling,gam anon,1.0,high
gambling should be banned,gambling,gambling,1.0,high
gambling should be banned,gambling,odds,0.9,high
gambling should be banned,gambling industry,gambling,1.0,high
gambling should be banned,games of chance,gambling,1.0,high
gambling should be banned,games of chance,payment processors,0.1,low
gambling should be banned,gaming,bet,0.8,high
gambling should be banned,gaming,gam anon,0.6,medium
gambling should be banned,gaming,gambling,0.9,high
gambling should be banned,gaming,slot machines,0.9,high
gambling should be banned,illegal gambling,gambling,1.0,high
gambling should be banned,illegal gambling,online casinos,1.0,high
gambling should be banned,internet gambling,gambling,1.0,high
gambling should be banned,las vegas,chance,0.4,medium
gambling should be banned,las vegas,gambling,1.0,high
gambling should be banned,las vegas,online lotteries,0.5,medium
gambling should be banned,las vegas,winnings,0.3,low
gambling should be banned,lotteries,gambling,0.8,high
gambling should be banned,lotteries,slot machines,0.6,medium
gambling should be banned,lotteries,southern district,0.0,low
gambling should be banned,lottery,gambling,0.9,high
gambling should be banned,lottery,gambling industry,0.8,high
gambling should be banned,lottery ticket,atlantic city,0.2,low
gambling should be banned,lottery ticket,bet,1.0,high
gambling should be banned,lottery ticket,gambling,0.9,high
gambling should be banned,lottery ticket,slot machines,0.6,medium
gambling should be banned,lottery ticket,wagering,0.9,high
gambling should be banned,lotto,gambling,0.8,high
gambling should be banned,lump sum,gambling,0.2,low
gambling should be banned,lump sum,uigea,0.1,low
gambling should be banned,odds,gambling,1.0,high
gambling should be banned,online,gambling,0.3,low
gambling should be banned,online,lotto,0.2,low
gambling should be banned,online,uigea,0.6,medium
gambling should be banned,online,winning numbers,0.1,low
gambling should be banned,online,winnings,0.1,low
gambling should be banned,online casinos,gambling,1.0,high
gambling should be banned,online gambling,gambling,1.0,high
gambling should be banned,online lotteries,gambling,0.9,high
gambling should be banned,online poker,bet,0.9,high
gambling should be banned,online poker,gambling,1.0,high
gambling should be banned,online poker,prize,0.7,high
gambling should be banned,pathological gambling,atlantic city,0.5,medium
gambling should be banned,pathological gambling,gambling,1.0,high
gambling should be banned,pathological gambling,lotto,0.7,high
gambling should be banned,pathological gambling,payment processors,0.1,low
gambling should be banned,pathological gambling,winning numbers,0.2,low
gambling should be banned,payment processors,gambling,0.3,low
gambling should be banned,poker,gambling,1.0,high
gambling should be banned,prize,gambling,0.9,high
gambling should be banned,problem,gambling,0.3,low
gambling should be banned,problem gambling,gambling,1.0,high
gambling should be banned,problem gambling,online lotteries,0.6,medium
gambling should be banned,problem gambling,uigea,0.7,high
gambling should be banned,problem gambling,winning numbers,0.3,low
gambling should be banned,problem gambling,winnings,0.3,low
gambling should be banned,safe port act,card,0.1,low
gambling should be banned,safe port act,gambling,0.7,high
gambling should be banned,safe port act,odds,0.1,low
gambling should be banned,safe port act,online lotteries,0.6,medium
gambling should be banned,sell lottery tickets,gambling,0.8,high
gambling should be banned,sell lottery tickets,uigea,0.2,low
gambling should be banned,slot machines,gambling,1.0,high
gambling should be banned,southern district,gambling,0.0,low
gambling should be banned,sports betting,gambling,1.0,high
gambling should be banned,uigea,gambling,1.0,high
gambling should be banned,uk gambling commission,gam anon,0.5,medium
gambling should be banned,uk gambling commission,gambling,1.0,high
gambling should be banned,uk gambling commission,online lotteries,0.8,high
gambling should be banned,uk gambling commission,prize,0.1,low
gambling should be banned,unlawful internet gambling,gam anon,0.6,medium
gambling should be banned,unlawful internet gambling,gambling,1.0,high
gambling should be banned,unlawful internet gambling,slot machines,0.8,high
gambling should be banned,wagering,gambling,1.0,high
gambling should be banned,winning numbers,gambling,0.8,high
gambling should be banned,winning the jackpot,atlantic city,0.5,medium
gambling should be banned,winning the jackpot,bet,1.0,high
gambling should be banned,winning the jackpot,gambling,1.0,high
gambling should be banned,winning the jackpot,lotto,1.0,high
gambling should be banned,winning the jackpot,southern district,0.0,low
gambling should be banned,winnings,gambling,1.0,high
google shouldn't censor its search results in china,block,censor,1.0,high
google shouldn't censor its search results in china,block,china,0.3,low
google shouldn't censor its search results in china,block,google,0.7,high
google shouldn't censor its search results in china,block,search results,0.8,high
google shouldn't censor its search results in china,blocked,block,1.0,high
google shouldn't censor its search results in china,blocked,censor,0.9,high
google shouldn't censor its search results in china,blocked,china,0.6,medium
google shouldn't censor its search results in china,blocked,corporate,0.0,low
google shouldn't censor its search results in china,blocked,csr policy,0.1,low
google shouldn't censor its search results in china,blocked,gmail,0.2,low
google shouldn't censor its search results in china,blocked,google,0.6,medium
google shouldn't censor its search results in china,blocked,hong kong,0.1,low
google shouldn't censor its search results in china,blocked,internet security,0.5,medium
google shouldn't censor its search results in china,blocked,search results,0.8,high
google shouldn't censor its search results in china,blocked,user,0.3,low
google shouldn't censor its search results in china,business,censor,0.0,low
google shouldn't censor its search results in china,business,china,0.1,low
google shouldn't censor its search results in china,business,google,0.6,medium
google shouldn't censor its search results in china,business,search results,0.0,low
google shouldn't censor its search results in china,censor,censor,1.0,high
google shouldn't censor its search results in china,censor,china,0.8,high
google shouldn't censor its search results in china,censor,google,0.8,high
google shouldn't censor its search results in china,censor,search results,1.0,high
google shouldn't censor its search results in china,censorship,censor,1.0,high
google shouldn't censor its search results in china,censorship,china,0.9,high
google shouldn't censor its search results in china,censorship,corporate,0.0,low
google shouldn't censor its search results in china,censorship,csr policy,0.3,low
google shouldn't censor its search results in china,censorship,gmail,0.1,low
google shouldn't censor its search results in china,censorship,google,0.7,high
google shouldn't censor its search results in china,censorship,great firewall,0.9,high
google shouldn't censor its search results in china,censorship,search results,0.8,high
google shouldn't censor its search results in china,censorship,tcp,0.3,low
google shouldn't censor its search results in china,censorship,user,0.3,low
google shouldn't censor its search results in china,china,business,0.1,low
google shouldn't censor its search results in china,china,censor,0.8,high
google shouldn't censor its search results in china,china,china,1.0,high
google shouldn't censor its search results in china,china,companies,0.1,low
google shouldn't censor its search results in china,china,google,0.6,medium
google shouldn't censor its search results in china,china,hong kong,1.0,high
google shouldn't censor its search results in china,china,internet security,0.4,medium
google shouldn't censor its search results in china,china,search results,0.5,medium
google shouldn't censor its search results in china,chinese authorities,censor,0.8,high
google shouldn't censor its search results in china,chinese authorities,china,1.0,high
google shouldn't censor its search results in china,chinese authorities,google,0.5,medium
google shouldn't censor its search results in china,chinese authorities,search results,0.2,low
google shouldn't censor its search results in china,chinese government,block,0.8,high
google shouldn't censor its search results in china,chinese government,business,0.1,low
google shouldn't censor its search results in china,chinese government,censor,0.9,high
google shouldn't censor its search results in china,chinese government,china,1.0,high
google shouldn't censor its search results in china,chinese government,companies,0.0,low
google shouldn't censor its search results in china,chinese government,csr policy,0.1,low
google shouldn't censor its search results in china,chinese government,google,0.4,medium
google shouldn't censor its search results in china,chinese government,search results,0.3,low
google shouldn't censor its search results in china,chinese internet,business,0.0,low
google shouldn't censor its search results in china,chinese internet,censor,0.9,high
google shouldn't censor its search results in china,chinese internet,china,1.0,high
google shouldn't censor its search results in china,chinese internet,chinese authorities,1.0,high
google shouldn't censor its search results in china,chinese internet,companies,0.0,low
google shouldn't censor its search results in china,chinese internet,gmail,0.4,medium
google shouldn't censor its search results in china,chinese internet,gmail accounts,0.4,medium
google shouldn't censor its search results in china,chinese internet,google,0.7,high
google shouldn't censor its search results in china,chinese internet,great firewall,1.0,high
google shouldn't censor its search results in china,chinese internet,search results,0.6,medium
google shouldn't censor its search results in china,chinese internet,user,0.3,low
google shouldn't censor its search results in china,chinese internet,web companies,0.4,medium
google shouldn't censor its search results in china,companies,censor,0.0,low
google shouldn't censor its search results in china,companies,china,0.1,low
google shouldn't censor its search results in china,companies,google,0.7,high
google shouldn't censor its search results in china,companies,search results,0.0,low
google shouldn't censor its search results in china,computer information,censor,0.4,medium
google shouldn't censor its search results in china,computer information,china,0.1,low
google shouldn't censor its search results in china,computer information,google,0.7,high
google shouldn't censor its search results in china,computer information,search results,0.3,low
google shouldn't censor its search results in china,content,block,0.8,high
google shouldn't censor its search results in china,content,business,0.0,low
google shouldn't censor its search results in china,content,censor,0.95,high
google shouldn't censor its search results in china,content,china,0.1,low
google shouldn't censor its search results in china,content,companies,0.0,low
google shouldn't censor its search results in china,content,corporate,0.0,low
google shouldn't censor its search results in china,content,csr policy,0.2,low
google shouldn't censor its search results in china,content,gmail,0.0,low
google shouldn't censor its search results in china,content,google,0.7,high
google shouldn't censor its search results in china,content,google search,1.0,high
google shouldn't censor its search results in china,content,great firewall,0.7,high
google shouldn't censor its search results in china,content,search results,0.8,high
google shouldn't censor its search results in china,content,web companies,0.5,medium
google shouldn't censor its search results in china,corporate,censor,0.0,low
google shouldn't censor its search results in china,corporate,china,0.1,low
google shouldn't censor its search results in china,corporate,google,0.7,high
google shouldn't censor its search results in china,corporate,search results,0.0,low
google shouldn't censor its search results in china,corporate social responsibility,censor,0.45,medium
google shouldn't censor its search results in china,corporate social responsibility,china,0.2,low
google shouldn't censor its search results in china,corporate social responsibility,chinese authorities,0.1,low
google shouldn't censor its search results in china,corporate social responsibility,companies,0.8,high
google shouldn't censor its search results in china,corporate social responsibility,computer information,0.1,low
google shouldn't censor its search results in china,corporate social responsibility,gmail accounts,0.3,low
google shouldn't censor its search results in china,corporate social responsibility,google,0.6,medium
google shouldn't censor its search results in china,corporate social responsibility,keywords,0.0,low
google shouldn't censor its search results in china,corporate social responsibility,search results,0.3,low
google shouldn't censor its search results in china,countries under surveillance,business,0.0,low
google shouldn't censor its search results in china,countries under surveillance,censor,0.7,high
google shouldn't censor its search results in china,countries under surveillance,china,0.8,high
google shouldn't censor its search results in china,countries under surveillance,corporate,0.0,low
google shouldn't censor its search results in china,countries under surveillance,gmail,0.1,low
google shouldn't censor its search results in china,countries under surveillance,gmail accounts,0.1,low
google shouldn't censor its search results in china,countries under surveillance,google,0.1,low
google shouldn't censor its search results in china,countries under surveillance,google search,0.2,low
google shouldn't censor its search results in china,countries under surveillance,great firewall,0.5,medium
google shouldn't censor its search results in china,countries under surveillance,search results,0.1,low
google shouldn't censor its search results in china,countries under surveillance,tcp,0.1,low
google shouldn't censor its search results in china,countries under surveillance,youtube,0.1,low
google shouldn't censor its search results in china,csr,block,0.2,low
google shouldn't censor its search results in china,csr,business,0.4,medium
google shouldn't censor its search results in china,csr,censor,0.5,medium
google shouldn't censor its search results in china,csr,china,0.2,low
google shouldn't censor its search results in china,csr,chinese authorities,0.2,low
google shouldn't censor its search results in china,csr,corporate,0.7,high
google shouldn't censor its search results in china,csr,gmail,0.1,low
google shouldn't censor its search results in china,csr,gmail accounts,0.2,low
google shouldn't censor its search results in china,csr,google,0.6,medium
google shouldn't censor its search results in china,csr,google search,0.3,low
google shouldn't censor its search results in china,csr,internet security,0.2,low
google shouldn't censor its search results in china,csr,mainland chinese,0.1,low
google shouldn't censor its search results in china,csr,search results,0.4,medium
google shouldn't censor its search results in china,csr,user,0.0,low
google shouldn't censor its search results in china,csr policy,censor,0.4,medium
google shouldn't censor its search results in china,csr policy,china,0.2,low
google shouldn't censor its search results in china,csr policy,google,0.6,medium
google shouldn't censor its search results in china,csr policy,search results,0.2,low
google shouldn't censor its search results in china,filtering,censor,0.8,high
google shouldn't censor its search results in china,filtering,china,0.7,high
google shouldn't censor its search results in china,filtering,chinese authorities,0.6,medium
google shouldn't censor its search results in china,filtering,computer information,0.5,medium
google shouldn't censor its search results in china,filtering,gmail accounts,0.3,low
google shouldn't censor its search results in china,filtering,google,0.7,high
google shouldn't censor its search results in china,filtering,google search,0.9,high
google shouldn't censor its search results in china,filtering,internet security,0.5,medium
google shouldn't censor its search results in china,filtering,search results,0.9,high
google shouldn't censor its search results in china,filtering,youtube,0.5,medium
google shouldn't censor its search results in china,gmail,censor,0.0,low
google shouldn't censor its search results in china,gmail,china,0.0,low
google shouldn't censor its search results in china,gmail,google,1.0,high
google shouldn't censor its search results in china,gmail,search results,0.0,low
google shouldn't censor its search results in china,gmail accounts,censor,0.0,low
google shouldn't censor its search results in china,gmail accounts,china,0.1,low
google shouldn't censor its search results in china,gmail accounts,google,1.0,high
google shouldn't censor its search results in china,gmail accounts,search results,0.0,low
google shouldn't censor its search results in china,golden shield project,censor,0.9,high
google shouldn't censor its search results in china,golden shield project,china,1.0,high
google shouldn't censor its search results in china,golden shield project,companies,0.0,low
google shouldn't censor its search results in china,golden shield project,computer information,0.5,medium
google shouldn't censor its search results in china,golden shield project,corporate,0.0,low
google shouldn't censor its search results in china,golden shield project,csr policy,0.3,low
google shouldn't censor its search results in china,golden shield project,gmail,0.3,low
google shouldn't censor its search results in china,golden shield project,google,0.6,medium
google shouldn't censor its search results in china,golden shield project,great firewall,1.0,high
google shouldn't censor its search results in china,golden shield project,internet security,0.8,high
google shouldn't censor its search results in china,golden shield project,keywords,0.1,low
google shouldn't censor its search results in china,golden shield project,mainland chinese,0.6,medium
google shouldn't censor its search results in china,golden shield project,search results,0.6,medium
google shouldn't censor its search results in china,golden shield project,tcp,0.5,medium
google shouldn't censor its search results in china,golden shield project,user,0.1,low
google shouldn't censor its search results in china,golden shield project,youtube,0.3,low
google shouldn't censor its search results in china,google,business,0.2,low
google shouldn't censor its search results in china,google,censor,0.6,medium
google shouldn't censor its search results in china,google,china,0.5,medium
google shouldn't censor its search results in china,google,chinese authorities,0.5,medium
google shouldn't censor its search results in china,google,companies,0.8,high
google shouldn't censor its search results in china,google,csr policy,0.5,medium
google shouldn't censor its search results in china,google,google,1.0,high
google shouldn't censor its search results in china,google,google search,1.0,high
google shouldn't censor its search results in china,google,great firewall,0.6,medium
google shouldn't censor its search results in china,google,hong kong,0.3,low
google shouldn't censor its search results in china,google,search results,1.0,high
google shouldn't censor its search results in china,google,tcp,0.3,low
google shouldn't censor its search results in china,google china,block,0.7,high
google shouldn't censor its search results in china,google china,censor,0.9,high
google shouldn't censor its search results in china,google china,china,1.0,high
google shouldn't censor its search results in china,google china,companies,0.6,medium
google shouldn't censor its search results in china,google china,gmail accounts,0.8,high
google shouldn't censor its search results in china,google china,google,1.0,high
google shouldn't censor its search results in china,google china,google search,0.9,high
google shouldn't censor its search results in china,google china,hong kong,0.6,medium
google shouldn't censor its search results in china,google china,internet security,0.5,medium
google shouldn't censor its search results in china,google china,keywords,0.2,low
google shouldn't censor its search results in china,google china,search results,0.9,high
google shouldn't censor its search results in china,google search,censor,0.6,medium
google shouldn't censor its search results in china,google search,china,0.5,medium
google shouldn't censor its search results in china,google search,google,0.9,high
google shouldn't censor its search results in china,google search,search results,0.8,high
google shouldn't censor its search results in china,google's search engine,censor,0.75,high
google shouldn't censor its search results in china,google's search engine,china,0.4,medium
google shouldn't censor its search results in china,google's search engine,chinese authorities,0.7,high
google shouldn't censor its search results in china,google's search engine,companies,0.1,low
google shouldn't censor its search results in china,google's search engine,corporate,0.2,low
google shouldn't censor its search results in china,google's search engine,google,1.0,high
google shouldn't censor its search results in china,google's search engine,internet security,0.5,medium
google shouldn't censor its search results in china,google's search engine,search results,1.0,high
google shouldn't censor its search results in china,google's search engine,web companies,0.7,high
google shouldn't censor its search results in china,google's search engine,youtube,0.6,medium
google shouldn't censor its search results in china,great firewall,censor,0.9,high
google shouldn't censor its search results in china,great firewall,china,1.0,high
google shouldn't censor its search results in china,great firewall,google,0.7,high
google shouldn't censor its search results in china,great firewall,search results,0.7,high
google shouldn't censor its search results in china,hong kong,censor,0.2,low
google shouldn't censor its search results in china,hong kong,china,1.0,high
google shouldn't censor its search results in china,hong kong,google,0.2,low
google shouldn't censor its search results in china,hong kong,search results,0.1,low
google shouldn't censor its search results in china,internet,censor,0.9,high
google shouldn't censor its search results in china,internet,china,0.6,medium
google shouldn't censor its search results in china,internet,gmail accounts,0.9,high
google shouldn't censor its search results in china,internet,google,1.0,high
google shouldn't censor its search results in china,internet,google search,1.0,high
google shouldn't censor its search results in china,internet,great firewall,1.0,high
google shouldn't censor its search results in china,internet,internet security,1.0,high
google shouldn't censor its search results in china,internet,search results,0.9,high
google shouldn't censor its search results in china,internet,web companies,0.9,high
google shouldn't censor its search results in china,internet censorship,censor,1.0,high
google shouldn't censor its search results in china,internet censorship,china,1.0,high
google shouldn't censor its search results in china,internet censorship,corporate,0.0,low
google shouldn't censor its search results in china,internet censorship,csr policy,0.4,medium
google shouldn't censor its search results in china,internet censorship,gmail accounts,0.2,low
google shouldn't censor its search results in china,internet censorship,google,0.8,high
google shouldn't censor its search results in china,internet censorship,google search,1.0,high
google shouldn't censor its search results in china,internet censorship,search results,0.9,high
google shouldn't censor its search results in china,internet censorship,tcp,0.5,medium
google shouldn't censor its search results in china,internet censorship,web companies,0.6,medium
google shouldn't censor its search results in china,internet censorship,youtube,0.8,high
google shouldn't censor its search results in china,internet security,censor,0.7,high
google shouldn't censor its search results in china,internet security,china,0.4,medium
google shouldn't censor its search results in china,internet security,google,0.8,high
google shouldn't censor its search results in china,internet security,search results,0.4,medium
google shouldn't censor its search results in china,internet users,censor,0.3,low
google shouldn't censor its search results in china,internet users,china,0.4,medium
google shouldn't censor its search results in china,internet users,chinese authorities,0.3,low
google shouldn't censor its search results in china,internet users,corporate,0.0,low
google shouldn't censor its search results in china,internet users,csr policy,0.3,low
google shouldn't censor its search results in china,internet users,gmail accounts,0.7,high
google shouldn't censor its search results in china,internet users,google,0.9,high
google shouldn't censor its search results in china,internet users,google search,0.9,high
google shouldn't censor its search results in china,internet users,internet security,0.7,high
google shouldn't censor its search results in china,internet users,keywords,0.2,low
google shouldn't censor its search results in china,internet users,search results,0.5,medium
google shouldn't censor its search results in china,internet users,tcp,0.5,medium
google shouldn't censor its search results in china,internet users,user,0.9,high
google shouldn't censor its search results in china,internet users,web companies,0.5,medium
google shouldn't censor its search results in china,ip address,business,0.0,low
google shouldn't censor its search results in china,ip address,censor,0.4,medium
google shouldn't censor its search results in china,ip address,china,0.0,low
google shouldn't censor its search results in china,ip address,companies,0.1,low
google shouldn't censor its search results in china,ip address,csr policy,0.1,low
google shouldn't censor its search results in china,ip address,google,0.4,medium
google shouldn't censor its search results in china,ip address,google search,0.5,medium
google shouldn't censor its search results in china,ip address,great firewall,0.7,high
google shouldn't censor its search results in china,ip address,hong kong,0.0,low
google shouldn't censor its search results in china,ip address,internet security,0.5,medium
google shouldn't censor its search results in china,ip address,mainland chinese,0.1,low
google shouldn't censor its search results in china,ip address,search results,0.3,low
google shouldn't censor its search results in china,ip address,tcp,0.5,medium
google shouldn't censor its search results in china,ip address,user,0.6,medium
google shouldn't censor its search results in china,ip address,web companies,0.4,medium
google shouldn't censor its search results in china,ip address,youtube,0.2,low
google shouldn't censor its search results in china,keywords,censor,0.6,medium
google shouldn't censor its search results in china,keywords,china,0.0,low
google shouldn't censor its search results in china,keywords,google,0.6,medium
google shouldn't censor its search results in china,keywords,search results,1.0,high
google shouldn't censor its search results in china,mainland chinese,censor,0.3,low
google shouldn't censor its search results in china,mainland chinese,china,0.9,high
google shouldn't censor its search results in china,mainland chinese,google,0.3,low
google shouldn't censor its search results in china,mainland chinese,search results,0.2,low
google shouldn't censor its search results in china,people with disabilities,block,0.0,low
google shouldn't censor its search results in china,people with disabilities,business,0.0,low
google shouldn't censor its search results in china,people with disabilities,censor,0.0,low
google shouldn't censor its search results in china,people with disabilities,china,0.0,low
google shouldn't censor its search results in china,people with disabilities,chinese authorities,0.0,low
google shouldn't censor its search results in china,people with disabilities,companies,0.0,low
google shouldn't censor its search results in china,people with disabilities,gmail,0.0,low
google shouldn't censor its search results in china,people with disabilities,google,0.0,low
google shouldn't censor its search results in china,people with disabilities,hong kong,0.0,low
google shouldn't censor its search results in china,people with disabilities,internet security,0.0,low
google shouldn't censor its search results in china,people with disabilities,search results,0.0,low
google shouldn't censor its search results in china,people with disabilities,tcp,0.0,low
google shouldn't censor its search results in china,people with disabilities,user,0.1,low
google shouldn't censor its search results in china,people with disabilities,youtube,0.0,low
google shouldn't censor its search results in china,reporters without borders,block,0.2,low
google shouldn't censor its search results in china,reporters without borders,censor,0.75,high
google shouldn't censor its search results in china,reporters without borders,china,0.6,medium
google shouldn't censor its search results in china,reporters without borders,companies,0.1,low
google shouldn't censor its search results in china,reporters without borders,computer information,0.3,low
google shouldn't censor its search results in china,reporters without borders,corporate,0.1,low
google shouldn't censor its search results in china,reporters without borders,google,0.1,low
google shouldn't censor its search results in china,reporters without borders,internet security,0.3,low
google shouldn't censor its search results in china,reporters without borders,keywords,0.1,low
google shouldn't censor its search results in china,reporters without borders,search results,0.1,low
google shouldn't censor its search results in china,search,business,0.0,low
google shouldn't censor its search results in china,search,censor,0.4,medium
google shouldn't censor its search results in china,search,china,0.3,low
google shouldn't censor its search results in china,search,companies,0.0,low
google shouldn't censor its search results in china,search,computer information,0.2,low
google shouldn't censor its search results in china,search,corporate,0.0,low
google shouldn't censor its search results in china,search,gmail,0.2,low
google shouldn't censor its search results in china,search,google,1.0,high
google shouldn't censor its search results in china,search,internet security,0.4,medium
google shouldn't censor its search results in china,search,keywords,1.0,high
google shouldn't censor its search results in china,search,search results,1.0,high
google shouldn't censor its search results in china,search,tcp,0.4,medium
google shouldn't censor its search results in china,search,user,0.5,medium
google shouldn't censor its search results in china,search,web companies,0.4,medium
google shouldn't censor its search results in china,search,youtube,0.5,medium
google shouldn't censor its search results in china,search engine,block,0.7,high
google shouldn't censor its search results in china,search engine,censor,0.65,medium
google shouldn't censor its search results in china,search engine,china,0.3,low
google shouldn't censor its search results in china,search engine,computer information,0.3,low
google shouldn't censor its search results in china,search engine,corporate,0.0,low
google shouldn't censor its search results in china,search engine,gmail,0.3,low
google shouldn't censor its search results in china,search engine,google,1.0,high
google shouldn't censor its search results in china,search engine,google search,1.0,high
google shouldn't censor its search results in china,search engine,keywords,0.9,high
google shouldn't censor its search results in china,search engine,mainland chinese,0.3,low
google shouldn't censor its search results in china,search engine,search results,1.0,high
google shouldn't censor its search results in china,search engines,censor,0.6,medium
google shouldn't censor its search results in china,search engines,china,0.3,low
google shouldn't censor its search results in china,search engines,companies,0.1,low
google shouldn't censor its search results in china,search engines,computer information,0.3,low
google shouldn't censor its search results in china,search engines,corporate,0.0,low
google shouldn't censor its search results in china,search engines,gmail,0.4,medium
google shouldn't censor its search results in china,search engines,gmail accounts,0.2,low
google shouldn't censor its search results in china,search engines,google,1.0,high
google shouldn't censor its search results in china,search engines,great firewall,0.7,high
google shouldn't censor its search results in china,search engines,hong kong,0.1,low
google shouldn't censor its search results in china,search engines,mainland chinese,0.1,low
google shouldn't censor its search results in china,search engines,search results,1.0,high
google shouldn't censor its search results in china,search engines,tcp,0.4,medium
google shouldn't censor its search results in china,search engines,user,0.4,medium
google shouldn't censor its search results in china,search results,business,0.0,low
google shouldn't censor its search results in china,search results,censor,0.9,high
google shouldn't censor its search results in china,search results,china,0.4,medium
google shouldn't censor its search results in china,search results,gmail accounts,0.1,low
google shouldn't censor its search results in china,search results,google,1.0,high
google shouldn't censor its search results in china,search results,great firewall,0.7,high
google shouldn't censor its search results in china,search results,hong kong,0.0,low
google shouldn't censor its search results in china,search results,keywords,0.9,high
google shouldn't censor its search results in china,search results,search results,1.0,high
google shouldn't censor its search results in china,search results,tcp,0.2,low
google shouldn't censor its search results in china,search results,web companies,0.2,low
google shouldn't censor its search results in china,street view program,censor,0.15000000000000002,low
google shouldn't censor its search results in china,street view program,china,0.0,low
google shouldn't censor its search results in china,street view program,chinese authorities,0.0,low
google shouldn't censor its search results in china,street view program,companies,0.0,low
google shouldn't censor its search results in china,street view program,computer information,0.3,low
google shouldn't censor its search results in china,street view program,corporate,0.0,low
google shouldn't censor its search results in china,street view program,google,0.9,high
google shouldn't censor its search results in china,street view program,hong kong,0.1,low
google shouldn't censor its search results in china,street view program,search results,0.4,medium
google shouldn't censor its search results in china,street view program,tcp,0.1,low
google shouldn't censor its search results in china,street view program,user,0.1,low
google shouldn't censor its search results in china,street view program,youtube,0.0,low
google shouldn't censor its search results in china,tcp,censor,0.2,low
google shouldn't censor its search results in china,tcp,china,0.0,low
google shouldn't censor its search results in china,tcp,google,0.5,medium
google shouldn't censor its search results in china,tcp,search results,0.0,low
google shouldn't censor its search results in china,terms of service,censor,0.2,low
google shouldn't censor its search results in china,terms of service,china,0.0,low
google shouldn't censor its search results in china,terms of service,companies,0.7,high
google shouldn't censor its search results in china,terms of service,computer information,0.2,low
google shouldn't censor its search results in china,terms of service,corporate,0.6,medium
google shouldn't censor its search results in china,terms of service,csr policy,0.6,medium
google shouldn't censor its search results in china,terms of service,gmail accounts,0.7,high
google shouldn't censor its search results in china,terms of service,google,1.0,high
google shouldn't censor its search results in china,terms of service,great firewall,0.1,low
google shouldn't censor its search results in china,terms of service,search results,0.2,low
google shouldn't censor its search results in china,terms of service,user,0.7,high
google shouldn't censor its search results in china,terms of service,web companies,0.8,high
google shouldn't censor its search results in china,triple bottom line,censor,0.1,low
google shouldn't censor its search results in china,triple bottom line,china,0.0,low
google shouldn't censor its search results in china,triple bottom line,computer information,0.0,low
google shouldn't censor its search results in china,triple bottom line,corporate,0.3,low
google shouldn't censor its search results in china,triple bottom line,gmail,0.1,low
google shouldn't censor its search results in china,triple bottom line,google,0.1,low
google shouldn't censor its search results in china,triple bottom line,great firewall,0.1,low
google shouldn't censor its search results in china,triple bottom line,internet security,0.1,low
google shouldn't censor its search results in china,triple bottom line,search results,0.0,low
google shouldn't censor its search results in china,triple bottom line,web companies,0.4,medium
google shouldn't censor its search results in china,triple bottom line,youtube,0.0,low
google shouldn't censor its search results in china,typical circumvention methods,business,0.0,low
google shouldn't censor its search results in china,typical circumvention methods,censor,0.8,high
google shouldn't censor its search results in china,typical circumvention methods,china,0.4,medium
google shouldn't censor its search results in china,typical circumvention methods,chinese authorities,0.3,low
google shouldn't censor its search results in china,typical circumvention methods,companies,0.0,low
google shouldn't censor its search results in china,typical circumvention methods,csr policy,0.0,low
google shouldn't censor its search results in china,typical circumvention methods,gmail accounts,0.1,low
google shouldn't censor its search results in china,typical circumvention methods,google,0.5,medium
google shouldn't censor its search results in china,typical circumvention methods,great firewall,0.8,high
google shouldn't censor its search results in china,typical circumvention methods,keywords,0.0,low
google shouldn't censor its search results in china,typical circumvention methods,search results,0.4,medium
google shouldn't censor its search results in china,typical circumvention methods,user,0.4,medium
google shouldn't censor its search results in china,user,censor,0.0,low
google shouldn't censor its search results in china,user,china,0.0,low
google shouldn't censor its search results in china,user,google,0.7,high
google shouldn't censor its search results in china,user,search results,0.5,medium
google shouldn't censor its search results in china,users,block,0.1,low
google shouldn't censor its search results in china,users,censor,0.2,low
google shouldn't censor its search results in china,users,china,0.1,low
google shouldn't censor its search results in china,users,computer information,0.4,medium
google shouldn't censor its search results in china,users,corporate,0.0,low
google shouldn't censor its search results in china,users,gmail,0.6,medium
google shouldn't censor its search results in china,users,gmail accounts,0.8,high
google shouldn't censor its search results in china,users,google,0.7,high
google shouldn't censor its search results in china,users,internet security,0.3,low
google shouldn't censor its search results in china,users,keywords,0.2,low
google shouldn't censor its search results in china,users,search results,0.4,medium
google shouldn't censor its search results in china,users,user,0.9,high
google shouldn't censor its search results in china,users,web companies,0.4,medium
google shouldn't censor its search results in china,web companies,censor,0.3,low
google shouldn't censor its search results in china,web companies,china,0.1,low
google shouldn't censor its search results in china,web companies,google,1.0,high
google shouldn't censor its search results in china,web companies,search results,0.3,low
google shouldn't censor its search results in china,web sites,censor,0.8,high
google shouldn't censor its search results in china,web sites,china,0.6,medium
google shouldn't censor its search results in china,web sites,corporate,0.0,low
google shouldn't censor its search results in china,web sites,gmail accounts,0.3,low
google shouldn't censor its search results in china,web sites,google,1.0,high
google shouldn't censor its search results in china,web sites,search results,0.9,high
google shouldn't censor its search results in china,web sites,web companies,1.0,high
google shouldn't censor its search results in china,web sites,youtube,0.9,high
google shouldn't censor its search results in china,youtube,censor,0.6,medium
google shouldn't censor its search results in china,youtube,china,0.2,low
google shouldn't censor its search results in china,youtube,google,1.0,high
google shouldn't censor its search results in china,youtube,search results,0.6,medium
housewives should be paid for their work,amartya sen,housewives,0.0,low
housewives should be paid for their work,amartya sen,work,0.2,low
housewives should be paid for their work,biases,housewives,0.4,medium
housewives should be paid for their work,biases,work,0.1,low
housewives should be paid for their work,capabilities approach,housewives,0.2,low
housewives should be paid for their work,capabilities approach,work,0.5,medium
housewives should be paid for their work,care,amartya sen,0.0,low
housewives should be paid for their work,care,higher wages,0.1,low
housewives should be paid for their work,care,home,0.6,medium
housewives should be paid for their work,care,housewives,0.7,high
housewives should be paid for their work,care,neoclassical economic,0.0,low
housewives should be paid for their work,care,wages,0.1,low
housewives should be paid for their work,care,work,0.5,medium
housewives should be paid for their work,care penalty,amartya sen,0.1,low
housewives should be paid for their work,care penalty,differences,0.0,low
housewives should be paid for their work,care penalty,emotion,0.2,low
housewives should be paid for their work,care penalty,home,0.5,medium
housewives should be paid for their work,care penalty,housewives,0.9,high
housewives should be paid for their work,care penalty,men,0.0,low
housewives should be paid for their work,care penalty,paid work,0.8,high
housewives should be paid for their work,care penalty,wages,0.3,low
housewives should be paid for their work,care penalty,work,0.7,high
housewives should be paid for their work,care work,biases,0.4,medium
housewives should be paid for their work,care work,economic success,0.1,low
housewives should be paid for their work,care work,higher wages,0.3,low
housewives should be paid for their work,care work,housewives,1.0,high
housewives should be paid for their work,care work,paid work,1.0,high
housewives should be paid for their work,care work,work,1.0,high
housewives should be paid for their work,differences,housewives,0.0,low
housewives should be paid for their work,differences,work,0.1,low
housewives should be paid for their work,domestic work,capabilities approach,0.5,medium
housewives should be paid for their work,domestic work,economic success,0.2,low
housewives should be paid for their work,domestic work,housewives,0.9,high
housewives should be paid for their work,domestic work,jobs,0.7,high
housewives should be paid for their work,domestic work,men,0.3,low
housewives should be paid for their work,domestic work,work,1.0,high
housewives should be paid for their work,economic,economic success,1.0,high
housewives should be paid for their work,economic,housewives,0.2,low
housewives should be paid for their work,economic,work,0.5,medium
housewives should be paid for their work,economic success,housewives,0.0,low
housewives should be paid for their work,economic success,work,0.6,medium
housewives should be paid for their work,economics,biases,0.1,low
housewives should be paid for their work,economics,housewives,0.4,medium
housewives should be paid for their work,economics,men,0.0,low
housewives should be paid for their work,economics,monetary,0.8,high
housewives should be paid for their work,economics,wages,0.6,medium
housewives should be paid for their work,economics,work,0.7,high
housewives should be paid for their work,emotion,housewives,0.1,low
housewives should be paid for their work,emotion,work,0.0,low
housewives should be paid for their work,family,housewives,1.0,high
housewives should be paid for their work,family,work,0.4,medium
housewives should be paid for their work,feminist,amartya sen,0.2,low
housewives should be paid for their work,feminist,biases,0.3,low
housewives should be paid for their work,feminist,economic success,0.1,low
housewives should be paid for their work,feminist,family,0.3,low
housewives should be paid for their work,feminist,home,0.1,low
housewives should be paid for their work,feminist,housewives,0.8,high
housewives should be paid for their work,feminist,jobs,0.2,low
housewives should be paid for their work,feminist,monetary,0.0,low
housewives should be paid for their work,feminist,paid,0.0,low
housewives should be paid for their work,feminist,work,0.2,low
housewives should be paid for their work,feminist economics,differences,0.3,low
housewives should be paid for their work,feminist economics,economic success,0.4,medium
housewives should be paid for their work,feminist economics,family,0.3,low
housewives should be paid for their work,feminist economics,housewives,0.8,high
housewives should be paid for their work,feminist economics,monetary,0.3,low
housewives should be paid for their work,feminist economics,wages,0.6,medium
housewives should be paid for their work,feminist economics,work,0.8,high
housewives should be paid for their work,feminist economists,differences,0.3,low
housewives should be paid for their work,feminist economists,family,0.1,low
housewives should be paid for their work,feminist economists,housewives,0.8,high
housewives should be paid for their work,feminist economists,jobs,0.3,low
housewives should be paid for their work,feminist economists,neoclassical economic,0.6,medium
housewives should be paid for their work,feminist economists,work,0.6,medium
housewives should be paid for their work,feminist economists argue,amartya sen,0.2,low
housewives should be paid for their work,feminist economists argue,differences,0.4,medium
housewives should be paid for their work,feminist economists argue,emotion,0.0,low
housewives should be paid for their work,feminist economists argue,housewives,0.5,medium
housewives should be paid for their work,feminist economists argue,men,0.4,medium
housewives should be paid for their work,feminist economists argue,neoclassical economic,0.2,low
housewives should be paid for their work,feminist economists argue,work,0.5,medium
housewives should be paid for their work,feminist economists claim,amartya sen,0.2,low
housewives should be paid for their work,feminist economists claim,biases,0.5,medium
housewives should be paid for their work,feminist economists claim,differences,0.3,low
housewives should be paid for their work,feminist economists claim,housewives,0.5,medium
housewives should be paid for their work,feminist economists claim,work,0.4,medium
housewives should be paid for their work,folbre,housewives,0.7,high
housewives should be paid for their work,folbre,jobs,0.1,low
housewives should be paid for their work,folbre,paid,0.0,low
housewives should be paid for their work,folbre,work,0.6,medium
housewives should be paid for their work,gender,amartya sen,0.3,low
housewives should be paid for their work,gender,emotion,0.1,low
housewives should be paid for their work,gender,housewives,0.6,medium
housewives should be paid for their work,gender,paid work,0.1,low
housewives should be paid for their work,gender,wages,0.4,medium
housewives should be paid for their work,gender,work,0.2,low
housewives should be paid for their work,higher wages,housewives,0.2,low
housewives should be paid for their work,higher wages,work,0.9,high
housewives should be paid for their work,home,housewives,1.0,high
housewives should be paid for their work,home,work,0.5,medium
housewives should be paid for their work,household,family,1.0,high
housewives should be paid for their work,household,home,1.0,high
housewives should be paid for their work,household,housewives,1.0,high
housewives should be paid for their work,household,monetary,0.2,low
housewives should be paid for their work,household,paid,0.5,medium
housewives should be paid for their work,household,paid work,0.5,medium
housewives should be paid for their work,household,work,0.8,high
housewives should be paid for their work,human development index,emotion,0.1,low
housewives should be paid for their work,human development index,family,0.0,low
housewives should be paid for their work,human development index,higher wages,0.5,medium
housewives should be paid for their work,human development index,housewives,0.0,low
housewives should be paid for their work,human development index,jobs,0.2,low
housewives should be paid for their work,human development index,work,0.5,medium
housewives should be paid for their work,jobs,housewives,0.5,medium
housewives should be paid for their work,jobs,work,1.0,high
housewives should be paid for their work,journal feminist economics,biases,0.3,low
housewives should be paid for their work,journal feminist economics,differences,0.2,low
housewives should be paid for their work,journal feminist economics,home,0.2,low
housewives should be paid for their work,journal feminist economics,housewives,0.4,medium
housewives should be paid for their work,journal feminist economics,jobs,0.1,low
housewives should be paid for their work,journal feminist economics,low wages,0.2,low
housewives should be paid for their work,journal feminist economics,men,0.2,low
housewives should be paid for their work,journal feminist economics,paid,0.1,low
housewives should be paid for their work,journal feminist economics,paid work,0.3,low
housewives should be paid for their work,journal feminist economics,work,0.4,medium
housewives should be paid for their work,low wages,housewives,0.2,low
housewives should be paid for their work,low wages,work,1.0,high
housewives should be paid for their work,mainstream economics,emotion,0.0,low
housewives should be paid for their work,mainstream economics,family,0.1,low
housewives should be paid for their work,mainstream economics,higher wages,0.2,low
housewives should be paid for their work,mainstream economics,home,0.1,low
housewives should be paid for their work,mainstream economics,housewives,0.2,low
housewives should be paid for their work,mainstream economics,men,0.2,low
housewives should be paid for their work,mainstream economics,wages,0.5,medium
housewives should be paid for their work,mainstream economics,work,0.8,high
housewives should be paid for their work,market work,family,0.1,low
housewives should be paid for their work,market work,housewives,0.4,medium
housewives should be paid for their work,market work,low wages,0.6,medium
housewives should be paid for their work,market work,monetary,0.7,high
housewives should be paid for their work,market work,neoclassical economic,0.6,medium
housewives should be paid for their work,market work,work,0.9,high
housewives should be paid for their work,men,housewives,0.6,medium
housewives should be paid for their work,men,work,0.1,low
housewives should be paid for their work,monetary,housewives,0.2,low
housewives should be paid for their work,monetary,work,0.7,high
housewives should be paid for their work,nancy folbre,amartya sen,0.4,medium
housewives should be paid for their work,nancy folbre,capabilities approach,0.2,low
housewives should be paid for their work,nancy folbre,higher wages,0.1,low
housewives should be paid for their work,nancy folbre,housewives,0.8,high
housewives should be paid for their work,nancy folbre,work,0.4,medium
housewives should be paid for their work,neoclassical economic,housewives,0.1,low
housewives should be paid for their work,neoclassical economic,work,0.2,low
housewives should be paid for their work,opportunity cost,family,0.1,low
housewives should be paid for their work,opportunity cost,housewives,0.4,medium
housewives should be paid for their work,opportunity cost,monetary,0.6,medium
housewives should be paid for their work,opportunity cost,paid work,0.4,medium
housewives should be paid for their work,opportunity cost,work,0.6,medium
housewives should be paid for their work,paid,housewives,0.4,medium
housewives should be paid for their work,paid,work,0.9,high
housewives should be paid for their work,paid work,housewives,0.8,high
housewives should be paid for their work,paid work,work,1.0,high
housewives should be paid for their work,quality of care,housewives,0.6,medium
housewives should be paid for their work,quality of care,low wages,0.1,low
housewives should be paid for their work,quality of care,work,0.1,low
housewives should be paid for their work,replacement cost method,housewives,0.5,medium
housewives should be paid for their work,replacement cost method,men,0.0,low
housewives should be paid for their work,replacement cost method,work,0.4,medium
housewives should be paid for their work,university of massachusetts,capabilities approach,0.0,low
housewives should be paid for their work,university of massachusetts,family,0.1,low
housewives should be paid for their work,university of massachusetts,higher wages,0.0,low
housewives should be paid for their work,university of massachusetts,home,0.1,low
housewives should be paid for their work,university of massachusetts,housewives,0.1,low
housewives should be paid for their work,university of massachusetts,low wages,0.0,low
housewives should be paid for their work,university of massachusetts,men,0.1,low
housewives should be paid for their work,university of massachusetts,work,0.1,low
housewives should be paid for their work,unpaid,housewives,0.9,high
housewives should be paid for their work,unpaid,jobs,0.8,high
housewives should be paid for their work,unpaid,monetary,0.6,medium
housewives should be paid for their work,unpaid,work,0.8,high
housewives should be paid for their work,unpaid care work,capabilities approach,0.3,low
housewives should be paid for their work,unpaid care work,economic success,0.3,low
housewives should be paid for their work,unpaid care work,housewives,1.0,high
housewives should be paid for their work,unpaid care work,jobs,0.6,medium
housewives should be paid for their work,unpaid care work,neoclassical economic,0.1,low
housewives should be paid for their work,unpaid care work,paid work,1.0,high
housewives should be paid for their work,unpaid care work,wages,0.7,high
housewives should be paid for their work,unpaid care work,work,1.0,high
housewives should be paid for their work,unpaid work,emotion,0.0,low
housewives should be paid for their work,unpaid work,housewives,1.0,high
housewives should be paid for their work,unpaid work,jobs,0.8,high
housewives should be paid for their work,unpaid work,low wages,0.5,medium
housewives should be paid for their work,unpaid work,paid work,0.7,high
housewives should be paid for their work,unpaid work,wages,0.9,high
housewives should be paid for their work,unpaid work,work,1.0,high
housewives should be paid for their work,wages,housewives,0.5,medium
housewives should be paid for their work,wages,work,1.0,high
housewives should be paid for their work,women,amartya sen,0.2,low
housewives should be paid for their work,women,differences,0.2,low
housewives should be paid for their work,women,emotion,0.1,low
housewives should be paid for their work,women,family,0.6,medium
housewives should be paid for their work,women,higher wages,0.2,low
housewives should be paid for their work,women,housewives,0.9,high
housewives should be paid for their work,women,jobs,0.2,low
housewives should be paid for their work,women,work,0.4,medium
housewives should be paid for their work,work,economic success,0.6,medium
housewives should be paid for their work,work,emotion,0.0,low
housewives should be paid for their work,work,housewives,0.7,high
housewives should be paid for their work,work,jobs,1.0,high
housewives should be paid for their work,work,neoclassical economic,0.3,low
housewives should be paid for their work,work,work,1.0,high
intellectual property rights should be abolished,anti copyright,intellectual property rights,1.0,high
intellectual property rights should be abolished,anti copyright,scarce,0.0,low
intellectual property rights should be abolished,antiviral drugs,intellectual property rights,0.0,low
intellectual property rights should be abolished,berne convention,innovation,0.0,low
intellectual property rights should be abolished,berne convention,intellectual property rights,1.0,high
intellectual property rights should be abolished,berne convention,jurisdictions,0.1,low
intellectual property rights should be abolished,copyright,infringement,0.9,high
intellectual property rights should be abolished,copyright,intellectual property rights,1.0,high
intellectual property rights should be abolished,copyright,license,0.7,high
intellectual property rights should be abolished,copyright,public property,0.9,high
intellectual property rights should be abolished,copyright,wipo,1.0,high
intellectual property rights should be abolished,copyright holder,infringement,0.8,high
intellectual property rights should be abolished,copyright holder,intellectual property rights,1.0,high
intellectual property rights should be abolished,copyright law,intellectual property rights,1.0,high
intellectual property rights should be abolished,copyright law,john locke,0.5,medium
intellectual property rights should be abolished,copyright law,paris convention,0.8,high
intellectual property rights should be abolished,copyright law,patent rights,1.0,high
intellectual property rights should be abolished,copyright law,property systems,1.0,high
intellectual property rights should be abolished,copyright laws,intellectual property rights,1.0,high
intellectual property rights should be abolished,copyright system,intellectual property rights,1.0,high
intellectual property rights should be abolished,copyrights,copyright system,1.0,high
intellectual property rights should be abolished,copyrights,intellectual property rights,1.0,high
intellectual property rights should be abolished,copyrights,patent rights,0.9,high
intellectual property rights should be abolished,exclusive,intellectual property rights,0.6,medium
intellectual property rights should be abolished,exclusive rights,innovation,0.0,low
intellectual property rights should be abolished,exclusive rights,intellectual property rights,0.7,high
intellectual property rights should be abolished,existing copyright law,fair dealing,0.9,high
intellectual property rights should be abolished,existing copyright law,innovation,0.1,low
intellectual property rights should be abolished,existing copyright law,intellectual property rights,1.0,high
intellectual property rights should be abolished,existing copyright law,monopolies,0.3,low
intellectual property rights should be abolished,existing copyright law,paris convention,0.8,high
intellectual property rights should be abolished,existing copyright law,property systems,0.9,high
intellectual property rights should be abolished,fair dealing,intellectual property rights,0.9,high
intellectual property rights should be abolished,first sale doctrine,copyright system,1.0,high
intellectual property rights should be abolished,first sale doctrine,intellectual property rights,1.0,high
intellectual property rights should be abolished,infringement,intellectual property rights,0.9,high
intellectual property rights should be abolished,innovation,intellectual property rights,0.2,low
intellectual property rights should be abolished,intellectual,antiviral drugs,0.0,low
intellectual property rights should be abolished,intellectual,intellectual property rights,0.8,high
intellectual property rights should be abolished,intellectual,patent laws,0.2,low
intellectual property rights should be abolished,intellectual property,intellectual property rights,1.0,high
intellectual property rights should be abolished,intellectual property,patent rights,1.0,high
intellectual property rights should be abolished,intellectual property law,infringement,1.0,high
intellectual property rights should be abolished,intellectual property law,intellectual property rights,1.0,high
intellectual property rights should be abolished,intellectual property law,property systems,0.9,high
intellectual property rights should be abolished,intellectual property law,public property,0.8,high
intellectual property rights should be abolished,intellectual property laws,intellectual property rights,1.0,high
intellectual property rights should be abolished,intellectual property laws,scarce,0.0,low
intellectual property rights should be abolished,intellectual property laws,wipo,0.9,high
intellectual property rights should be abolished,intellectual property rights,antiviral drugs,0.1,low
intellectual property rights should be abolished,intellectual property rights,intellectual property rights,1.0,high
intellectual property rights should be abolished,intellectual property rights,patent laws,1.0,high
intellectual property rights should be abolished,intellectual property rights,tangible,0.2,low
intellectual property rights should be abolished,john locke,intellectual property rights,0.7,high
intellectual property rights should be abolished,jurisdictions,intellectual property rights,0.3,low
intellectual property rights should be abolished,justifications,intellectual property rights,0.3,low
intellectual property rights should be abolished,license,intellectual property rights,0.8,high
intellectual property rights should be abolished,modern patent,intellectual property rights,1.0,high
intellectual property rights should be abolished,monopolies,intellectual property rights,0.2,low
intellectual property rights should be abolished,monopoly,intellectual property rights,0.2,low
intellectual property rights should be abolished,ownership,antiviral drugs,0.0,low
intellectual property rights should be abolished,ownership,intellectual property rights,0.8,high
intellectual property rights should be abolished,ownership of capital,antiviral drugs,0.0,low
intellectual property rights should be abolished,ownership of capital,intellectual property rights,0.3,low
intellectual property rights should be abolished,ownership of capital,wipo,0.3,low
intellectual property rights should be abolished,paris convention,intellectual property rights,1.0,high
intellectual property rights should be abolished,patent,intellectual property rights,1.0,high
intellectual property rights should be abolished,patent,scarce,0.0,low
intellectual property rights should be abolished,patent laws,intellectual property rights,1.0,high
intellectual property rights should be abolished,patent rights,intellectual property rights,0.9,high
intellectual property rights should be abolished,patents,intellectual property rights,1.0,high
intellectual property rights should be abolished,patents,jurisdictions,0.1,low
intellectual property rights should be abolished,patents,license,0.8,high
intellectual property rights should be abolished,patents,public property,0.8,high
intellectual property rights should be abolished,patents,tangible,0.0,low
intellectual property rights should be abolished,private property,fair dealing,0.3,low
intellectual property rights should be abolished,private property,intellectual property rights,0.9,high
intellectual property rights should be abolished,private property,jurisdictions,0.1,low
intellectual property rights should be abolished,private property,monopolies,0.2,low
intellectual property rights should be abolished,private property,patent laws,0.8,high
intellectual property rights should be abolished,private property,public property,1.0,high
intellectual property rights should be abolished,private property,wipo,0.6,medium
intellectual property rights should be abolished,progress of science,intellectual property rights,0.2,low
intellectual property rights should be abolished,progress of science,patent laws,0.2,low
intellectual property rights should be abolished,property,infringement,0.3,low
intellectual property rights should be abolished,property,intellectual property rights,1.0,high
intellectual property rights should be abolished,property rights,intellectual property rights,1.0,high
intellectual property rights should be abolished,property rights,john locke,0.8,high
intellectual property rights should be abolished,property rights,modern patent,0.9,high
intellectual property rights should be abolished,property rights,patent rights,1.0,high
intellectual property rights should be abolished,property systems,intellectual property rights,0.9,high
intellectual property rights should be abolished,public domain,intellectual property rights,0.6,medium
intellectual property rights should be abolished,public property,intellectual property rights,0.7,high
intellectual property rights should be abolished,rights,intellectual property rights,0.9,high
intellectual property rights should be abolished,rights,public property,0.5,medium
intellectual property rights should be abolished,rights,tangible,0.0,low
intellectual property rights should be abolished,scarce,intellectual property rights,0.0,low
intellectual property rights should be abolished,tangible,intellectual property rights,0.2,low
intellectual property rights should be abolished,theories of property,intellectual property rights,0.9,high
intellectual property rights should be abolished,theories of property,john locke,0.9,high
intellectual property rights should be abolished,theories of property,jurisdictions,0.1,low
intellectual property rights should be abolished,theories of property,public property,1.0,high
intellectual property rights should be abolished,theory of property,intellectual property rights,1.0,high
intellectual property rights should be abolished,theory of property,john locke,0.9,high
intellectual property rights should be abolished,theory of property,patent laws,0.9,high
intellectual property rights should be abolished,theory of property,public property,1.0,high
intellectual property rights should be abolished,wipo,intellectual property rights,1.0,high
intellectual property rights should be abolished,works,intellectual property rights,0.3,low
intellectual property rights should be abolished,works,public property,0.1,low
it is sometimes right for the government to restrict freedom of speech,article,freedom of speech,0.2,low
it is sometimes right for the government to restrict freedom of speech,article,government,0.1,low
it is sometimes right for the government to restrict freedom of speech,article,redress of grievances,0.0,low
it is sometimes right for the government to restrict freedom of speech,article,shouting fire,0.1,low
it is sometimes right for the government to restrict freedom of speech,article,slander,0.0,low
it is sometimes right for the government to restrict freedom of speech,banned,freedom of speech,0.1,low
it is sometimes right for the government to restrict freedom of speech,banned,government,0.2,low
it is sometimes right for the government to restrict freedom of speech,banned in australia,freedom of speech,0.0,low
it is sometimes right for the government to restrict freedom of speech,banned in australia,government,0.0,low
it is sometimes right for the government to restrict freedom of speech,bill of rights,court of appeals,0.1,low
it is sometimes right for the government to restrict freedom of speech,bill of rights,free speech fights,0.8,high
it is sometimes right for the government to restrict freedom of speech,bill of rights,freedom of speech,1.0,high
it is sometimes right for the government to restrict freedom of speech,bill of rights,good faith,0.0,low
it is sometimes right for the government to restrict freedom of speech,bill of rights,government,0.7,high
it is sometimes right for the government to restrict freedom of speech,bill of rights,slander and libel,0.4,medium
it is sometimes right for the government to restrict freedom of speech,brandenburg v ohio,freedom of speech,0.9,high
it is sometimes right for the government to restrict freedom of speech,brandenburg v ohio,government,0.2,low
it is sometimes right for the government to restrict freedom of speech,canadian human rights,freedom of speech,1.0,high
it is sometimes right for the government to restrict freedom of speech,canadian human rights,government,0.2,low
it is sometimes right for the government to restrict freedom of speech,case,freedom of speech,0.0,low
it is sometimes right for the government to restrict freedom of speech,case,government,0.0,low
it is sometimes right for the government to restrict freedom of speech,censored,freedom of speech,0.9,high
it is sometimes right for the government to restrict freedom of speech,censored,government,0.4,medium
it is sometimes right for the government to restrict freedom of speech,censorship,banned,0.5,medium
it is sometimes right for the government to restrict freedom of speech,censorship,code,0.1,low
it is sometimes right for the government to restrict freedom of speech,censorship,freedom of speech,1.0,high
it is sometimes right for the government to restrict freedom of speech,censorship,gas chambers,0.0,low
it is sometimes right for the government to restrict freedom of speech,censorship,government,0.9,high
it is sometimes right for the government to restrict freedom of speech,censorship,reasonable restrictions,0.8,high
it is sometimes right for the government to restrict freedom of speech,censorship,rights of man,0.3,low
it is sometimes right for the government to restrict freedom of speech,censorship,sexually explicit,0.5,medium
it is sometimes right for the government to restrict freedom of speech,chrc,freedom of speech,0.6,medium
it is sometimes right for the government to restrict freedom of speech,chrc,government,0.1,low
it is sometimes right for the government to restrict freedom of speech,classification board,freedom of speech,0.6,medium
it is sometimes right for the government to restrict freedom of speech,classification board,government,0.3,low
it is sometimes right for the government to restrict freedom of speech,coarse language,freedom of speech,0.9,high
it is sometimes right for the government to restrict freedom of speech,coarse language,government,0.1,low
it is sometimes right for the government to restrict freedom of speech,code,freedom of speech,0.1,low
it is sometimes right for the government to restrict freedom of speech,code,government,0.0,low
it is sometimes right for the government to restrict freedom of speech,content,freedom of speech,0.4,medium
it is sometimes right for the government to restrict freedom of speech,content,government,0.0,low
it is sometimes right for the government to restrict freedom of speech,convention,freedom of speech,0.1,low
it is sometimes right for the government to restrict freedom of speech,convention,government,0.1,low
it is sometimes right for the government to restrict freedom of speech,council of europe,code,0.0,low
it is sometimes right for the government to restrict freedom of speech,council of europe,freedom of speech,0.2,low
it is sometimes right for the government to restrict freedom of speech,council of europe,government,0.1,low
it is sometimes right for the government to restrict freedom of speech,court,convention,0.1,low
it is sometimes right for the government to restrict freedom of speech,court,free speech fights,0.4,medium
it is sometimes right for the government to restrict freedom of speech,court,freedom of speech,0.2,low
it is sometimes right for the government to restrict freedom of speech,court,global network initiative,0.1,low
it is sometimes right for the government to restrict freedom of speech,court,government,0.2,low
it is sometimes right for the government to restrict freedom of speech,court of appeals,freedom of speech,0.1,low
it is sometimes right for the government to restrict freedom of speech,court of appeals,government,0.3,low
it is sometimes right for the government to restrict freedom of speech,defamation,banned in australia,0.1,low
it is sometimes right for the government to restrict freedom of speech,defamation,canadian human rights,0.3,low
it is sometimes right for the government to restrict freedom of speech,defamation,content,0.2,low
it is sometimes right for the government to restrict freedom of speech,defamation,free speech fights,0.7,high
it is sometimes right for the government to restrict freedom of speech,defamation,freedom of speech,1.0,high
it is sometimes right for the government to restrict freedom of speech,defamation,government,0.1,low
it is sometimes right for the government to restrict freedom of speech,defamation,imminent lawless action,0.4,medium
it is sometimes right for the government to restrict freedom of speech,defamation,rights of man,0.4,medium
it is sometimes right for the government to restrict freedom of speech,defamation,slander,1.0,high
it is sometimes right for the government to restrict freedom of speech,defamation laws,freedom of speech,1.0,high
it is sometimes right for the government to restrict freedom of speech,defamation laws,government,0.4,medium
it is sometimes right for the government to restrict freedom of speech,defamatory,freedom of speech,0.9,high
it is sometimes right for the government to restrict freedom of speech,defamatory,government,0.1,low
it is sometimes right for the government to restrict freedom of speech,economic social,case,0.0,low
it is sometimes right for the government to restrict freedom of speech,economic social,censored,0.0,low
it is sometimes right for the government to restrict freedom of speech,economic social,classification board,0.0,low
it is sometimes right for the government to restrict freedom of speech,economic social,freedom of speech,0.0,low
it is sometimes right for the government to restrict freedom of speech,economic social,government,0.2,low
it is sometimes right for the government to restrict freedom of speech,expression,banned,0.1,low
it is sometimes right for the government to restrict freedom of speech,expression,canadian human rights,0.2,low
it is sometimes right for the government to restrict freedom of speech,expression,classification board,0.2,low
it is sometimes right for the government to restrict freedom of speech,expression,coarse language,0.9,high
it is sometimes right for the government to restrict freedom of speech,expression,freedom of speech,0.9,high
it is sometimes right for the government to restrict freedom of speech,expression,good faith,0.0,low
it is sometimes right for the government to restrict freedom of speech,expression,government,0.0,low
it is sometimes right for the government to restrict freedom of speech,expression,imminent lawless action,0.1,low
it is sometimes right for the government to restrict freedom of speech,expression,reasonable restrictions,0.5,medium
it is sometimes right for the government to restrict freedom of speech,expression,rights of man,0.3,low
it is sometimes right for the government to restrict freedom of speech,fairness doctrine,freedom of speech,0.8,high
it is sometimes right for the government to restrict freedom of speech,fairness doctrine,government,0.4,medium
it is sometimes right for the government to restrict freedom of speech,fairness doctrine,reasonable restrictions,0.3,low
it is sometimes right for the government to restrict freedom of speech,fairness doctrine,slander,0.2,low
it is sometimes right for the government to restrict freedom of speech,free speech,court of appeals,0.1,low
it is sometimes right for the government to restrict freedom of speech,free speech,freedom of speech,1.0,high
it is sometimes right for the government to restrict freedom of speech,free speech,government,0.3,low
it is sometimes right for the government to restrict freedom of speech,free speech,slander and libel,1.0,high
it is sometimes right for the government to restrict freedom of speech,free speech fight,banned,0.0,low
it is sometimes right for the government to restrict freedom of speech,free speech fight,case,0.0,low
it is sometimes right for the government to restrict freedom of speech,free speech fight,chrc,0.7,high
it is sometimes right for the government to restrict freedom of speech,free speech fight,free speech fights,1.0,high
it is sometimes right for the government to restrict freedom of speech,free speech fight,freedom of speech,1.0,high
it is sometimes right for the government to restrict freedom of speech,free speech fight,government,0.3,low
it is sometimes right for the government to restrict freedom of speech,free speech fights,freedom of speech,1.0,high
it is sometimes right for the government to restrict freedom of speech,free speech fights,government,0.4,medium
it is sometimes right for the government to restrict freedom of speech,free speech zones,case,0.0,low
it is sometimes right for the government to restrict freedom of speech,free speech zones,chrc,0.2,low
it is sometimes right for the government to restrict freedom of speech,free speech zones,freedom of speech,1.0,high
it is sometimes right for the government to restrict freedom of speech,free speech zones,government,0.4,medium
it is sometimes right for the government to restrict freedom of speech,freedom,banned in australia,0.0,low
it is sometimes right for the government to restrict freedom of speech,freedom,censored,0.5,medium
it is sometimes right for the government to restrict freedom of speech,freedom,classification board,0.1,low
it is sometimes right for the government to restrict freedom of speech,freedom,defamation laws,0.2,low
it is sometimes right for the government to restrict freedom of speech,freedom,freedom of speech,1.0,high
it is sometimes right for the government to restrict freedom of speech,freedom,government,0.3,low
it is sometimes right for the government to restrict freedom of speech,freedom,reasonable restrictions,0.7,high
it is sometimes right for the government to restrict freedom of speech,freedom,shouting fire,0.3,low
it is sometimes right for the government to restrict freedom of speech,freedom of expression,classification board,0.5,medium
it is sometimes right for the government to restrict freedom of speech,freedom of expression,defamatory,0.8,high
it is sometimes right for the government to restrict freedom of speech,freedom of expression,freedom of speech,1.0,high
it is sometimes right for the government to restrict freedom of speech,freedom of expression,global network initiative,0.5,medium
it is sometimes right for the government to restrict freedom of speech,freedom of expression,good faith,0.0,low
it is sometimes right for the government to restrict freedom of speech,freedom of expression,government,0.3,low
it is sometimes right for the government to restrict freedom of speech,freedom of press,banned in australia,0.0,low
it is sometimes right for the government to restrict freedom of speech,freedom of press,brandenburg v ohio,0.5,medium
it is sometimes right for the government to restrict freedom of speech,freedom of press,freedom of speech,1.0,high
it is sometimes right for the government to restrict freedom of speech,freedom of press,gas chambers,0.0,low
it is sometimes right for the government to restrict freedom of speech,freedom of press,government,0.2,low
it is sometimes right for the government to restrict freedom of speech,freedom of press,politically incorrect,0.4,medium
it is sometimes right for the government to restrict freedom of speech,freedom of press,redress of grievances,0.1,low
it is sometimes right for the government to restrict freedom of speech,freedom of speech,court of appeals,0.2,low
it is sometimes right for the government to restrict freedom of speech,freedom of speech,freedom of speech,1.0,high
it is sometimes right for the government to restrict freedom of speech,freedom of speech,good faith,0.0,low
it is sometimes right for the government to restrict freedom of speech,freedom of speech,government,0.4,medium
it is sometimes right for the government to restrict freedom of speech,freedom of speech,redress of grievances,0.4,medium
it is sometimes right for the government to restrict freedom of speech,freedom of speech,slander,1.0,high
it is sometimes right for the government to restrict freedom of speech,gas chambers,freedom of speech,0.1,low
it is sometimes right for the government to restrict freedom of speech,gas chambers,government,0.0,low
it is sometimes right for the government to restrict freedom of speech,global network initiative,freedom of speech,0.7,high
it is sometimes right for the government to restrict freedom of speech,global network initiative,government,0.2,low
it is sometimes right for the government to restrict freedom of speech,good faith,freedom of speech,0.0,low
it is sometimes right for the government to restrict freedom of speech,good faith,government,0.0,low
it is sometimes right for the government to restrict freedom of speech,hate speech,brandenburg v ohio,0.8,high
it is sometimes right for the government to restrict freedom of speech,hate speech,defamation laws,0.8,high
it is sometimes right for the government to restrict freedom of speech,hate speech,defamatory,0.7,high
it is sometimes right for the government to restrict freedom of speech,hate speech,freedom of speech,1.0,high
it is sometimes right for the government to restrict freedom of speech,hate speech,government,0.3,low
it is sometimes right for the government to restrict freedom of speech,holocaust,banned,0.0,low
it is sometimes right for the government to restrict freedom of speech,holocaust,banned in australia,0.0,low
it is sometimes right for the government to restrict freedom of speech,holocaust,brandenburg v ohio,0.0,low
it is sometimes right for the government to restrict freedom of speech,holocaust,chrc,0.1,low
it is sometimes right for the government to restrict freedom of speech,holocaust,defamation laws,0.1,low
it is sometimes right for the government to restrict freedom of speech,holocaust,defamatory,0.1,low
it is sometimes right for the government to restrict freedom of speech,holocaust,freedom of speech,0.1,low
it is sometimes right for the government to restrict freedom of speech,holocaust,government,0.0,low
it is sometimes right for the government to restrict freedom of speech,holocaust,pornography,0.1,low
it is sometimes right for the government to restrict freedom of speech,holocaust,sexually explicit,0.0,low
it is sometimes right for the government to restrict freedom of speech,holocaust denial,banned in australia,0.2,low
it is sometimes right for the government to restrict freedom of speech,holocaust denial,brandenburg v ohio,0.1,low
it is sometimes right for the government to restrict freedom of speech,holocaust denial,code,0.0,low
it is sometimes right for the government to restrict freedom of speech,holocaust denial,freedom of speech,0.5,medium
it is sometimes right for the government to restrict freedom of speech,holocaust denial,government,0.1,low
it is sometimes right for the government to restrict freedom of speech,holocaust denial,reasonable restrictions,0.4,medium
it is sometimes right for the government to restrict freedom of speech,holocaust deniers,banned in australia,0.3,low
it is sometimes right for the government to restrict freedom of speech,holocaust deniers,freedom of speech,0.6,medium
it is sometimes right for the government to restrict freedom of speech,holocaust deniers,government,0.1,low
it is sometimes right for the government to restrict freedom of speech,human rights,defamatory,0.1,low
it is sometimes right for the government to restrict freedom of speech,human rights,freedom of speech,1.0,high
it is sometimes right for the government to restrict freedom of speech,human rights,government,0.3,low
it is sometimes right for the government to restrict freedom of speech,human rights,rights of man,1.0,high
it is sometimes right for the government to restrict freedom of speech,imminent lawless action,freedom of speech,0.8,high
it is sometimes right for the government to restrict freedom of speech,imminent lawless action,government,0.2,low
it is sometimes right for the government to restrict freedom of speech,index on censorship,banned in australia,0.0,low
it is sometimes right for the government to restrict freedom of speech,index on censorship,canadian human rights,0.1,low
it is sometimes right for the government to restrict freedom of speech,index on censorship,defamatory,0.3,low
it is sometimes right for the government to restrict freedom of speech,index on censorship,freedom of speech,1.0,high
it is sometimes right for the government to restrict freedom of speech,index on censorship,government,0.4,medium
it is sometimes right for the government to restrict freedom of speech,index on censorship,slander,0.2,low
it is sometimes right for the government to restrict freedom of speech,libel,banned,0.1,low
it is sometimes right for the government to restrict freedom of speech,libel,canadian human rights,0.2,low
it is sometimes right for the government to restrict freedom of speech,libel,case,0.1,low
it is sometimes right for the government to restrict freedom of speech,libel,coarse language,0.7,high
it is sometimes right for the government to restrict freedom of speech,libel,freedom of speech,0.9,high
it is sometimes right for the government to restrict freedom of speech,libel,government,0.2,low
it is sometimes right for the government to restrict freedom of speech,libel,shouting fire,0.3,low
it is sometimes right for the government to restrict freedom of speech,national security,case,0.1,low
it is sometimes right for the government to restrict freedom of speech,national security,chrc,0.0,low
it is sometimes right for the government to restrict freedom of speech,national security,court of appeals,0.1,low
it is sometimes right for the government to restrict freedom of speech,national security,freedom of speech,0.4,medium
it is sometimes right for the government to restrict freedom of speech,national security,government,0.9,high
it is sometimes right for the government to restrict freedom of speech,national security,imminent lawless action,0.4,medium
it is sometimes right for the government to restrict freedom of speech,official secrets act,freedom of speech,0.8,high
it is sometimes right for the government to restrict freedom of speech,official secrets act,government,0.7,high
it is sometimes right for the government to restrict freedom of speech,official secrets act,politically incorrect,0.1,low
it is sometimes right for the government to restrict freedom of speech,politically incorrect,freedom of speech,0.5,medium
it is sometimes right for the government to restrict freedom of speech,politically incorrect,government,0.2,low
it is sometimes right for the government to restrict freedom of speech,pornography,freedom of speech,0.3,low
it is sometimes right for the government to restrict freedom of speech,pornography,government,0.0,low
it is sometimes right for the government to restrict freedom of speech,reasonable restrictions,freedom of speech,0.9,high
it is sometimes right for the government to restrict freedom of speech,reasonable restrictions,government,0.4,medium
it is sometimes right for the government to restrict freedom of speech,redress of grievances,freedom of speech,0.6,medium
it is sometimes right for the government to restrict freedom of speech,redress of grievances,government,0.5,medium
it is sometimes right for the government to restrict freedom of speech,refused classification,freedom of speech,0.6,medium
it is sometimes right for the government to restrict freedom of speech,refused classification,government,0.2,low
it is sometimes right for the government to restrict freedom of speech,rights,case,0.0,low
it is sometimes right for the government to restrict freedom of speech,rights,chrc,0.5,medium
it is sometimes right for the government to restrict freedom of speech,rights,court of appeals,0.4,medium
it is sometimes right for the government to restrict freedom of speech,rights,freedom of speech,1.0,high
it is sometimes right for the government to restrict freedom of speech,rights,government,0.2,low
it is sometimes right for the government to restrict freedom of speech,rights,refused classification,0.1,low
it is sometimes right for the government to restrict freedom of speech,rights of man,freedom of speech,1.0,high
it is sometimes right for the government to restrict freedom of speech,rights of man,government,0.3,low
it is sometimes right for the government to restrict freedom of speech,secret service,banned,0.0,low
it is sometimes right for the government to restrict freedom of speech,secret service,censored,0.4,medium
it is sometimes right for the government to restrict freedom of speech,secret service,court of appeals,0.0,low
it is sometimes right for the government to restrict freedom of speech,secret service,freedom of speech,0.2,low
it is sometimes right for the government to restrict freedom of speech,secret service,government,0.9,high
it is sometimes right for the government to restrict freedom of speech,secret service,politically incorrect,0.0,low
it is sometimes right for the government to restrict freedom of speech,secret service,rights of man,0.0,low
it is sometimes right for the government to restrict freedom of speech,sexually explicit,freedom of speech,0.5,medium
it is sometimes right for the government to restrict freedom of speech,sexually explicit,government,0.0,low
it is sometimes right for the government to restrict freedom of speech,shouting fire,freedom of speech,0.6,medium
it is sometimes right for the government to restrict freedom of speech,shouting fire,government,0.0,low
it is sometimes right for the government to restrict freedom of speech,slander,freedom of speech,0.9,high
it is sometimes right for the government to restrict freedom of speech,slander,government,0.1,low
it is sometimes right for the government to restrict freedom of speech,slander and libel,freedom of speech,0.9,high
it is sometimes right for the government to restrict freedom of speech,slander and libel,government,0.1,low
it is sometimes right for the government to restrict freedom of speech,speech,canadian human rights,0.1,low
it is sometimes right for the government to restrict freedom of speech,speech,censored,0.7,high
it is sometimes right for the government to restrict freedom of speech,speech,freedom of speech,1.0,high
it is sometimes right for the government to restrict freedom of speech,speech,gas chambers,0.0,low
it is sometimes right for the government to restrict freedom of speech,speech,government,0.1,low
it is sometimes right for the government to restrict freedom of speech,speech,sexually explicit,0.1,low
it is sometimes right for the government to restrict freedom of speech,state secrets privilege,brandenburg v ohio,0.1,low
it is sometimes right for the government to restrict freedom of speech,state secrets privilege,classification board,0.3,low
it is sometimes right for the government to restrict freedom of speech,state secrets privilege,content,0.1,low
it is sometimes right for the government to restrict freedom of speech,state secrets privilege,court of appeals,0.1,low
it is sometimes right for the government to restrict freedom of speech,state secrets privilege,freedom of speech,0.6,medium
it is sometimes right for the government to restrict freedom of speech,state secrets privilege,good faith,0.0,low
it is sometimes right for the government to restrict freedom of speech,state secrets privilege,government,0.9,high
it is sometimes right for the government to restrict freedom of speech,state secrets privilege,slander,0.0,low
it is sometimes right for the government to restrict freedom of speech,supreme court,case,0.9,high
it is sometimes right for the government to restrict freedom of speech,supreme court,classification board,0.0,low
it is sometimes right for the government to restrict freedom of speech,supreme court,code,0.0,low
it is sometimes right for the government to restrict freedom of speech,supreme court,freedom of speech,0.2,low
it is sometimes right for the government to restrict freedom of speech,supreme court,government,0.3,low
it is sometimes right for the government to restrict freedom of speech,supreme court,rights of man,0.3,low
it is sometimes right for the government to restrict freedom of speech,supreme court,slander and libel,0.1,low
multiculturalism should be embraced,acculturation,ethnic enclaves,0.8,high
multiculturalism should be embraced,acculturation,minority,0.8,high
multiculturalism should be embraced,acculturation,multiculturalism,1.0,high
multiculturalism should be embraced,acculturation strategies,multiculturalism,1.0,high
multiculturalism should be embraced,alliance of civilizations,level of immigration,0.3,low
multiculturalism should be embraced,alliance of civilizations,multiculturalism,0.6,medium
multiculturalism should be embraced,alliance of civilizations,values,0.2,low
multiculturalism should be embraced,americans,multiculturalism,0.4,medium
multiculturalism should be embraced,assimilation of immigrants,multiculturalism,1.0,high
multiculturalism should be embraced,canadian identity,acculturation strategies,0.6,medium
multiculturalism should be embraced,canadian identity,ethnic group,0.6,medium
multiculturalism should be embraced,canadian identity,groups,0.3,low
multiculturalism should be embraced,canadian identity,multiculturalism,0.7,high
multiculturalism should be embraced,canadians,multiculturalism,0.5,medium
multiculturalism should be embraced,charter of rights,multiculturalism,0.4,medium
multiculturalism should be embraced,cosmopolitanism,multiculturalism,0.8,high
multiculturalism should be embraced,critic of multiculturalism,assimilation of immigrants,0.7,high
multiculturalism should be embraced,critic of multiculturalism,declaration,0.0,low
multiculturalism should be embraced,critic of multiculturalism,multiculturalism,1.0,high
multiculturalism should be embraced,critic of multiculturalism,society,0.2,low
multiculturalism should be embraced,critics of multiculturalism,multiculturalism,1.0,high
multiculturalism should be embraced,critics of multiculturalism,race and ethnicity,0.7,high
multiculturalism should be embraced,cultural,group or groups,0.4,medium
multiculturalism should be embraced,cultural,groups,0.5,medium
multiculturalism should be embraced,cultural,multiculturalism,0.8,high
multiculturalism should be embraced,cultural,protection and promotion,0.2,low
multiculturalism should be embraced,cultural,race and ethnicity,0.9,high
multiculturalism should be embraced,cultural communities,multiculturalism,1.0,high
multiculturalism should be embraced,cultural competence,ethnic and cultural,0.6,medium
multiculturalism should be embraced,cultural competence,multiculturalism,0.8,high
multiculturalism should be embraced,cultural diversity,cultural communities,0.9,high
multiculturalism should be embraced,cultural diversity,international students,0.8,high
multiculturalism should be embraced,cultural diversity,multiculturalism,1.0,high
multiculturalism should be embraced,cultural diversity,values,0.3,low
multiculturalism should be embraced,cultural imperialism,multiculturalism,0.8,high
multiculturalism should be embraced,cultural imperialism,multiculturalism act,0.8,high
multiculturalism should be embraced,cultural imperialism,protection and promotion,0.3,low
multiculturalism should be embraced,culture,canadians,0.1,low
multiculturalism should be embraced,culture,multiculturalism,1.0,high
multiculturalism should be embraced,culture,values,0.6,medium
multiculturalism should be embraced,cultures,cosmopolitanism,0.5,medium
multiculturalism should be embraced,cultures,multiculturalism,1.0,high
multiculturalism should be embraced,diverse communities,multiculturalism,1.0,high
multiculturalism should be embraced,diversity,interculturalism,0.7,high
multiculturalism should be embraced,diversity,levels of immigration,0.4,medium
multiculturalism should be embraced,diversity,multiculturalism,1.0,high
multiculturalism should be embraced,donât trust people,multiculturalism,0.0,low
multiculturalism should be embraced,ethnic,cultural communities,0.7,high
multiculturalism should be embraced,ethnic,multiculturalism,0.7,high
multiculturalism should be embraced,ethnic and cultural,multiculturalism,0.9,high
multiculturalism should be embraced,ethnic enclaves,multiculturalism,0.9,high
multiculturalism should be embraced,ethnic group,multiculturalism,1.0,high
multiculturalism should be embraced,ethnic groups,americans,0.6,medium
multiculturalism should be embraced,ethnic groups,indigenous individuals,0.9,high
multiculturalism should be embraced,ethnic groups,minority,1.0,high
multiculturalism should be embraced,ethnic groups,multiculturalism,1.0,high
multiculturalism should be embraced,ethnic groups,national,0.6,medium
multiculturalism should be embraced,ethnic groups,protection and promotion,0.4,medium
multiculturalism should be embraced,group or groups,multiculturalism,0.5,medium
multiculturalism should be embraced,groups,multiculturalism,0.5,medium
multiculturalism should be embraced,gudykunst and kim,multiculturalism,0.7,high
multiculturalism should be embraced,identity,assimilation of immigrants,0.7,high
multiculturalism should be embraced,identity,canadians,0.3,low
multiculturalism should be embraced,identity,interculturalism,0.4,medium
multiculturalism should be embraced,identity,multiculturalism,0.7,high
multiculturalism should be embraced,indigenous individuals,multiculturalism,0.8,high
multiculturalism should be embraced,indigenous peoples,multiculturalism,0.8,high
multiculturalism should be embraced,indigenous peoples,white australia policy,0.6,medium
multiculturalism should be embraced,interculturalism,multiculturalism,1.0,high
multiculturalism should be embraced,international students,multiculturalism,0.5,medium
multiculturalism should be embraced,john ralston saul,multiculturalism,0.5,medium
multiculturalism should be embraced,knowledge and skills,assimilation of immigrants,0.1,low
multiculturalism should be embraced,knowledge and skills,multiculturalism,0.0,low
multiculturalism should be embraced,kramer's dad theory,ethnic and cultural,0.5,medium
multiculturalism should be embraced,kramer's dad theory,multiculturalism,0.7,high
multiculturalism should be embraced,level of immigration,multiculturalism,0.7,high
multiculturalism should be embraced,levels of immigration,multiculturalism,0.6,medium
multiculturalism should be embraced,melting,multiculturalism,0.1,low
multiculturalism should be embraced,melting pot,ethnic and cultural,0.7,high
multiculturalism should be embraced,melting pot,ethnic group,1.0,high
multiculturalism should be embraced,melting pot,multiculturalism,1.0,high
multiculturalism should be embraced,melting pot theory,level of immigration,0.8,high
multiculturalism should be embraced,melting pot theory,levels of immigration,0.8,high
multiculturalism should be embraced,melting pot theory,multiculturalism,1.0,high
multiculturalism should be embraced,minority,multiculturalism,0.8,high
multiculturalism should be embraced,minority groups,multiculturalism,0.9,high
multiculturalism should be embraced,multicultural,group or groups,0.4,medium
multiculturalism should be embraced,multicultural,multiculturalism,1.0,high
multiculturalism should be embraced,multicultural,white australia policy,0.9,high
multiculturalism should be embraced,multicultural education,ethnic group,0.8,high
multiculturalism should be embraced,multicultural education,multiculturalism,1.0,high
multiculturalism should be embraced,multicultural education,protection and promotion,0.3,low
multiculturalism should be embraced,multicultural education,race and ethnicity,0.9,high
multiculturalism should be embraced,multicultural society,cultural communities,0.9,high
multiculturalism should be embraced,multicultural society,diverse communities,0.9,high
multiculturalism should be embraced,multicultural society,minority,0.7,high
multiculturalism should be embraced,multicultural society,multiculturalism,1.0,high
multiculturalism should be embraced,multicultural society,multiculturalism act,0.9,high
multiculturalism should be embraced,multiculturalism,declaration,0.0,low
multiculturalism should be embraced,multiculturalism,donât trust people,0.0,low
multiculturalism should be embraced,multiculturalism,ethnic group,1.0,high
multiculturalism should be embraced,multiculturalism,john ralston saul,0.4,medium
multiculturalism should be embraced,multiculturalism,multiculturalism,1.0,high
multiculturalism should be embraced,multiculturalism,protection and promotion,0.3,low
multiculturalism should be embraced,multiculturalism act,multiculturalism,1.0,high
multiculturalism should be embraced,national,multiculturalism,0.4,medium
multiculturalism should be embraced,national culture,multiculturalism,1.0,high
multiculturalism should be embraced,national identity,diverse communities,0.9,high
multiculturalism should be embraced,national identity,multiculturalism,0.9,high
multiculturalism should be embraced,policy of multiculturalism,group or groups,0.3,low
multiculturalism should be embraced,policy of multiculturalism,multiculturalism,1.0,high
multiculturalism should be embraced,policy of multiculturalism,white australia policy,0.8,high
multiculturalism should be embraced,protection and promotion,multiculturalism,0.3,low
multiculturalism should be embraced,race and ethnicity,multiculturalism,1.0,high
multiculturalism should be embraced,society,multiculturalism,0.8,high
multiculturalism should be embraced,southern and eastern,multiculturalism,0.1,low
multiculturalism should be embraced,southern and eastern,protection and promotion,0.0,low
multiculturalism should be embraced,values,multiculturalism,0.2,low
multiculturalism should be embraced,white australia policy,multiculturalism,0.8,high
national service should be reintroduced,adam clayton powell,draft dodgers,0.1,low
national service should be reintroduced,adam clayton powell,national service,0.1,low
national service should be reintroduced,alternative service,chair,0.0,low
national service should be reintroduced,alternative service,military conscription,0.7,high
national service should be reintroduced,alternative service,national service,0.8,high
national service should be reintroduced,alternative service,rangel center,0.2,low
national service should be reintroduced,alternative service,volunteer,0.9,high
national service should be reintroduced,army,chair,0.0,low
national service should be reintroduced,army,national service,1.0,high
national service should be reintroduced,chair,national service,0.0,low
national service should be reintroduced,civilian service,draftees,0.3,low
national service should be reintroduced,civilian service,military training,0.4,medium
national service should be reintroduced,civilian service,national service,0.9,high
national service should be reintroduced,civilian service,york,0.0,low
national service should be reintroduced,conscientious,draft registration,0.2,low
national service should be reintroduced,conscientious,draftees,0.4,medium
national service should be reintroduced,conscientious,national service,0.5,medium
national service should be reintroduced,conscientious objection,national service,0.7,high
national service should be reintroduced,conscientious objectors,conscript,0.5,medium
national service should be reintroduced,conscientious objectors,mamluks,0.0,low
national service should be reintroduced,conscientious objectors,military training,0.3,low
national service should be reintroduced,conscientious objectors,national service,0.8,high
national service should be reintroduced,conscientious objectors,rangel center,0.1,low
national service should be reintroduced,conscript,national service,0.9,high
national service should be reintroduced,conscripted,counter,0.2,low
national service should be reintroduced,conscripted,exempt,0.4,medium
national service should be reintroduced,conscripted,national service,1.0,high
national service should be reintroduced,conscription,draftees,0.9,high
national service should be reintroduced,conscription,national service,1.0,high
national service should be reintroduced,conscription,volunteer,0.6,medium
national service should be reintroduced,counter,national service,0.1,low
national service should be reintroduced,counter recruiters,draft dodgers,0.3,low
national service should be reintroduced,counter recruiters,exempt,0.2,low
national service should be reintroduced,counter recruiters,national service,0.8,high
national service should be reintroduced,counter recruitment,exempt,0.2,low
national service should be reintroduced,counter recruitment,military conscription,0.7,high
national service should be reintroduced,counter recruitment,national service,0.8,high
national service should be reintroduced,deferments,national service,0.5,medium
national service should be reintroduced,draft,military conscription,0.9,high
national service should be reintroduced,draft,national service,1.0,high
national service should be reintroduced,draft,rangel center,0.1,low
national service should be reintroduced,draft dodgers,national service,0.9,high
national service should be reintroduced,draft law,national service,1.0,high
national service should be reintroduced,draft registration,national service,0.9,high
national service should be reintroduced,drafted,chair,0.0,low
national service should be reintroduced,drafted,draft dodgers,0.9,high
national service should be reintroduced,drafted,military training,0.9,high
national service should be reintroduced,drafted,national service,1.0,high
national service should be reintroduced,drafted,volunteer,0.5,medium
national service should be reintroduced,draftees,national service,0.9,high
national service should be reintroduced,exempt,national service,0.7,high
national service should be reintroduced,house ethics committee,draft dodgers,0.0,low
national service should be reintroduced,house ethics committee,national service,0.0,low
national service should be reintroduced,house ethics committee,young men,0.0,low
national service should be reintroduced,mamluks,national service,0.1,low
national service should be reintroduced,manpower,national service,0.6,medium
national service should be reintroduced,men,deferments,0.0,low
national service should be reintroduced,men,mamluks,0.2,low
national service should be reintroduced,men,military training,0.6,medium
national service should be reintroduced,men,national service,0.7,high
national service should be reintroduced,military,draft dodgers,1.0,high
national service should be reintroduced,military,national service,1.0,high
national service should be reintroduced,military,rangel center,0.1,low
national service should be reintroduced,military,volunteer,0.8,high
national service should be reintroduced,military conscription,national service,1.0,high
national service should be reintroduced,military recruitment,conscientious objection,0.8,high
national service should be reintroduced,military recruitment,deferments,0.5,medium
national service should be reintroduced,military recruitment,national service,0.9,high
national service should be reintroduced,military recruitment,york,0.0,low
national service should be reintroduced,military service,conscientious objection,0.7,high
national service should be reintroduced,military service,draft law,0.9,high
national service should be reintroduced,military service,national service,1.0,high
national service should be reintroduced,military training,national service,1.0,high
national service should be reintroduced,million men,national service,0.1,low
national service should be reintroduced,million men,young men,0.3,low
national service should be reintroduced,parliamentary democracy,military conscription,0.1,low
national service should be reintroduced,parliamentary democracy,national service,0.0,low
national service should be reintroduced,parliamentary republic,national service,0.0,low
national service should be reintroduced,rangel,conscientious objection,0.1,low
national service should be reintroduced,rangel,draft law,0.5,medium
national service should be reintroduced,rangel,draftees,0.1,low
national service should be reintroduced,rangel,national service,0.5,medium
national service should be reintroduced,rangel center,national service,0.4,medium
national service should be reintroduced,rent stabilized,national service,0.1,low
national service should be reintroduced,selective service,chair,0.0,low
national service should be reintroduced,selective service,deferments,0.3,low
national service should be reintroduced,selective service,draft law,0.6,medium
national service should be reintroduced,selective service,national service,0.8,high
national service should be reintroduced,selective service,rent stabilized,0.0,low
national service should be reintroduced,selective service act,draft law,0.7,high
national service should be reintroduced,selective service act,military conscription,0.9,high
national service should be reintroduced,selective service act,national service,0.9,high
national service should be reintroduced,selective service act,young men,0.6,medium
national service should be reintroduced,selective service system,military training,0.2,low
national service should be reintroduced,selective service system,national service,0.9,high
national service should be reintroduced,service,national service,1.0,high
national service should be reintroduced,service,parliamentary republic,0.0,low
national service should be reintroduced,term of service,conscientious objection,0.2,low
national service should be reintroduced,term of service,conscript,0.6,medium
national service should be reintroduced,term of service,draft dodgers,0.2,low
national service should be reintroduced,term of service,draft law,0.5,medium
national service should be reintroduced,term of service,national service,0.9,high
national service should be reintroduced,volunteer,national service,0.8,high
national service should be reintroduced,york,national service,0.0,low
national service should be reintroduced,york state assembly,national service,0.0,low
national service should be reintroduced,young men,national service,0.7,high
open primaries are the most effective method of selecting candidates for elections,absolute majority,alternative vote,0.5,medium
open primaries are the most effective method of selecting candidates for elections,absolute majority,automatic ballot access,0.4,medium
open primaries are the most effective method of selecting candidates for elections,absolute majority,candidates,0.3,low
open primaries are the most effective method of selecting candidates for elections,absolute majority,criterion,0.0,low
open primaries are the most effective method of selecting candidates for elections,absolute majority,elections,1.0,high
open primaries are the most effective method of selecting candidates for elections,absolute majority,electoral,0.5,medium
open primaries are the most effective method of selecting candidates for elections,absolute majority,open primaries,0.6,medium
open primaries are the most effective method of selecting candidates for elections,alternative vote,candidates,0.9,high
open primaries are the most effective method of selecting candidates for elections,alternative vote,elections,1.0,high
open primaries are the most effective method of selecting candidates for elections,alternative vote,open primaries,0.6,medium
open primaries are the most effective method of selecting candidates for elections,apple pie,candidates,0.1,low
open primaries are the most effective method of selecting candidates for elections,apple pie,elections,0.2,low
open primaries are the most effective method of selecting candidates for elections,apple pie,open primaries,0.1,low
open primaries are the most effective method of selecting candidates for elections,arrow's impossibility theorem,candidates,0.8,high
open primaries are the most effective method of selecting candidates for elections,arrow's impossibility theorem,elections,1.0,high
open primaries are the most effective method of selecting candidates for elections,arrow's impossibility theorem,open primaries,0.6,medium
open primaries are the most effective method of selecting candidates for elections,automatic ballot access,candidates,0.8,high
open primaries are the most effective method of selecting candidates for elections,automatic ballot access,elections,1.0,high
open primaries are the most effective method of selecting candidates for elections,automatic ballot access,open primaries,0.7,high
open primaries are the most effective method of selecting candidates for elections,candidate,candidates,1.0,high
open primaries are the most effective method of selecting candidates for elections,candidate,condorcet methods,0.8,high
open primaries are the most effective method of selecting candidates for elections,candidate,elections,1.0,high
open primaries are the most effective method of selecting candidates for elections,candidate,nomination,0.9,high
open primaries are the most effective method of selecting candidates for elections,candidate,number of voters,0.6,medium
open primaries are the most effective method of selecting candidates for elections,candidate,open primaries,1.0,high
open primaries are the most effective method of selecting candidates for elections,candidate,proportional,0.1,low
open primaries are the most effective method of selecting candidates for elections,candidate,voting system criteria,0.6,medium
open primaries are the most effective method of selecting candidates for elections,candidate,win,0.5,medium
open primaries are the most effective method of selecting candidates for elections,candidate is eliminated,candidates,0.7,high
open primaries are the most effective method of selecting candidates for elections,candidate is eliminated,elections,0.6,medium
open primaries are the most effective method of selecting candidates for elections,candidate is eliminated,open primaries,0.6,medium
open primaries are the most effective method of selecting candidates for elections,candidates,arrow's impossibility theorem,0.8,high
open primaries are the most effective method of selecting candidates for elections,candidates,candidates,1.0,high
open primaries are the most effective method of selecting candidates for elections,candidates,criterion,0.1,low
open primaries are the most effective method of selecting candidates for elections,candidates,elections,1.0,high
open primaries are the most effective method of selecting candidates for elections,candidates,nomination,0.8,high
open primaries are the most effective method of selecting candidates for elections,candidates,open primaries,1.0,high
open primaries are the most effective method of selecting candidates for elections,candidates,round of counting,0.4,medium
open primaries are the most effective method of selecting candidates for elections,candidates,voting system criteria,0.6,medium
open primaries are the most effective method of selecting candidates for elections,cd,candidates,0.0,low
open primaries are the most effective method of selecting candidates for elections,cd,elections,0.0,low
open primaries are the most effective method of selecting candidates for elections,cd,open primaries,0.0,low
open primaries are the most effective method of selecting candidates for elections,condorcet methods,candidates,0.7,high
open primaries are the most effective method of selecting candidates for elections,condorcet methods,elections,0.9,high
open primaries are the most effective method of selecting candidates for elections,condorcet methods,open primaries,0.7,high
open primaries are the most effective method of selecting candidates for elections,condorcet winner,candidates,0.9,high
open primaries are the most effective method of selecting candidates for elections,condorcet winner,elections,1.0,high
open primaries are the most effective method of selecting candidates for elections,condorcet winner,open primaries,0.8,high
open primaries are the most effective method of selecting candidates for elections,criterion,candidates,0.1,low
open primaries are the most effective method of selecting candidates for elections,criterion,elections,0.2,low
open primaries are the most effective method of selecting candidates for elections,criterion,open primaries,0.0,low
open primaries are the most effective method of selecting candidates for elections,democratic national committee,candidates,0.8,high
open primaries are the most effective method of selecting candidates for elections,democratic national committee,elections,0.8,high
open primaries are the most effective method of selecting candidates for elections,democratic national committee,open primaries,0.6,medium
open primaries are the most effective method of selecting candidates for elections,election,candidates,1.0,high
open primaries are the most effective method of selecting candidates for elections,election,elections,1.0,high
open primaries are the most effective method of selecting candidates for elections,election,exhaustive ballot,0.9,high
open primaries are the most effective method of selecting candidates for elections,election,open primaries,1.0,high
open primaries are the most effective method of selecting candidates for elections,election,republican,0.6,medium
open primaries are the most effective method of selecting candidates for elections,election,super tuesday,1.0,high
open primaries are the most effective method of selecting candidates for elections,election,won,0.7,high
open primaries are the most effective method of selecting candidates for elections,elections,alternative vote,0.9,high
open primaries are the most effective method of selecting candidates for elections,elections,candidate is eliminated,0.7,high
open primaries are the most effective method of selecting candidates for elections,elections,candidates,1.0,high
open primaries are the most effective method of selecting candidates for elections,elections,democratic national committee,0.8,high
open primaries are the most effective method of selecting candidates for elections,elections,elections,1.0,high
open primaries are the most effective method of selecting candidates for elections,elections,open primaries,1.0,high
open primaries are the most effective method of selecting candidates for elections,elections,republican party,0.9,high
open primaries are the most effective method of selecting candidates for elections,elections,voting system criteria,0.9,high
open primaries are the most effective method of selecting candidates for elections,electoral,candidates,0.7,high
open primaries are the most effective method of selecting candidates for elections,electoral,elections,0.8,high
open primaries are the most effective method of selecting candidates for elections,electoral,open primaries,0.6,medium
open primaries are the most effective method of selecting candidates for elections,exhaustive ballot,candidates,0.9,high
open primaries are the most effective method of selecting candidates for elections,exhaustive ballot,elections,1.0,high
open primaries are the most effective method of selecting candidates for elections,exhaustive ballot,open primaries,0.9,high
open primaries are the most effective method of selecting candidates for elections,influence the result,candidates,0.4,medium
open primaries are the most effective method of selecting candidates for elections,influence the result,elections,0.5,medium
open primaries are the most effective method of selecting candidates for elections,influence the result,open primaries,0.3,low
open primaries are the most effective method of selecting candidates for elections,instant runoff voting,candidates,1.0,high
open primaries are the most effective method of selecting candidates for elections,instant runoff voting,criterion,0.1,low
open primaries are the most effective method of selecting candidates for elections,instant runoff voting,democratic national committee,0.3,low
open primaries are the most effective method of selecting candidates for elections,instant runoff voting,elections,1.0,high
open primaries are the most effective method of selecting candidates for elections,instant runoff voting,electoral,0.5,medium
open primaries are the most effective method of selecting candidates for elections,instant runoff voting,influence the result,0.4,medium
open primaries are the most effective method of selecting candidates for elections,instant runoff voting,number of delegates,0.3,low
open primaries are the most effective method of selecting candidates for elections,instant runoff voting,open primaries,0.8,high
open primaries are the most effective method of selecting candidates for elections,instant runoff voting,proportional representation,0.5,medium
open primaries are the most effective method of selecting candidates for elections,instant runoff voting,single winner,1.0,high
open primaries are the most effective method of selecting candidates for elections,instant runoff voting,super tuesday,0.4,medium
open primaries are the most effective method of selecting candidates for elections,instant runoff voting,win,0.4,medium
open primaries are the most effective method of selecting candidates for elections,majority of votes,arrow's impossibility theorem,0.4,medium
open primaries are the most effective method of selecting candidates for elections,majority of votes,candidates,0.8,high
open primaries are the most effective method of selecting candidates for elections,majority of votes,condorcet methods,0.7,high
open primaries are the most effective method of selecting candidates for elections,majority of votes,elections,0.9,high
open primaries are the most effective method of selecting candidates for elections,majority of votes,open primaries,1.0,high
open primaries are the most effective method of selecting candidates for elections,majority of votes,round of counting,0.7,high
open primaries are the most effective method of selecting candidates for elections,majority of votes,single winner,1.0,high
open primaries are the most effective method of selecting candidates for elections,majority of votes,system,0.0,low
open primaries are the most effective method of selecting candidates for elections,majority of votes,won,0.4,medium
open primaries are the most effective method of selecting candidates for elections,meet this criterion,automatic ballot access,0.1,low
open primaries are the most effective method of selecting candidates for elections,meet this criterion,candidate is eliminated,0.0,low
open primaries are the most effective method of selecting candidates for elections,meet this criterion,candidates,0.1,low
open primaries are the most effective method of selecting candidates for elections,meet this criterion,elections,0.0,low
open primaries are the most effective method of selecting candidates for elections,meet this criterion,electoral,0.2,low
open primaries are the most effective method of selecting candidates for elections,meet this criterion,exhaustive ballot,0.1,low
open primaries are the most effective method of selecting candidates for elections,meet this criterion,number of delegates,0.0,low
open primaries are the most effective method of selecting candidates for elections,meet this criterion,number of seats,0.2,low
open primaries are the most effective method of selecting candidates for elections,meet this criterion,open primaries,0.0,low
open primaries are the most effective method of selecting candidates for elections,meet this criterion,republican,0.1,low
open primaries are the most effective method of selecting candidates for elections,meet this criterion,republican party,0.1,low
open primaries are the most effective method of selecting candidates for elections,nomination,candidates,0.8,high
open primaries are the most effective method of selecting candidates for elections,nomination,elections,0.9,high
open primaries are the most effective method of selecting candidates for elections,nomination,open primaries,0.6,medium
open primaries are the most effective method of selecting candidates for elections,nonpartisan blanket primary,candidates,0.9,high
open primaries are the most effective method of selecting candidates for elections,nonpartisan blanket primary,cd,0.0,low
open primaries are the most effective method of selecting candidates for elections,nonpartisan blanket primary,criterion,0.1,low
open primaries are the most effective method of selecting candidates for elections,nonpartisan blanket primary,elections,1.0,high
open primaries are the most effective method of selecting candidates for elections,nonpartisan blanket primary,exhaustive ballot,0.8,high
open primaries are the most effective method of selecting candidates for elections,nonpartisan blanket primary,nomination,0.6,medium
open primaries are the most effective method of selecting candidates for elections,nonpartisan blanket primary,number of seats,0.4,medium
open primaries are the most effective method of selecting candidates for elections,nonpartisan blanket primary,open primaries,1.0,high
open primaries are the most effective method of selecting candidates for elections,nonpartisan blanket primary,parties,0.8,high
open primaries are the most effective method of selecting candidates for elections,nonpartisan blanket primary,proportional,0.2,low
open primaries are the most effective method of selecting candidates for elections,nonpartisan blanket primary,proportional representation,0.3,low
open primaries are the most effective method of selecting candidates for elections,nonpartisan blanket primary,single winner,0.7,high
open primaries are the most effective method of selecting candidates for elections,nonpartisan blanket primary,system,0.2,low
open primaries are the most effective method of selecting candidates for elections,nonpartisan blanket primary,voting methods,0.9,high
open primaries are the most effective method of selecting candidates for elections,nonpartisan blanket primary,voting system criteria,0.8,high
open primaries are the most effective method of selecting candidates for elections,number of candidates,candidates,1.0,high
open primaries are the most effective method of selecting candidates for elections,number of candidates,cd,0.0,low
open primaries are the most effective method of selecting candidates for elections,number of candidates,condorcet methods,0.6,medium
open primaries are the most effective method of selecting candidates for elections,number of candidates,criterion,0.1,low
open primaries are the most effective method of selecting candidates for elections,number of candidates,elections,1.0,high
open primaries are the most effective method of selecting candidates for elections,number of candidates,influence the result,0.3,low
open primaries are the most effective method of selecting candidates for elections,number of candidates,open primaries,0.7,high
open primaries are the most effective method of selecting candidates for elections,number of candidates,proportional representation,0.7,high
open primaries are the most effective method of selecting candidates for elections,number of candidates,republican party,0.5,medium
open primaries are the most effective method of selecting candidates for elections,number of candidates,voting system criteria,0.7,high
open primaries are the most effective method of selecting candidates for elections,number of delegates,candidates,0.7,high
open primaries are the most effective method of selecting candidates for elections,number of delegates,elections,0.7,high
open primaries are the most effective method of selecting candidates for elections,number of delegates,open primaries,0.8,high
open primaries are the most effective method of selecting candidates for elections,number of seats,candidates,0.7,high
open primaries are the most effective method of selecting candidates for elections,number of seats,elections,0.8,high
open primaries are the most effective method of selecting candidates for elections,number of seats,open primaries,0.5,medium
open primaries are the most effective method of selecting candidates for elections,number of voters,candidates,0.8,high
open primaries are the most effective method of selecting candidates for elections,number of voters,elections,1.0,high
open primaries are the most effective method of selecting candidates for elections,number of voters,open primaries,0.8,high
open primaries are the most effective method of selecting candidates for elections,number of votes,apple pie,0.1,low
open primaries are the most effective method of selecting candidates for elections,number of votes,candidates,0.8,high
open primaries are the most effective method of selecting candidates for elections,number of votes,elections,0.9,high
open primaries are the most effective method of selecting candidates for elections,number of votes,electoral,0.5,medium
open primaries are the most effective method of selecting candidates for elections,number of votes,number of seats,1.0,high
open primaries are the most effective method of selecting candidates for elections,number of votes,open primaries,0.7,high
open primaries are the most effective method of selecting candidates for elections,open primary,alternative vote,0.7,high
open primaries are the most effective method of selecting candidates for elections,open primary,candidates,0.9,high
open primaries are the most effective method of selecting candidates for elections,open primary,elections,1.0,high
open primaries are the most effective method of selecting candidates for elections,open primary,number of delegates,0.5,medium
open primaries are the most effective method of selecting candidates for elections,open primary,open primaries,1.0,high
open primaries are the most effective method of selecting candidates for elections,parties,candidates,0.9,high
open primaries are the most effective method of selecting candidates for elections,parties,elections,1.0,high
open primaries are the most effective method of selecting candidates for elections,parties,open primaries,1.0,high
open primaries are the most effective method of selecting candidates for elections,party,apple pie,0.1,low
open primaries are the most effective method of selecting candidates for elections,party,candidates,0.9,high
open primaries are the most effective method of selecting candidates for elections,party,criterion,0.1,low
open primaries are the most effective method of selecting candidates for elections,party,elections,0.9,high
open primaries are the most effective method of selecting candidates for elections,party,open primaries,1.0,high
open primaries are the most effective method of selecting candidates for elections,party,republican,0.9,high
open primaries are the most effective method of selecting candidates for elections,plurality voting,alternative vote,0.9,high
open primaries are the most effective method of selecting candidates for elections,plurality voting,candidates,1.0,high
open primaries are the most effective method of selecting candidates for elections,plurality voting,criterion,0.1,low
open primaries are the most effective method of selecting candidates for elections,plurality voting,elections,1.0,high
open primaries are the most effective method of selecting candidates for elections,plurality voting,open primaries,0.8,high
open primaries are the most effective method of selecting candidates for elections,plurality voting,proportional representation,0.5,medium
open primaries are the most effective method of selecting candidates for elections,plurality voting,round of counting,0.6,medium
open primaries are the most effective method of selecting candidates for elections,plurality voting,single winner,0.6,medium
open primaries are the most effective method of selecting candidates for elections,plurality voting,voting system criteria,1.0,high
open primaries are the most effective method of selecting candidates for elections,political parties,alternative vote,0.3,low
open primaries are the most effective method of selecting candidates for elections,political parties,candidates,1.0,high
open primaries are the most effective method of selecting candidates for elections,political parties,elections,1.0,high
open primaries are the most effective method of selecting candidates for elections,political parties,nomination,0.7,high
open primaries are the most effective method of selecting candidates for elections,political parties,open primaries,0.9,high
open primaries are the most effective method of selecting candidates for elections,political parties,republican,1.0,high
open primaries are the most effective method of selecting candidates for elections,political parties,voting methods,0.4,medium
open primaries are the most effective method of selecting candidates for elections,political parties,win,0.3,low
open primaries are the most effective method of selecting candidates for elections,political parties,won,0.3,low
open primaries are the most effective method of selecting candidates for elections,primary,arrow's impossibility theorem,0.5,medium
open primaries are the most effective method of selecting candidates for elections,primary,candidate is eliminated,0.5,medium
open primaries are the most effective method of selecting candidates for elections,primary,candidates,0.8,high
open primaries are the most effective method of selecting candidates for elections,primary,condorcet methods,0.6,medium
open primaries are the most effective method of selecting candidates for elections,primary,elections,0.9,high
open primaries are the most effective method of selecting candidates for elections,primary,electoral,0.6,medium
open primaries are the most effective method of selecting candidates for elections,primary,influence the result,0.2,low
open primaries are the most effective method of selecting candidates for elections,primary,nomination,0.7,high
open primaries are the most effective method of selecting candidates for elections,primary,open primaries,1.0,high
open primaries are the most effective method of selecting candidates for elections,primary,parties,0.4,medium
open primaries are the most effective method of selecting candidates for elections,primary,proportional,0.1,low
open primaries are the most effective method of selecting candidates for elections,primary semi closed,apple pie,0.1,low
open primaries are the most effective method of selecting candidates for elections,primary semi closed,candidates,0.7,high
open primaries are the most effective method of selecting candidates for elections,primary semi closed,cd,0.0,low
open primaries are the most effective method of selecting candidates for elections,primary semi closed,condorcet methods,0.4,medium
open primaries are the most effective method of selecting candidates for elections,primary semi closed,condorcet winner,0.4,medium
open primaries are the most effective method of selecting candidates for elections,primary semi closed,elections,0.9,high
open primaries are the most effective method of selecting candidates for elections,primary semi closed,number of delegates,0.4,medium
open primaries are the most effective method of selecting candidates for elections,primary semi closed,open primaries,1.0,high
open primaries are the most effective method of selecting candidates for elections,primary semi closed,republican,0.3,low
open primaries are the most effective method of selecting candidates for elections,primary semi closed,super tuesday,0.4,medium
open primaries are the most effective method of selecting candidates for elections,primary semi closed,system,0.3,low
open primaries are the most effective method of selecting candidates for elections,proportional,candidates,0.2,low
open primaries are the most effective method of selecting candidates for elections,proportional,elections,0.5,medium
open primaries are the most effective method of selecting candidates for elections,proportional,open primaries,0.2,low
open primaries are the most effective method of selecting candidates for elections,proportional representation,candidates,0.7,high
open primaries are the most effective method of selecting candidates for elections,proportional representation,elections,1.0,high
open primaries are the most effective method of selecting candidates for elections,proportional representation,open primaries,0.7,high
open primaries are the most effective method of selecting candidates for elections,republican,candidates,0.5,medium
open primaries are the most effective method of selecting candidates for elections,republican,elections,0.6,medium
open primaries are the most effective method of selecting candidates for elections,republican,open primaries,0.3,low
open primaries are the most effective method of selecting candidates for elections,republican party,candidates,0.7,high
open primaries are the most effective method of selecting candidates for elections,republican party,elections,0.9,high
open primaries are the most effective method of selecting candidates for elections,republican party,open primaries,0.7,high
open primaries are the most effective method of selecting candidates for elections,round of counting,candidates,0.6,medium
open primaries are the most effective method of selecting candidates for elections,round of counting,elections,0.8,high
open primaries are the most effective method of selecting candidates for elections,round of counting,open primaries,0.5,medium
open primaries are the most effective method of selecting candidates for elections,round of voting,apple pie,0.1,low
open primaries are the most effective method of selecting candidates for elections,round of voting,candidates,0.7,high
open primaries are the most effective method of selecting candidates for elections,round of voting,condorcet methods,0.5,medium
open primaries are the most effective method of selecting candidates for elections,round of voting,condorcet winner,0.6,medium
open primaries are the most effective method of selecting candidates for elections,round of voting,democratic national committee,0.4,medium
open primaries are the most effective method of selecting candidates for elections,round of voting,elections,0.9,high
open primaries are the most effective method of selecting candidates for elections,round of voting,exhaustive ballot,0.7,high
open primaries are the most effective method of selecting candidates for elections,round of voting,influence the result,0.2,low
open primaries are the most effective method of selecting candidates for elections,round of voting,number of seats,0.2,low
open primaries are the most effective method of selecting candidates for elections,round of voting,open primaries,0.7,high
open primaries are the most effective method of selecting candidates for elections,round of voting,parties,0.5,medium
open primaries are the most effective method of selecting candidates for elections,round of voting,round of counting,0.8,high
open primaries are the most effective method of selecting candidates for elections,rounds of voting,apple pie,0.2,low
open primaries are the most effective method of selecting candidates for elections,rounds of voting,arrow's impossibility theorem,0.6,medium
open primaries are the most effective method of selecting candidates for elections,rounds of voting,automatic ballot access,0.4,medium
open primaries are the most effective method of selecting candidates for elections,rounds of voting,candidates,0.6,medium
open primaries are the most effective method of selecting candidates for elections,rounds of voting,condorcet winner,0.5,medium
open primaries are the most effective method of selecting candidates for elections,rounds of voting,elections,0.9,high
open primaries are the most effective method of selecting candidates for elections,rounds of voting,nomination,0.5,medium
open primaries are the most effective method of selecting candidates for elections,rounds of voting,number of voters,0.5,medium
open primaries are the most effective method of selecting candidates for elections,rounds of voting,open primaries,0.9,high
open primaries are the most effective method of selecting candidates for elections,rounds of voting,republican party,0.3,low
open primaries are the most effective method of selecting candidates for elections,rounds of voting,round of counting,0.7,high
open primaries are the most effective method of selecting candidates for elections,rounds of voting,system,0.2,low
open primaries are the most effective method of selecting candidates for elections,runoff voting,automatic ballot access,0.5,medium
open primaries are the most effective method of selecting candidates for elections,runoff voting,candidates,0.8,high
open primaries are the most effective method of selecting candidates for elections,runoff voting,elections,1.0,high
open primaries are the most effective method of selecting candidates for elections,runoff voting,influence the result,0.3,low
open primaries are the most effective method of selecting candidates for elections,runoff voting,open primaries,0.9,high
open primaries are the most effective method of selecting candidates for elections,runoff voting,proportional representation,0.4,medium
open primaries are the most effective method of selecting candidates for elections,single transferable vote,apple pie,0.1,low
open primaries are the most effective method of selecting candidates for elections,single transferable vote,candidate is eliminated,0.4,medium
open primaries are the most effective method of selecting candidates for elections,single transferable vote,candidates,0.8,high
open primaries are the most effective method of selecting candidates for elections,single transferable vote,cd,0.0,low
open primaries are the most effective method of selecting candidates for elections,single transferable vote,criterion,0.1,low
open primaries are the most effective method of selecting candidates for elections,single transferable vote,elections,1.0,high
open primaries are the most effective method of selecting candidates for elections,single transferable vote,number of seats,0.4,medium
open primaries are the most effective method of selecting candidates for elections,single transferable vote,open primaries,0.7,high
open primaries are the most effective method of selecting candidates for elections,single transferable vote,super tuesday,0.4,medium
open primaries are the most effective method of selecting candidates for elections,single winner,candidates,0.7,high
open primaries are the most effective method of selecting candidates for elections,single winner,elections,0.9,high
open primaries are the most effective method of selecting candidates for elections,single winner,open primaries,0.6,medium
open primaries are the most effective method of selecting candidates for elections,strategic nomination,candidates,0.9,high
open primaries are the most effective method of selecting candidates for elections,strategic nomination,elections,1.0,high
open primaries are the most effective method of selecting candidates for elections,strategic nomination,electoral,0.5,medium
open primaries are the most effective method of selecting candidates for elections,strategic nomination,open primaries,0.7,high
open primaries are the most effective method of selecting candidates for elections,strategic nomination,republican party,0.5,medium
open primaries are the most effective method of selecting candidates for elections,strategic nomination,voting methods,0.5,medium
open primaries are the most effective method of selecting candidates for elections,super tuesday,candidates,0.5,medium
open primaries are the most effective method of selecting candidates for elections,super tuesday,elections,1.0,high
open primaries are the most effective method of selecting candidates for elections,super tuesday,open primaries,0.9,high
open primaries are the most effective method of selecting candidates for elections,system,candidates,0.0,low
open primaries are the most effective method of selecting candidates for elections,system,elections,0.2,low
open primaries are the most effective method of selecting candidates for elections,system,open primaries,0.2,low
open primaries are the most effective method of selecting candidates for elections,tactical voting,candidate is eliminated,0.6,medium
open primaries are the most effective method of selecting candidates for elections,tactical voting,candidates,0.8,high
open primaries are the most effective method of selecting candidates for elections,tactical voting,criterion,0.1,low
open primaries are the most effective method of selecting candidates for elections,tactical voting,elections,1.0,high
open primaries are the most effective method of selecting candidates for elections,tactical voting,open primaries,0.8,high
open primaries are the most effective method of selecting candidates for elections,tactical voting,proportional,0.1,low
open primaries are the most effective method of selecting candidates for elections,tactical voting,republican,0.2,low
open primaries are the most effective method of selecting candidates for elections,vote,apple pie,0.1,low
open primaries are the most effective method of selecting candidates for elections,vote,candidates,1.0,high
open primaries are the most effective method of selecting candidates for elections,vote,democratic national committee,0.4,medium
open primaries are the most effective method of selecting candidates for elections,vote,elections,1.0,high
open primaries are the most effective method of selecting candidates for elections,vote,open primaries,1.0,high
open primaries are the most effective method of selecting candidates for elections,vote,proportional representation,0.6,medium
open primaries are the most effective method of selecting candidates for elections,vote splitting,alternative vote,0.8,high
open primaries are the most effective method of selecting candidates for elections,vote splitting,apple pie,0.1,low
open primaries are the most effective method of selecting candidates for elections,vote splitting,automatic ballot access,0.5,medium
open primaries are the most effective method of selecting candidates for elections,vote splitting,candidates,1.0,high
open primaries are the most effective method of selecting candidates for elections,vote splitting,democratic national committee,0.3,low
open primaries are the most effective method of selecting candidates for elections,vote splitting,elections,1.0,high
open primaries are the most effective method of selecting candidates for elections,vote splitting,electoral,0.5,medium
open primaries are the most effective method of selecting candidates for elections,vote splitting,influence the result,0.3,low
open primaries are the most effective method of selecting candidates for elections,vote splitting,number of seats,0.4,medium
open primaries are the most effective method of selecting candidates for elections,vote splitting,open primaries,0.7,high
open primaries are the most effective method of selecting candidates for elections,vote splitting,parties,0.5,medium
open primaries are the most effective method of selecting candidates for elections,vote splitting,voting methods,0.8,high
open primaries are the most effective method of selecting candidates for elections,vote splitting,voting system criteria,0.6,medium
open primaries are the most effective method of selecting candidates for elections,voters,candidates,0.9,high
open primaries are the most effective method of selecting candidates for elections,voters,cd,0.1,low
open primaries are the most effective method of selecting candidates for elections,voters,condorcet methods,0.6,medium
open primaries are the most effective method of selecting candidates for elections,voters,elections,1.0,high
open primaries are the most effective method of selecting candidates for elections,voters,electoral,0.7,high
open primaries are the most effective method of selecting candidates for elections,voters,open primaries,0.9,high
open primaries are the most effective method of selecting candidates for elections,voters,proportional representation,0.7,high
open primaries are the most effective method of selecting candidates for elections,voters,single winner,0.7,high
open primaries are the most effective method of selecting candidates for elections,votes,alternative vote,0.9,high
open primaries are the most effective method of selecting candidates for elections,votes,candidate is eliminated,0.5,medium
open primaries are the most effective method of selecting candidates for elections,votes,candidates,1.0,high
open primaries are the most effective method of selecting candidates for elections,votes,elections,1.0,high
open primaries are the most effective method of selecting candidates for elections,votes,influence the result,0.5,medium
open primaries are the most effective method of selecting candidates for elections,votes,open primaries,0.9,high
open primaries are the most effective method of selecting candidates for elections,votes,parties,0.7,high
open primaries are the most effective method of selecting candidates for elections,votes,proportional,0.1,low
open primaries are the most effective method of selecting candidates for elections,votes,republican,0.5,medium
open primaries are the most effective method of selecting candidates for elections,voting,alternative vote,1.0,high
open primaries are the most effective method of selecting candidates for elections,voting,candidate is eliminated,0.6,medium
open primaries are the most effective method of selecting candidates for elections,voting,candidates,1.0,high
open primaries are the most effective method of selecting candidates for elections,voting,condorcet winner,0.9,high
open primaries are the most effective method of selecting candidates for elections,voting,elections,1.0,high
open primaries are the most effective method of selecting candidates for elections,voting,influence the result,0.7,high
open primaries are the most effective method of selecting candidates for elections,voting,open primaries,1.0,high
open primaries are the most effective method of selecting candidates for elections,voting,parties,0.8,high
open primaries are the most effective method of selecting candidates for elections,voting,republican party,0.7,high
open primaries are the most effective method of selecting candidates for elections,voting,voting system criteria,1.0,high
open primaries are the most effective method of selecting candidates for elections,voting,win,0.6,medium
open primaries are the most effective method of selecting candidates for elections,voting methods,candidates,0.7,high
open primaries are the most effective method of selecting candidates for elections,voting methods,elections,1.0,high
open primaries are the most effective method of selecting candidates for elections,voting methods,open primaries,1.0,high
open primaries are the most effective method of selecting candidates for elections,voting system,apple pie,0.2,low
open primaries are the most effective method of selecting candidates for elections,voting system,candidates,0.9,high
open primaries are the most effective method of selecting candidates for elections,voting system,cd,0.0,low
open primaries are the most effective method of selecting candidates for elections,voting system,criterion,0.1,low
open primaries are the most effective method of selecting candidates for elections,voting system,elections,1.0,high
open primaries are the most effective method of selecting candidates for elections,voting system,open primaries,1.0,high
open primaries are the most effective method of selecting candidates for elections,voting system,parties,0.9,high
open primaries are the most effective method of selecting candidates for elections,voting system,republican,0.3,low
open primaries are the most effective method of selecting candidates for elections,voting system,system,0.7,high
open primaries are the most effective method of selecting candidates for elections,voting system criteria,candidates,0.9,high
open primaries are the most effective method of selecting candidates for elections,voting system criteria,elections,1.0,high
open primaries are the most effective method of selecting candidates for elections,voting system criteria,open primaries,0.8,high
open primaries are the most effective method of selecting candidates for elections,voting systems,automatic ballot access,0.8,high
open primaries are the most effective method of selecting candidates for elections,voting systems,candidates,0.9,high
open primaries are the most effective method of selecting candidates for elections,voting systems,cd,0.0,low
open primaries are the most effective method of selecting candidates for elections,voting systems,elections,1.0,high
open primaries are the most effective method of selecting candidates for elections,voting systems,number of voters,0.9,high
open primaries are the most effective method of selecting candidates for elections,voting systems,open primaries,1.0,high
open primaries are the most effective method of selecting candidates for elections,voting systems,proportional,0.4,medium
open primaries are the most effective method of selecting candidates for elections,voting systems,single winner,0.7,high
open primaries are the most effective method of selecting candidates for elections,voting systems,system,0.8,high
open primaries are the most effective method of selecting candidates for elections,win,candidates,0.6,medium
open primaries are the most effective method of selecting candidates for elections,win,elections,0.7,high
open primaries are the most effective method of selecting candidates for elections,win,open primaries,0.6,medium
open primaries are the most effective method of selecting candidates for elections,won,candidates,0.4,medium
open primaries are the most effective method of selecting candidates for elections,won,elections,0.6,medium
open primaries are the most effective method of selecting candidates for elections,won,open primaries,0.6,medium
opinion polls harm the democratic process,bandwagon effect,candidates,0.3,low
opinion polls harm the democratic process,bandwagon effect,confidence interval,0.0,low
opinion polls harm the democratic process,bandwagon effect,deliberation,0.1,low
opinion polls harm the democratic process,bandwagon effect,democratic process,0.3,low
opinion polls harm the democratic process,bandwagon effect,opinion polls,0.8,high
opinion polls harm the democratic process,bandwagon effect,organisations include,0.0,low
opinion polls harm the democratic process,bandwagon effect,pollster,0.4,medium
opinion polls harm the democratic process,bias,democratic process,0.1,low
opinion polls harm the democratic process,bias,opinion polls,0.5,medium
opinion polls harm the democratic process,candidate,cellphones,0.0,low
opinion polls harm the democratic process,candidate,deliberation,0.0,low
opinion polls harm the democratic process,candidate,democratic process,0.8,high
opinion polls harm the democratic process,candidate,election results,0.9,high
opinion polls harm the democratic process,candidate,opinion polls,0.5,medium
opinion polls harm the democratic process,candidate,pollster,0.3,low
opinion polls harm the democratic process,candidate,presidential election,1.0,high
opinion polls harm the democratic process,candidates,democratic process,0.8,high
opinion polls harm the democratic process,candidates,opinion polls,0.5,medium
opinion polls harm the democratic process,cellphones,democratic process,0.0,low
opinion polls harm the democratic process,cellphones,opinion polls,0.1,low
opinion polls harm the democratic process,computer mediated,democratic process,0.1,low
opinion polls harm the democratic process,computer mediated,majority opinion,0.1,low
opinion polls harm the democratic process,computer mediated,opinion polls,0.3,low
opinion polls harm the democratic process,computer mediated,presidential election,0.0,low
opinion polls harm the democratic process,computer mediated,survey results,0.4,medium
opinion polls harm the democratic process,confidence interval,democratic process,0.3,low
opinion polls harm the democratic process,confidence interval,opinion polls,0.7,high
opinion polls harm the democratic process,deliberation,democratic process,0.5,medium
opinion polls harm the democratic process,deliberation,opinion polls,0.2,low
opinion polls harm the democratic process,election,candidates,0.9,high
opinion polls harm the democratic process,election,cellphones,0.1,low
opinion polls harm the democratic process,election,democratic process,1.0,high
opinion polls harm the democratic process,election,goidel,0.3,low
opinion polls harm the democratic process,election,opinion poll,0.8,high
opinion polls harm the democratic process,election,opinion polls,0.8,high
opinion polls harm the democratic process,election,organisations include,0.0,low
opinion polls harm the democratic process,election,presidential election,1.0,high
opinion polls harm the democratic process,election,silencing,0.1,low
opinion polls harm the democratic process,election results,democratic process,0.9,high
opinion polls harm the democratic process,election results,opinion polls,0.6,medium
opinion polls harm the democratic process,eta,democratic process,0.0,low
opinion polls harm the democratic process,eta,opinion polls,0.1,low
opinion polls harm the democratic process,exit poll,deliberation,0.0,low
opinion polls harm the democratic process,exit poll,democratic process,0.6,medium
opinion polls harm the democratic process,exit poll,instructor,0.0,low
opinion polls harm the democratic process,exit poll,majority opinion,0.5,medium
opinion polls harm the democratic process,exit poll,opinion polls,1.0,high
opinion polls harm the democratic process,exit poll,presidential election,0.8,high
opinion polls harm the democratic process,face to face,democratic process,0.0,low
opinion polls harm the democratic process,face to face,general election,0.0,low
opinion polls harm the democratic process,face to face,opinion polls,0.2,low
opinion polls harm the democratic process,fear of isolation,democratic process,0.4,medium
opinion polls harm the democratic process,fear of isolation,instructor,0.0,low
opinion polls harm the democratic process,fear of isolation,majority opinion,0.7,high
opinion polls harm the democratic process,fear of isolation,opinion polls,0.3,low
opinion polls harm the democratic process,fear of isolation,research article,0.0,low
opinion polls harm the democratic process,general election,democratic process,1.0,high
opinion polls harm the democratic process,general election,opinion polls,0.8,high
opinion polls harm the democratic process,goidel,democratic process,0.3,low
opinion polls harm the democratic process,goidel,opinion polls,0.3,low
opinion polls harm the democratic process,instructor,democratic process,0.1,low
opinion polls harm the democratic process,instructor,opinion polls,0.1,low
opinion polls harm the democratic process,isolation,bias,0.2,low
opinion polls harm the democratic process,isolation,candidates,0.0,low
opinion polls harm the democratic process,isolation,deliberation,0.1,low
opinion polls harm the democratic process,isolation,democratic process,0.1,low
opinion polls harm the democratic process,isolation,election results,0.2,low
opinion polls harm the democratic process,isolation,opinion polls,0.1,low
opinion polls harm the democratic process,isolation,opinions,0.0,low
opinion polls harm the democratic process,majority opinion,democratic process,1.0,high
opinion polls harm the democratic process,majority opinion,opinion polls,0.9,high
opinion polls harm the democratic process,margin of error,candidates,0.0,low
opinion polls harm the democratic process,margin of error,cellphones,0.0,low
opinion polls harm the democratic process,margin of error,democratic process,0.1,low
opinion polls harm the democratic process,margin of error,election results,0.4,medium
opinion polls harm the democratic process,margin of error,goidel,0.1,low
opinion polls harm the democratic process,margin of error,opinion polls,0.8,high
opinion polls harm the democratic process,margin of error,pollster,0.5,medium
opinion polls harm the democratic process,margin of error,research article,0.2,low
opinion polls harm the democratic process,margin of error,silencing,0.0,low
opinion polls harm the democratic process,opinion,democratic process,0.6,medium
opinion polls harm the democratic process,opinion,general election,0.5,medium
opinion polls harm the democratic process,opinion,opinion polls,1.0,high
opinion polls harm the democratic process,opinion,pollster,0.7,high
opinion polls harm the democratic process,opinion,research article,0.0,low
opinion polls harm the democratic process,opinion poll,democratic process,0.9,high
opinion polls harm the democratic process,opinion poll,opinion polls,1.0,high
opinion polls harm the democratic process,opinion polls,bias,0.5,medium
opinion polls harm the democratic process,opinion polls,confidence interval,0.7,high
opinion polls harm the democratic process,opinion polls,democratic process,0.9,high
opinion polls harm the democratic process,opinion polls,instructor,0.0,low
opinion polls harm the democratic process,opinion polls,opinion polls,1.0,high
opinion polls harm the democratic process,opinion polls,sampling error,0.8,high
opinion polls harm the democratic process,opinion polls,silencing,0.2,low
opinion polls harm the democratic process,opinions,democratic process,0.6,medium
opinion polls harm the democratic process,opinions,opinion polls,1.0,high
opinion polls harm the democratic process,organisations include,democratic process,0.0,low
opinion polls harm the democratic process,organisations include,opinion polls,0.0,low
opinion polls harm the democratic process,poll,candidates,0.4,medium
opinion polls harm the democratic process,poll,democratic process,0.9,high
opinion polls harm the democratic process,poll,election results,0.9,high
opinion polls harm the democratic process,poll,instructor,0.0,low
opinion polls harm the democratic process,poll,opinion poll,1.0,high
opinion polls harm the democratic process,poll,opinion polls,1.0,high
opinion polls harm the democratic process,poll,sampling error,0.9,high
opinion polls harm the democratic process,poll results,democratic process,0.5,medium
opinion polls harm the democratic process,poll results,instructor,0.1,low
opinion polls harm the democratic process,poll results,majority opinion,0.9,high
opinion polls harm the democratic process,poll results,opinion polls,1.0,high
opinion polls harm the democratic process,poll results,organisations include,0.1,low
opinion polls harm the democratic process,polling,candidates,0.6,medium
opinion polls harm the democratic process,polling,democratic process,0.9,high
opinion polls harm the democratic process,polling,opinion polls,1.0,high
opinion polls harm the democratic process,polling organizations,bias,0.6,medium
opinion polls harm the democratic process,polling organizations,deliberation,0.1,low
opinion polls harm the democratic process,polling organizations,democratic process,0.3,low
opinion polls harm the democratic process,polling organizations,general election,0.7,high
opinion polls harm the democratic process,polling organizations,goidel,0.2,low
opinion polls harm the democratic process,polling organizations,opinion polls,1.0,high
opinion polls harm the democratic process,polling organizations,survey results,0.9,high
opinion polls harm the democratic process,polls,bias,0.5,medium
opinion polls harm the democratic process,polls,democratic process,0.9,high
opinion polls harm the democratic process,polls,election results,0.9,high
opinion polls harm the democratic process,polls,opinion polls,1.0,high
opinion polls harm the democratic process,pollster,democratic process,0.5,medium
opinion polls harm the democratic process,pollster,opinion polls,1.0,high
opinion polls harm the democratic process,pollsters,democratic process,0.6,medium
opinion polls harm the democratic process,pollsters,election results,0.5,medium
opinion polls harm the democratic process,pollsters,eta,0.0,low
opinion polls harm the democratic process,pollsters,instructor,0.0,low
opinion polls harm the democratic process,pollsters,opinion polls,1.0,high
opinion polls harm the democratic process,pollsters,research article,0.1,low
opinion polls harm the democratic process,pollsters,sampling error,0.7,high
opinion polls harm the democratic process,pollsters,silencing,0.0,low
opinion polls harm the democratic process,presidential election,democratic process,1.0,high
opinion polls harm the democratic process,presidential election,opinion polls,0.8,high
opinion polls harm the democratic process,public opinion,candidates,0.6,medium
opinion polls harm the democratic process,public opinion,democratic process,0.7,high
opinion polls harm the democratic process,public opinion,election results,0.9,high
opinion polls harm the democratic process,public opinion,majority opinion,0.9,high
opinion polls harm the democratic process,public opinion,opinion polls,1.0,high
opinion polls harm the democratic process,public opinion,presidential election,0.8,high
opinion polls harm the democratic process,push poll,cellphones,0.2,low
opinion polls harm the democratic process,push poll,democratic process,0.5,medium
opinion polls harm the democratic process,push poll,opinion polls,1.0,high
opinion polls harm the democratic process,push poll,sampling error,0.2,low
opinion polls harm the democratic process,push polling,candidates,0.4,medium
opinion polls harm the democratic process,push polling,democratic process,0.4,medium
opinion polls harm the democratic process,push polling,instructor,0.1,low
opinion polls harm the democratic process,push polling,opinion poll,1.0,high
opinion polls harm the democratic process,push polling,opinion polls,1.0,high
opinion polls harm the democratic process,push polling,opinions,0.7,high
opinion polls harm the democratic process,push polling,pollster,0.9,high
opinion polls harm the democratic process,push polling,presidential election,0.8,high
opinion polls harm the democratic process,push polling,research article,0.0,low
opinion polls harm the democratic process,push polling,silencing,0.2,low
opinion polls harm the democratic process,research article,democratic process,0.0,low
opinion polls harm the democratic process,research article,opinion polls,0.2,low
opinion polls harm the democratic process,results,deliberation,0.3,low
opinion polls harm the democratic process,results,democratic process,0.5,medium
opinion polls harm the democratic process,results,election results,0.9,high
opinion polls harm the democratic process,results,goidel,0.1,low
opinion polls harm the democratic process,results,opinion polls,1.0,high
opinion polls harm the democratic process,results,opinions,0.3,low
opinion polls harm the democratic process,results,research article,0.1,low
opinion polls harm the democratic process,results,silencing,0.1,low
opinion polls harm the democratic process,sample size,candidates,0.1,low
opinion polls harm the democratic process,sample size,democratic process,0.1,low
opinion polls harm the democratic process,sample size,eta,0.0,low
opinion polls harm the democratic process,sample size,general election,0.1,low
opinion polls harm the democratic process,sample size,opinion polls,0.9,high
opinion polls harm the democratic process,sample size,opinions,0.0,low
opinion polls harm the democratic process,sample size,silencing,0.1,low
opinion polls harm the democratic process,sample size,survey results,0.8,high
opinion polls harm the democratic process,sampling error,democratic process,0.2,low
opinion polls harm the democratic process,sampling error,opinion polls,0.8,high
opinion polls harm the democratic process,silencing,democratic process,0.2,low
opinion polls harm the democratic process,silencing,opinion polls,0.1,low
opinion polls harm the democratic process,spiral of silence,bias,0.2,low
opinion polls harm the democratic process,spiral of silence,candidates,0.0,low
opinion polls harm the democratic process,spiral of silence,democratic process,0.3,low
opinion polls harm the democratic process,spiral of silence,opinion poll,0.5,medium
opinion polls harm the democratic process,spiral of silence,opinion polls,0.4,medium
opinion polls harm the democratic process,spiral of silence,organisations include,0.0,low
opinion polls harm the democratic process,spiral of silence,presidential election,0.2,low
opinion polls harm the democratic process,spiral of silence,sampling error,0.0,low
opinion polls harm the democratic process,survey results,democratic process,0.6,medium
opinion polls harm the democratic process,survey results,opinion polls,1.0,high
opinion polls harm the democratic process,u.s presidential election,democratic process,1.0,high
opinion polls harm the democratic process,u.s presidential election,instructor,0.0,low
opinion polls harm the democratic process,u.s presidential election,opinion polls,0.8,high
opinion polls harm the democratic process,u.s presidential election,survey results,0.8,high
opinion polls harm the democratic process,uk general election,confidence interval,0.1,low
opinion polls harm the democratic process,uk general election,deliberation,0.1,low
opinion polls harm the democratic process,uk general election,democratic process,1.0,high
opinion polls harm the democratic process,uk general election,eta,0.0,low
opinion polls harm the democratic process,uk general election,opinion polls,0.7,high
opinion polls harm the democratic process,uk general election,sampling error,0.2,low
opinion polls harm the democratic process,uk general election,survey results,0.3,low
opinion polls harm the democratic process,voters,deliberation,0.1,low
opinion polls harm the democratic process,voters,democratic process,0.9,high
opinion polls harm the democratic process,voters,opinion polls,0.9,high
opinion polls harm the democratic process,voters,organisations include,0.0,low
opinion polls harm the democratic process,voters,sampling error,0.1,low
opinion polls harm the democratic process,voters,silencing,0.3,low
opinion polls harm the democratic process,willingness to speak,confidence interval,0.0,low
opinion polls harm the democratic process,willingness to speak,deliberation,0.1,low
opinion polls harm the democratic process,willingness to speak,democratic process,0.3,low
opinion polls harm the democratic process,willingness to speak,eta,0.0,low
opinion polls harm the democratic process,willingness to speak,general election,0.1,low
opinion polls harm the democratic process,willingness to speak,opinion poll,0.7,high
opinion polls harm the democratic process,willingness to speak,opinion polls,0.6,medium
opinion polls harm the democratic process,willingness to speak,pollster,0.1,low
opinion polls harm the democratic process,willingness to speak,sampling error,0.1,low
parents should be allowed to genetically screen fetuses for heritable diseases,advanced maternal age,egg,0.2,low
parents should be allowed to genetically screen fetuses for heritable diseases,advanced maternal age,fetuses,0.6,medium
parents should be allowed to genetically screen fetuses for heritable diseases,advanced maternal age,genetic screening,0.3,low
parents should be allowed to genetically screen fetuses for heritable diseases,advanced maternal age,heritable diseases,0.5,medium
parents should be allowed to genetically screen fetuses for heritable diseases,advanced maternal age,invasive procedure,0.0,low
parents should be allowed to genetically screen fetuses for heritable diseases,advanced maternal age,parents,0.9,high
parents should be allowed to genetically screen fetuses for heritable diseases,advanced maternal age,performed,0.1,low
parents should be allowed to genetically screen fetuses for heritable diseases,advanced maternal age,prenatal testing,0.4,medium
parents should be allowed to genetically screen fetuses for heritable diseases,advanced maternal age,screening test,0.3,low
parents should be allowed to genetically screen fetuses for heritable diseases,advanced maternal age,trimester,0.1,low
parents should be allowed to genetically screen fetuses for heritable diseases,advanced maternal age,ultrasound,0.1,low
parents should be allowed to genetically screen fetuses for heritable diseases,amniocentesis,fetuses,0.8,high
parents should be allowed to genetically screen fetuses for heritable diseases,amniocentesis,genetic screening,0.8,high
parents should be allowed to genetically screen fetuses for heritable diseases,amniocentesis,heritable diseases,0.9,high
parents should be allowed to genetically screen fetuses for heritable diseases,amniocentesis,parents,0.5,medium
parents should be allowed to genetically screen fetuses for heritable diseases,assisted reproductive technology,amniocentesis,0.1,low
parents should be allowed to genetically screen fetuses for heritable diseases,assisted reproductive technology,disorders,0.2,low
parents should be allowed to genetically screen fetuses for heritable diseases,assisted reproductive technology,fetuses,0.9,high
parents should be allowed to genetically screen fetuses for heritable diseases,assisted reproductive technology,gene therapy,0.3,low
parents should be allowed to genetically screen fetuses for heritable diseases,assisted reproductive technology,genetic screening,0.6,medium
parents should be allowed to genetically screen fetuses for heritable diseases,assisted reproductive technology,heritable diseases,0.6,medium
parents should be allowed to genetically screen fetuses for heritable diseases,assisted reproductive technology,invasive procedure,0.5,medium
parents should be allowed to genetically screen fetuses for heritable diseases,assisted reproductive technology,invasive testing,0.3,low
parents should be allowed to genetically screen fetuses for heritable diseases,assisted reproductive technology,parents,0.9,high
parents should be allowed to genetically screen fetuses for heritable diseases,assisted reproductive technology,prenatal testing,0.3,low
parents should be allowed to genetically screen fetuses for heritable diseases,assisted reproductive technology,screening test,0.2,low
parents should be allowed to genetically screen fetuses for heritable diseases,assisted reproductive technology,test results,0.0,low
parents should be allowed to genetically screen fetuses for heritable diseases,biopsy,amniocentesis,0.3,low
parents should be allowed to genetically screen fetuses for heritable diseases,biopsy,egg,0.1,low
parents should be allowed to genetically screen fetuses for heritable diseases,biopsy,fetuses,0.3,low
parents should be allowed to genetically screen fetuses for heritable diseases,biopsy,gene therapy,0.3,low
parents should be allowed to genetically screen fetuses for heritable diseases,biopsy,genetic screening,0.6,medium
parents should be allowed to genetically screen fetuses for heritable diseases,biopsy,heritable diseases,0.7,high
parents should be allowed to genetically screen fetuses for heritable diseases,biopsy,invasive procedure,0.9,high
parents should be allowed to genetically screen fetuses for heritable diseases,biopsy,maternal,0.0,low
parents should be allowed to genetically screen fetuses for heritable diseases,biopsy,maternal serum,0.1,low
parents should be allowed to genetically screen fetuses for heritable diseases,biopsy,parents,0.0,low
parents should be allowed to genetically screen fetuses for heritable diseases,biopsy,performed,0.6,medium
parents should be allowed to genetically screen fetuses for heritable diseases,biopsy,test results,0.8,high
parents should be allowed to genetically screen fetuses for heritable diseases,biopsy,uterus,0.2,low
parents should be allowed to genetically screen fetuses for heritable diseases,birth defects,chromosomes,0.9,high
parents should be allowed to genetically screen fetuses for heritable diseases,birth defects,fetuses,1.0,high
parents should be allowed to genetically screen fetuses for heritable diseases,birth defects,gene therapy,0.6,medium
parents should be allowed to genetically screen fetuses for heritable diseases,birth defects,genetic screening,0.8,high
parents should be allowed to genetically screen fetuses for heritable diseases,birth defects,heritable diseases,1.0,high
parents should be allowed to genetically screen fetuses for heritable diseases,birth defects,parents,0.5,medium
parents should be allowed to genetically screen fetuses for heritable diseases,birth defects,prenatal testing,1.0,high
parents should be allowed to genetically screen fetuses for heritable diseases,birth defects,screening test,1.0,high
parents should be allowed to genetically screen fetuses for heritable diseases,birth defects,test results,0.4,medium
parents should be allowed to genetically screen fetuses for heritable diseases,birth defects,ultrasound,0.9,high
parents should be allowed to genetically screen fetuses for heritable diseases,birth defects,uterus,0.2,low
parents should be allowed to genetically screen fetuses for heritable diseases,chromosomes,fetuses,0.9,high
parents should be allowed to genetically screen fetuses for heritable diseases,chromosomes,genetic screening,1.0,high
parents should be allowed to genetically screen fetuses for heritable diseases,chromosomes,heritable diseases,0.9,high
parents should be allowed to genetically screen fetuses for heritable diseases,chromosomes,parents,0.8,high
parents should be allowed to genetically screen fetuses for heritable diseases,cleavage stage biopsy,chromosomes,0.4,medium
parents should be allowed to genetically screen fetuses for heritable diseases,cleavage stage biopsy,egg,0.2,low
parents should be allowed to genetically screen fetuses for heritable diseases,cleavage stage biopsy,fetuses,0.8,high
parents should be allowed to genetically screen fetuses for heritable diseases,cleavage stage biopsy,gene therapy,0.2,low
parents should be allowed to genetically screen fetuses for heritable diseases,cleavage stage biopsy,genetic screening,0.8,high
parents should be allowed to genetically screen fetuses for heritable diseases,cleavage stage biopsy,heritable diseases,0.7,high
parents should be allowed to genetically screen fetuses for heritable diseases,cleavage stage biopsy,maternal serum,0.0,low
parents should be allowed to genetically screen fetuses for heritable diseases,cleavage stage biopsy,parents,0.3,low
parents should be allowed to genetically screen fetuses for heritable diseases,cleavage stage biopsy,presymptomatic testing,0.4,medium
parents should be allowed to genetically screen fetuses for heritable diseases,cleavage stage biopsy,test results,0.6,medium
parents should be allowed to genetically screen fetuses for heritable diseases,cleavage stage biopsy,ultrasound,0.4,medium
parents should be allowed to genetically screen fetuses for heritable diseases,cleavage stage biopsy,uterus,0.3,low
parents should be allowed to genetically screen fetuses for heritable diseases,diagnosis,amniocentesis,0.6,medium
parents should be allowed to genetically screen fetuses for heritable diseases,diagnosis,fetuses,0.5,medium
parents should be allowed to genetically screen fetuses for heritable diseases,diagnosis,genetic screening,0.8,high
parents should be allowed to genetically screen fetuses for heritable diseases,diagnosis,heritable diseases,0.8,high
parents should be allowed to genetically screen fetuses for heritable diseases,diagnosis,parents,0.2,low
parents should be allowed to genetically screen fetuses for heritable diseases,diagnosis,performed,0.1,low
parents should be allowed to genetically screen fetuses for heritable diseases,diagnosis,screening test,1.0,high
parents should be allowed to genetically screen fetuses for heritable diseases,diagnosis,test results,1.0,high
parents should be allowed to genetically screen fetuses for heritable diseases,diagnosis,trimester,0.1,low
parents should be allowed to genetically screen fetuses for heritable diseases,disorders,fetuses,0.4,medium
parents should be allowed to genetically screen fetuses for heritable diseases,disorders,genetic screening,0.9,high
parents should be allowed to genetically screen fetuses for heritable diseases,disorders,heritable diseases,0.9,high
parents should be allowed to genetically screen fetuses for heritable diseases,disorders,parents,0.1,low
parents should be allowed to genetically screen fetuses for heritable diseases,dna,fetuses,0.8,high
parents should be allowed to genetically screen fetuses for heritable diseases,dna,genetic screening,1.0,high
parents should be allowed to genetically screen fetuses for heritable diseases,dna,heritable diseases,1.0,high
parents should be allowed to genetically screen fetuses for heritable diseases,dna,parents,0.8,high
parents should be allowed to genetically screen fetuses for heritable diseases,donor eggs,fetuses,1.0,high
parents should be allowed to genetically screen fetuses for heritable diseases,donor eggs,genetic screening,0.3,low
parents should be allowed to genetically screen fetuses for heritable diseases,donor eggs,heritable diseases,0.4,medium
parents should be allowed to genetically screen fetuses for heritable diseases,donor eggs,parents,0.8,high
parents should be allowed to genetically screen fetuses for heritable diseases,egg,fetuses,1.0,high
parents should be allowed to genetically screen fetuses for heritable diseases,egg,genetic screening,0.1,low
parents should be allowed to genetically screen fetuses for heritable diseases,egg,heritable diseases,0.1,low
parents should be allowed to genetically screen fetuses for heritable diseases,egg,parents,0.6,medium
parents should be allowed to genetically screen fetuses for heritable diseases,embryo,dna,0.7,high
parents should be allowed to genetically screen fetuses for heritable diseases,embryo,donor eggs,0.9,high
parents should be allowed to genetically screen fetuses for heritable diseases,embryo,egg,0.9,high
parents should be allowed to genetically screen fetuses for heritable diseases,embryo,fetuses,0.9,high
parents should be allowed to genetically screen fetuses for heritable diseases,embryo,gene therapy,0.3,low
parents should be allowed to genetically screen fetuses for heritable diseases,embryo,genetic screening,1.0,high
parents should be allowed to genetically screen fetuses for heritable diseases,embryo,heritable diseases,0.9,high
parents should be allowed to genetically screen fetuses for heritable diseases,embryo,invasive test,0.1,low
parents should be allowed to genetically screen fetuses for heritable diseases,embryo,invasive testing,0.1,low
parents should be allowed to genetically screen fetuses for heritable diseases,embryo,maternal,0.7,high
parents should be allowed to genetically screen fetuses for heritable diseases,embryo,maternal serum,0.7,high
parents should be allowed to genetically screen fetuses for heritable diseases,embryo,parents,0.8,high
parents should be allowed to genetically screen fetuses for heritable diseases,embryo,performed,0.0,low
parents should be allowed to genetically screen fetuses for heritable diseases,embryo,prenatal testing,0.8,high
parents should be allowed to genetically screen fetuses for heritable diseases,embryo,uterus,0.9,high
parents should be allowed to genetically screen fetuses for heritable diseases,embryo transfer,amniocentesis,0.0,low
parents should be allowed to genetically screen fetuses for heritable diseases,embryo transfer,dna,0.2,low
parents should be allowed to genetically screen fetuses for heritable diseases,embryo transfer,donor eggs,0.6,medium
parents should be allowed to genetically screen fetuses for heritable diseases,embryo transfer,fetuses,0.8,high
parents should be allowed to genetically screen fetuses for heritable diseases,embryo transfer,genetic screening,0.3,low
parents should be allowed to genetically screen fetuses for heritable diseases,embryo transfer,heritable diseases,0.3,low
parents should be allowed to genetically screen fetuses for heritable diseases,embryo transfer,invasive test,0.1,low
parents should be allowed to genetically screen fetuses for heritable diseases,embryo transfer,invasive testing,0.1,low
parents should be allowed to genetically screen fetuses for heritable diseases,embryo transfer,parents,0.5,medium
parents should be allowed to genetically screen fetuses for heritable diseases,embryo transfer,screening test,0.0,low
parents should be allowed to genetically screen fetuses for heritable diseases,embryo transfer,ultrasound,0.0,low
parents should be allowed to genetically screen fetuses for heritable diseases,false positive rate,amniocentesis,0.4,medium
parents should be allowed to genetically screen fetuses for heritable diseases,false positive rate,chromosomes,0.0,low
parents should be allowed to genetically screen fetuses for heritable diseases,false positive rate,donor eggs,0.0,low
parents should be allowed to genetically screen fetuses for heritable diseases,false positive rate,fetuses,0.1,low
parents should be allowed to genetically screen fetuses for heritable diseases,false positive rate,gene therapy,0.0,low
parents should be allowed to genetically screen fetuses for heritable diseases,false positive rate,genetic screening,0.7,high
parents should be allowed to genetically screen fetuses for heritable diseases,false positive rate,heritable diseases,0.5,medium
parents should be allowed to genetically screen fetuses for heritable diseases,false positive rate,maternal,0.0,low
parents should be allowed to genetically screen fetuses for heritable diseases,false positive rate,parents,0.0,low
parents should be allowed to genetically screen fetuses for heritable diseases,false positive rate,presymptomatic testing,0.4,medium
parents should be allowed to genetically screen fetuses for heritable diseases,false positive rate,screening test,0.7,high
parents should be allowed to genetically screen fetuses for heritable diseases,gene therapy,fetuses,0.5,medium
parents should be allowed to genetically screen fetuses for heritable diseases,gene therapy,genetic screening,0.9,high
parents should be allowed to genetically screen fetuses for heritable diseases,gene therapy,heritable diseases,0.9,high
parents should be allowed to genetically screen fetuses for heritable diseases,gene therapy,parents,0.4,medium
parents should be allowed to genetically screen fetuses for heritable diseases,genetic,amniocentesis,0.7,high
parents should be allowed to genetically screen fetuses for heritable diseases,genetic,donor eggs,0.4,medium
parents should be allowed to genetically screen fetuses for heritable diseases,genetic,fetuses,0.8,high
parents should be allowed to genetically screen fetuses for heritable diseases,genetic,genetic screening,1.0,high
parents should be allowed to genetically screen fetuses for heritable diseases,genetic,heritable diseases,1.0,high
parents should be allowed to genetically screen fetuses for heritable diseases,genetic,invasive testing,0.2,low
parents should be allowed to genetically screen fetuses for heritable diseases,genetic,maternal,0.5,medium
parents should be allowed to genetically screen fetuses for heritable diseases,genetic,parents,0.7,high
parents should be allowed to genetically screen fetuses for heritable diseases,genetic,screening test,0.8,high
parents should be allowed to genetically screen fetuses for heritable diseases,genetic,trimester,0.0,low
parents should be allowed to genetically screen fetuses for heritable diseases,genetic,ultrasound,0.2,low
parents should be allowed to genetically screen fetuses for heritable diseases,genetic,uterus,0.1,low
parents should be allowed to genetically screen fetuses for heritable diseases,genetic test,donor eggs,0.2,low
parents should be allowed to genetically screen fetuses for heritable diseases,genetic test,egg,0.2,low
parents should be allowed to genetically screen fetuses for heritable diseases,genetic test,fetuses,1.0,high
parents should be allowed to genetically screen fetuses for heritable diseases,genetic test,gene therapy,0.9,high
parents should be allowed to genetically screen fetuses for heritable diseases,genetic test,genetic screening,1.0,high
parents should be allowed to genetically screen fetuses for heritable diseases,genetic test,heritable diseases,1.0,high
parents should be allowed to genetically screen fetuses for heritable diseases,genetic test,maternal serum,0.8,high
parents should be allowed to genetically screen fetuses for heritable diseases,genetic test,parents,0.7,high
parents should be allowed to genetically screen fetuses for heritable diseases,genetic test,screening test,1.0,high
parents should be allowed to genetically screen fetuses for heritable diseases,genetic test,trimester,0.1,low
parents should be allowed to genetically screen fetuses for heritable diseases,genetic test,uterus,0.2,low
parents should be allowed to genetically screen fetuses for heritable diseases,genetic testing,chromosomes,1.0,high
parents should be allowed to genetically screen fetuses for heritable diseases,genetic testing,disorders,0.9,high
parents should be allowed to genetically screen fetuses for heritable diseases,genetic testing,fetuses,1.0,high
parents should be allowed to genetically screen fetuses for heritable diseases,genetic testing,gene therapy,1.0,high
parents should be allowed to genetically screen fetuses for heritable diseases,genetic testing,genetic screening,1.0,high
parents should be allowed to genetically screen fetuses for heritable diseases,genetic testing,heritable diseases,0.9,high
parents should be allowed to genetically screen fetuses for heritable diseases,genetic testing,invasive procedure,0.8,high
parents should be allowed to genetically screen fetuses for heritable diseases,genetic testing,invasive test,0.8,high
parents should be allowed to genetically screen fetuses for heritable diseases,genetic testing,invasive testing,1.0,high
parents should be allowed to genetically screen fetuses for heritable diseases,genetic testing,maternal serum,0.9,high
parents should be allowed to genetically screen fetuses for heritable diseases,genetic testing,parents,0.8,high
parents should be allowed to genetically screen fetuses for heritable diseases,genetic testing,prenatal testing,0.8,high
parents should be allowed to genetically screen fetuses for heritable diseases,genetic testing,test results,1.0,high
parents should be allowed to genetically screen fetuses for heritable diseases,human genetic engineering,chromosomes,0.8,high
parents should be allowed to genetically screen fetuses for heritable diseases,human genetic engineering,egg,0.4,medium
parents should be allowed to genetically screen fetuses for heritable diseases,human genetic engineering,fetuses,0.8,high
parents should be allowed to genetically screen fetuses for heritable diseases,human genetic engineering,genetic screening,0.6,medium
parents should be allowed to genetically screen fetuses for heritable diseases,human genetic engineering,heritable diseases,0.8,high
parents should be allowed to genetically screen fetuses for heritable diseases,human genetic engineering,invasive procedure,0.3,low
parents should be allowed to genetically screen fetuses for heritable diseases,human genetic engineering,invasive testing,0.4,medium
parents should be allowed to genetically screen fetuses for heritable diseases,human genetic engineering,maternal,0.2,low
parents should be allowed to genetically screen fetuses for heritable diseases,human genetic engineering,maternal serum,0.0,low
parents should be allowed to genetically screen fetuses for heritable diseases,human genetic engineering,parents,0.5,medium
parents should be allowed to genetically screen fetuses for heritable diseases,human genetic engineering,prenatal testing,0.4,medium
parents should be allowed to genetically screen fetuses for heritable diseases,human genetic engineering,presymptomatic testing,0.3,low
parents should be allowed to genetically screen fetuses for heritable diseases,human genetic engineering,test results,0.2,low
parents should be allowed to genetically screen fetuses for heritable diseases,human genetic engineering,ultrasound,0.2,low
parents should be allowed to genetically screen fetuses for heritable diseases,human genetic engineering,uterus,0.4,medium
parents should be allowed to genetically screen fetuses for heritable diseases,invasive,amniocentesis,0.3,low
parents should be allowed to genetically screen fetuses for heritable diseases,invasive,disorders,0.0,low
parents should be allowed to genetically screen fetuses for heritable diseases,invasive,egg,0.0,low
parents should be allowed to genetically screen fetuses for heritable diseases,invasive,fetuses,0.2,low
parents should be allowed to genetically screen fetuses for heritable diseases,invasive,genetic screening,0.5,medium
parents should be allowed to genetically screen fetuses for heritable diseases,invasive,heritable diseases,0.1,low
parents should be allowed to genetically screen fetuses for heritable diseases,invasive,invasive procedure,1.0,high
parents should be allowed to genetically screen fetuses for heritable diseases,invasive,invasive test,1.0,high
parents should be allowed to genetically screen fetuses for heritable diseases,invasive,parents,0.0,low
parents should be allowed to genetically screen fetuses for heritable diseases,invasive,performed,0.0,low
parents should be allowed to genetically screen fetuses for heritable diseases,invasive,prenatal testing,0.7,high
parents should be allowed to genetically screen fetuses for heritable diseases,invasive,trimester,0.0,low
parents should be allowed to genetically screen fetuses for heritable diseases,invasive,uterus,0.4,medium
parents should be allowed to genetically screen fetuses for heritable diseases,invasive procedure,fetuses,0.4,medium
parents should be allowed to genetically screen fetuses for heritable diseases,invasive procedure,genetic screening,0.7,high
parents should be allowed to genetically screen fetuses for heritable diseases,invasive procedure,heritable diseases,0.3,low
parents should be allowed to genetically screen fetuses for heritable diseases,invasive procedure,parents,0.2,low
parents should be allowed to genetically screen fetuses for heritable diseases,invasive test,fetuses,0.5,medium
parents should be allowed to genetically screen fetuses for heritable diseases,invasive test,genetic screening,0.7,high
parents should be allowed to genetically screen fetuses for heritable diseases,invasive test,heritable diseases,0.4,medium
parents should be allowed to genetically screen fetuses for heritable diseases,invasive test,parents,0.2,low
parents should be allowed to genetically screen fetuses for heritable diseases,invasive testing,fetuses,0.5,medium
parents should be allowed to genetically screen fetuses for heritable diseases,invasive testing,genetic screening,0.7,high
parents should be allowed to genetically screen fetuses for heritable diseases,invasive testing,heritable diseases,0.6,medium
parents should be allowed to genetically screen fetuses for heritable diseases,invasive testing,parents,0.0,low
parents should be allowed to genetically screen fetuses for heritable diseases,ivf,egg,0.9,high
parents should be allowed to genetically screen fetuses for heritable diseases,ivf,fetuses,0.9,high
parents should be allowed to genetically screen fetuses for heritable diseases,ivf,genetic screening,0.7,high
parents should be allowed to genetically screen fetuses for heritable diseases,ivf,heritable diseases,0.6,medium
parents should be allowed to genetically screen fetuses for heritable diseases,ivf,maternal,0.5,medium
parents should be allowed to genetically screen fetuses for heritable diseases,ivf,maternal serum,0.2,low
parents should be allowed to genetically screen fetuses for heritable diseases,ivf,parents,0.6,medium
parents should be allowed to genetically screen fetuses for heritable diseases,ivf,trimester,0.0,low
parents should be allowed to genetically screen fetuses for heritable diseases,ivf,ultrasound,0.3,low
parents should be allowed to genetically screen fetuses for heritable diseases,ivf success rates,amniocentesis,0.0,low
parents should be allowed to genetically screen fetuses for heritable diseases,ivf success rates,disorders,0.2,low
parents should be allowed to genetically screen fetuses for heritable diseases,ivf success rates,donor eggs,0.6,medium
parents should be allowed to genetically screen fetuses for heritable diseases,ivf success rates,fetuses,0.6,medium
parents should be allowed to genetically screen fetuses for heritable diseases,ivf success rates,genetic screening,0.3,low
parents should be allowed to genetically screen fetuses for heritable diseases,ivf success rates,heritable diseases,0.3,low
parents should be allowed to genetically screen fetuses for heritable diseases,ivf success rates,invasive testing,0.0,low
parents should be allowed to genetically screen fetuses for heritable diseases,ivf success rates,maternal serum,0.3,low
parents should be allowed to genetically screen fetuses for heritable diseases,ivf success rates,parents,0.6,medium
parents should be allowed to genetically screen fetuses for heritable diseases,ivf success rates,prenatal testing,0.4,medium
parents should be allowed to genetically screen fetuses for heritable diseases,ivf success rates,presymptomatic testing,0.1,low
parents should be allowed to genetically screen fetuses for heritable diseases,ivf success rates,ultrasound,0.1,low
parents should be allowed to genetically screen fetuses for heritable diseases,liberal eugenics,amniocentesis,0.4,medium
parents should be allowed to genetically screen fetuses for heritable diseases,liberal eugenics,dna,0.7,high
parents should be allowed to genetically screen fetuses for heritable diseases,liberal eugenics,egg,0.2,low
parents should be allowed to genetically screen fetuses for heritable diseases,liberal eugenics,fetuses,0.7,high
parents should be allowed to genetically screen fetuses for heritable diseases,liberal eugenics,genetic screening,0.8,high
parents should be allowed to genetically screen fetuses for heritable diseases,liberal eugenics,heritable diseases,0.8,high
parents should be allowed to genetically screen fetuses for heritable diseases,liberal eugenics,invasive testing,0.2,low
parents should be allowed to genetically screen fetuses for heritable diseases,liberal eugenics,maternal,0.0,low
parents should be allowed to genetically screen fetuses for heritable diseases,liberal eugenics,parents,0.6,medium
parents should be allowed to genetically screen fetuses for heritable diseases,liberal eugenics,performed,0.0,low
parents should be allowed to genetically screen fetuses for heritable diseases,liberal eugenics,prenatal testing,0.6,medium
parents should be allowed to genetically screen fetuses for heritable diseases,liberal eugenics,presymptomatic testing,0.3,low
parents should be allowed to genetically screen fetuses for heritable diseases,liberal eugenics,test results,0.0,low
parents should be allowed to genetically screen fetuses for heritable diseases,liberal eugenics,trimester,0.0,low
parents should be allowed to genetically screen fetuses for heritable diseases,liberal eugenics,ultrasound,0.0,low
parents should be allowed to genetically screen fetuses for heritable diseases,live birth,amniocentesis,0.1,low
parents should be allowed to genetically screen fetuses for heritable diseases,live birth,chromosomes,0.0,low
parents should be allowed to genetically screen fetuses for heritable diseases,live birth,dna,0.1,low
parents should be allowed to genetically screen fetuses for heritable diseases,live birth,fetuses,0.9,high
parents should be allowed to genetically screen fetuses for heritable diseases,live birth,genetic screening,0.0,low
parents should be allowed to genetically screen fetuses for heritable diseases,live birth,heritable diseases,0.1,low
parents should be allowed to genetically screen fetuses for heritable diseases,live birth,invasive testing,0.0,low
parents should be allowed to genetically screen fetuses for heritable diseases,live birth,maternal,0.5,medium
parents should be allowed to genetically screen fetuses for heritable diseases,live birth,parents,0.8,high
parents should be allowed to genetically screen fetuses for heritable diseases,live birth,performed,0.1,low
parents should be allowed to genetically screen fetuses for heritable diseases,live birth,prenatal testing,0.1,low
parents should be allowed to genetically screen fetuses for heritable diseases,live birth,screening test,0.0,low
parents should be allowed to genetically screen fetuses for heritable diseases,live birth,ultrasound,0.1,low
parents should be allowed to genetically screen fetuses for heritable diseases,live birth rate,chromosomes,0.3,low
parents should be allowed to genetically screen fetuses for heritable diseases,live birth rate,fetuses,0.8,high
parents should be allowed to genetically screen fetuses for heritable diseases,live birth rate,gene therapy,0.0,low
parents should be allowed to genetically screen fetuses for heritable diseases,live birth rate,genetic screening,0.2,low
parents should be allowed to genetically screen fetuses for heritable diseases,live birth rate,heritable diseases,0.4,medium
parents should be allowed to genetically screen fetuses for heritable diseases,live birth rate,invasive procedure,0.0,low
parents should be allowed to genetically screen fetuses for heritable diseases,live birth rate,invasive test,0.0,low
parents should be allowed to genetically screen fetuses for heritable diseases,live birth rate,maternal serum,0.1,low
parents should be allowed to genetically screen fetuses for heritable diseases,live birth rate,parents,0.6,medium
parents should be allowed to genetically screen fetuses for heritable diseases,live birth rate,test results,0.0,low
parents should be allowed to genetically screen fetuses for heritable diseases,live birth rate,uterus,0.1,low
parents should be allowed to genetically screen fetuses for heritable diseases,maternal,fetuses,0.6,medium
parents should be allowed to genetically screen fetuses for heritable diseases,maternal,genetic screening,0.2,low
parents should be allowed to genetically screen fetuses for heritable diseases,maternal,heritable diseases,0.5,medium
parents should be allowed to genetically screen fetuses for heritable diseases,maternal,parents,0.7,high
parents should be allowed to genetically screen fetuses for heritable diseases,maternal serum,fetuses,0.9,high
parents should be allowed to genetically screen fetuses for heritable diseases,maternal serum,genetic screening,0.5,medium
parents should be allowed to genetically screen fetuses for heritable diseases,maternal serum,heritable diseases,0.8,high
parents should be allowed to genetically screen fetuses for heritable diseases,maternal serum,parents,0.5,medium
parents should be allowed to genetically screen fetuses for heritable diseases,neural tube defects,egg,0.1,low
parents should be allowed to genetically screen fetuses for heritable diseases,neural tube defects,fetuses,1.0,high
parents should be allowed to genetically screen fetuses for heritable diseases,neural tube defects,gene therapy,0.1,low
parents should be allowed to genetically screen fetuses for heritable diseases,neural tube defects,genetic screening,0.6,medium
parents should be allowed to genetically screen fetuses for heritable diseases,neural tube defects,heritable diseases,0.6,medium
parents should be allowed to genetically screen fetuses for heritable diseases,neural tube defects,invasive procedure,0.2,low
parents should be allowed to genetically screen fetuses for heritable diseases,neural tube defects,parents,0.2,low
parents should be allowed to genetically screen fetuses for heritable diseases,neural tube defects,performed,0.0,low
parents should be allowed to genetically screen fetuses for heritable diseases,neural tube defects,prenatal testing,0.8,high
parents should be allowed to genetically screen fetuses for heritable diseases,neural tube defects,screening test,0.7,high
parents should be allowed to genetically screen fetuses for heritable diseases,neural tube defects,trimester,0.1,low
parents should be allowed to genetically screen fetuses for heritable diseases,neural tube defects,ultrasound,0.7,high
parents should be allowed to genetically screen fetuses for heritable diseases,neural tube defects,uterus,0.2,low
parents should be allowed to genetically screen fetuses for heritable diseases,performed,fetuses,0.0,low
parents should be allowed to genetically screen fetuses for heritable diseases,performed,genetic screening,0.5,medium
parents should be allowed to genetically screen fetuses for heritable diseases,performed,heritable diseases,0.0,low
parents should be allowed to genetically screen fetuses for heritable diseases,performed,parents,0.0,low
parents should be allowed to genetically screen fetuses for heritable diseases,pregnancy,disorders,0.5,medium
parents should be allowed to genetically screen fetuses for heritable diseases,pregnancy,fetuses,1.0,high
parents should be allowed to genetically screen fetuses for heritable diseases,pregnancy,gene therapy,0.3,low
parents should be allowed to genetically screen fetuses for heritable diseases,pregnancy,genetic screening,0.6,medium
parents should be allowed to genetically screen fetuses for heritable diseases,pregnancy,heritable diseases,0.7,high
parents should be allowed to genetically screen fetuses for heritable diseases,pregnancy,parents,0.9,high
parents should be allowed to genetically screen fetuses for heritable diseases,pregnancy,performed,0.0,low
parents should be allowed to genetically screen fetuses for heritable diseases,pregnancy,prenatal testing,0.9,high
parents should be allowed to genetically screen fetuses for heritable diseases,preimplantation genetic diagnosis,amniocentesis,0.3,low
parents should be allowed to genetically screen fetuses for heritable diseases,preimplantation genetic diagnosis,dna,0.8,high
parents should be allowed to genetically screen fetuses for heritable diseases,preimplantation genetic diagnosis,egg,0.6,medium
parents should be allowed to genetically screen fetuses for heritable diseases,preimplantation genetic diagnosis,fetuses,0.9,high
parents should be allowed to genetically screen fetuses for heritable diseases,preimplantation genetic diagnosis,genetic screening,1.0,high
parents should be allowed to genetically screen fetuses for heritable diseases,preimplantation genetic diagnosis,heritable diseases,0.9,high
parents should be allowed to genetically screen fetuses for heritable diseases,preimplantation genetic diagnosis,invasive test,0.4,medium
parents should be allowed to genetically screen fetuses for heritable diseases,preimplantation genetic diagnosis,parents,0.6,medium
parents should be allowed to genetically screen fetuses for heritable diseases,preimplantation genetic diagnosis,presymptomatic testing,0.6,medium
parents should be allowed to genetically screen fetuses for heritable diseases,preimplantation genetic diagnosis,screening test,0.8,high
parents should be allowed to genetically screen fetuses for heritable diseases,preimplantation genetic diagnosis,ultrasound,0.4,medium
parents should be allowed to genetically screen fetuses for heritable diseases,prenatal diagnosis,amniocentesis,0.7,high
parents should be allowed to genetically screen fetuses for heritable diseases,prenatal diagnosis,chromosomes,0.9,high
parents should be allowed to genetically screen fetuses for heritable diseases,prenatal diagnosis,donor eggs,0.1,low
parents should be allowed to genetically screen fetuses for heritable diseases,prenatal diagnosis,fetuses,1.0,high
parents should be allowed to genetically screen fetuses for heritable diseases,prenatal diagnosis,genetic screening,1.0,high
parents should be allowed to genetically screen fetuses for heritable diseases,prenatal diagnosis,heritable diseases,1.0,high
parents should be allowed to genetically screen fetuses for heritable diseases,prenatal diagnosis,maternal,0.7,high
parents should be allowed to genetically screen fetuses for heritable diseases,prenatal diagnosis,maternal serum,0.6,medium
parents should be allowed to genetically screen fetuses for heritable diseases,prenatal diagnosis,parents,0.7,high
parents should be allowed to genetically screen fetuses for heritable diseases,prenatal diagnosis,prenatal testing,1.0,high
parents should be allowed to genetically screen fetuses for heritable diseases,prenatal diagnosis,presymptomatic testing,1.0,high
parents should be allowed to genetically screen fetuses for heritable diseases,prenatal diagnosis,screening test,0.9,high
parents should be allowed to genetically screen fetuses for heritable diseases,prenatal diagnosis,test results,0.7,high
parents should be allowed to genetically screen fetuses for heritable diseases,prenatal diagnosis,ultrasound,1.0,high
parents should be allowed to genetically screen fetuses for heritable diseases,prenatal testing,fetuses,0.9,high
parents should be allowed to genetically screen fetuses for heritable diseases,prenatal testing,genetic screening,0.8,high
parents should be allowed to genetically screen fetuses for heritable diseases,prenatal testing,heritable diseases,0.9,high
parents should be allowed to genetically screen fetuses for heritable diseases,prenatal testing,parents,0.8,high
parents should be allowed to genetically screen fetuses for heritable diseases,presymptomatic testing,fetuses,0.6,medium
parents should be allowed to genetically screen fetuses for heritable diseases,presymptomatic testing,genetic screening,0.9,high
parents should be allowed to genetically screen fetuses for heritable diseases,presymptomatic testing,heritable diseases,1.0,high
parents should be allowed to genetically screen fetuses for heritable diseases,presymptomatic testing,parents,0.5,medium
parents should be allowed to genetically screen fetuses for heritable diseases,quad test,chromosomes,0.6,medium
parents should be allowed to genetically screen fetuses for heritable diseases,quad test,disorders,0.9,high
parents should be allowed to genetically screen fetuses for heritable diseases,quad test,dna,0.6,medium
parents should be allowed to genetically screen fetuses for heritable diseases,quad test,fetuses,0.9,high
parents should be allowed to genetically screen fetuses for heritable diseases,quad test,genetic screening,0.8,high
parents should be allowed to genetically screen fetuses for heritable diseases,quad test,heritable diseases,0.8,high
parents should be allowed to genetically screen fetuses for heritable diseases,quad test,maternal,0.4,medium
parents should be allowed to genetically screen fetuses for heritable diseases,quad test,parents,0.5,medium
parents should be allowed to genetically screen fetuses for heritable diseases,quad test,performed,0.5,medium
parents should be allowed to genetically screen fetuses for heritable diseases,quad test,presymptomatic testing,0.5,medium
parents should be allowed to genetically screen fetuses for heritable diseases,quad test,ultrasound,0.4,medium
parents should be allowed to genetically screen fetuses for heritable diseases,risk score,amniocentesis,0.5,medium
parents should be allowed to genetically screen fetuses for heritable diseases,risk score,dna,0.0,low
parents should be allowed to genetically screen fetuses for heritable diseases,risk score,fetuses,0.6,medium
parents should be allowed to genetically screen fetuses for heritable diseases,risk score,genetic screening,0.8,high
parents should be allowed to genetically screen fetuses for heritable diseases,risk score,heritable diseases,0.8,high
parents should be allowed to genetically screen fetuses for heritable diseases,risk score,invasive procedure,0.1,low
parents should be allowed to genetically screen fetuses for heritable diseases,risk score,invasive test,0.2,low
parents should be allowed to genetically screen fetuses for heritable diseases,risk score,invasive testing,0.0,low
parents should be allowed to genetically screen fetuses for heritable diseases,risk score,maternal serum,0.1,low
parents should be allowed to genetically screen fetuses for heritable diseases,risk score,parents,0.3,low
parents should be allowed to genetically screen fetuses for heritable diseases,risk score,performed,0.0,low
parents should be allowed to genetically screen fetuses for heritable diseases,risk score,prenatal testing,0.8,high
parents should be allowed to genetically screen fetuses for heritable diseases,risk score,presymptomatic testing,0.6,medium
parents should be allowed to genetically screen fetuses for heritable diseases,screening,chromosomes,0.4,medium
parents should be allowed to genetically screen fetuses for heritable diseases,screening,egg,0.0,low
parents should be allowed to genetically screen fetuses for heritable diseases,screening,fetuses,0.4,medium
parents should be allowed to genetically screen fetuses for heritable diseases,screening,genetic screening,1.0,high
parents should be allowed to genetically screen fetuses for heritable diseases,screening,heritable diseases,0.6,medium
parents should be allowed to genetically screen fetuses for heritable diseases,screening,invasive procedure,0.7,high
parents should be allowed to genetically screen fetuses for heritable diseases,screening,invasive test,0.5,medium
parents should be allowed to genetically screen fetuses for heritable diseases,screening,parents,0.2,low
parents should be allowed to genetically screen fetuses for heritable diseases,screening,performed,0.5,medium
parents should be allowed to genetically screen fetuses for heritable diseases,screening,test results,0.8,high
parents should be allowed to genetically screen fetuses for heritable diseases,screening,trimester,0.0,low
parents should be allowed to genetically screen fetuses for heritable diseases,screening test,fetuses,0.7,high
parents should be allowed to genetically screen fetuses for heritable diseases,screening test,genetic screening,0.9,high
parents should be allowed to genetically screen fetuses for heritable diseases,screening test,heritable diseases,1.0,high
parents should be allowed to genetically screen fetuses for heritable diseases,screening test,parents,0.3,low
parents should be allowed to genetically screen fetuses for heritable diseases,single cell pcr,chromosomes,0.6,medium
parents should be allowed to genetically screen fetuses for heritable diseases,single cell pcr,fetuses,0.7,high
parents should be allowed to genetically screen fetuses for heritable diseases,single cell pcr,gene therapy,0.2,low
parents should be allowed to genetically screen fetuses for heritable diseases,single cell pcr,genetic screening,0.9,high
parents should be allowed to genetically screen fetuses for heritable diseases,single cell pcr,heritable diseases,0.7,high
parents should be allowed to genetically screen fetuses for heritable diseases,single cell pcr,invasive test,0.3,low
parents should be allowed to genetically screen fetuses for heritable diseases,single cell pcr,parents,0.0,low
parents should be allowed to genetically screen fetuses for heritable diseases,single cell pcr,prenatal testing,0.7,high
parents should be allowed to genetically screen fetuses for heritable diseases,single cell pcr,presymptomatic testing,0.3,low
parents should be allowed to genetically screen fetuses for heritable diseases,single cell pcr,screening test,0.8,high
parents should be allowed to genetically screen fetuses for heritable diseases,single cell pcr,trimester,0.0,low
parents should be allowed to genetically screen fetuses for heritable diseases,spina bifida,amniocentesis,0.3,low
parents should be allowed to genetically screen fetuses for heritable diseases,spina bifida,egg,0.1,low
parents should be allowed to genetically screen fetuses for heritable diseases,spina bifida,fetuses,1.0,high
parents should be allowed to genetically screen fetuses for heritable diseases,spina bifida,gene therapy,0.2,low
parents should be allowed to genetically screen fetuses for heritable diseases,spina bifida,genetic screening,0.7,high
parents should be allowed to genetically screen fetuses for heritable diseases,spina bifida,heritable diseases,0.7,high
parents should be allowed to genetically screen fetuses for heritable diseases,spina bifida,invasive procedure,0.0,low
parents should be allowed to genetically screen fetuses for heritable diseases,spina bifida,invasive testing,0.1,low
parents should be allowed to genetically screen fetuses for heritable diseases,spina bifida,maternal,0.1,low
parents should be allowed to genetically screen fetuses for heritable diseases,spina bifida,maternal serum,0.5,medium
parents should be allowed to genetically screen fetuses for heritable diseases,spina bifida,parents,0.1,low
parents should be allowed to genetically screen fetuses for heritable diseases,spina bifida,performed,0.0,low
parents should be allowed to genetically screen fetuses for heritable diseases,spina bifida,test results,0.5,medium
parents should be allowed to genetically screen fetuses for heritable diseases,spina bifida,trimester,0.1,low
parents should be allowed to genetically screen fetuses for heritable diseases,test,disorders,0.5,medium
parents should be allowed to genetically screen fetuses for heritable diseases,test,donor eggs,0.0,low
parents should be allowed to genetically screen fetuses for heritable diseases,test,egg,0.1,low
parents should be allowed to genetically screen fetuses for heritable diseases,test,fetuses,0.5,medium
parents should be allowed to genetically screen fetuses for heritable diseases,test,gene therapy,0.2,low
parents should be allowed to genetically screen fetuses for heritable diseases,test,genetic screening,0.8,high
parents should be allowed to genetically screen fetuses for heritable diseases,test,heritable diseases,0.6,medium
parents should be allowed to genetically screen fetuses for heritable diseases,test,maternal,0.1,low
parents should be allowed to genetically screen fetuses for heritable diseases,test,parents,0.2,low
parents should be allowed to genetically screen fetuses for heritable diseases,test,performed,0.6,medium
parents should be allowed to genetically screen fetuses for heritable diseases,test,screening test,1.0,high
parents should be allowed to genetically screen fetuses for heritable diseases,test,ultrasound,0.9,high
parents should be allowed to genetically screen fetuses for heritable diseases,test,uterus,0.2,low
parents should be allowed to genetically screen fetuses for heritable diseases,test results,fetuses,0.5,medium
parents should be allowed to genetically screen fetuses for heritable diseases,test results,genetic screening,0.8,high
parents should be allowed to genetically screen fetuses for heritable diseases,test results,heritable diseases,0.6,medium
parents should be allowed to genetically screen fetuses for heritable diseases,test results,parents,0.3,low
parents should be allowed to genetically screen fetuses for heritable diseases,testing,amniocentesis,0.7,high
parents should be allowed to genetically screen fetuses for heritable diseases,testing,chromosomes,0.5,medium
parents should be allowed to genetically screen fetuses for heritable diseases,testing,fetuses,0.5,medium
parents should be allowed to genetically screen fetuses for heritable diseases,testing,genetic screening,0.8,high
parents should be allowed to genetically screen fetuses for heritable diseases,testing,heritable diseases,0.5,medium
parents should be allowed to genetically screen fetuses for heritable diseases,testing,invasive procedure,0.8,high
parents should be allowed to genetically screen fetuses for heritable diseases,testing,invasive testing,1.0,high
parents should be allowed to genetically screen fetuses for heritable diseases,testing,maternal,0.2,low
parents should be allowed to genetically screen fetuses for heritable diseases,testing,maternal serum,0.5,medium
parents should be allowed to genetically screen fetuses for heritable diseases,testing,parents,0.2,low
parents should be allowed to genetically screen fetuses for heritable diseases,testing,screening test,1.0,high
parents should be allowed to genetically screen fetuses for heritable diseases,testing,ultrasound,1.0,high
parents should be allowed to genetically screen fetuses for heritable diseases,trimester,fetuses,0.7,high
parents should be allowed to genetically screen fetuses for heritable diseases,trimester,genetic screening,0.3,low
parents should be allowed to genetically screen fetuses for heritable diseases,trimester,heritable diseases,0.3,low
parents should be allowed to genetically screen fetuses for heritable diseases,trimester,parents,0.4,medium
parents should be allowed to genetically screen fetuses for heritable diseases,ultrasound,fetuses,1.0,high
parents should be allowed to genetically screen fetuses for heritable diseases,ultrasound,genetic screening,0.3,low
parents should be allowed to genetically screen fetuses for heritable diseases,ultrasound,heritable diseases,0.6,medium
parents should be allowed to genetically screen fetuses for heritable diseases,ultrasound,parents,0.6,medium
parents should be allowed to genetically screen fetuses for heritable diseases,uterus,fetuses,1.0,high
parents should be allowed to genetically screen fetuses for heritable diseases,uterus,genetic screening,0.3,low
parents should be allowed to genetically screen fetuses for heritable diseases,uterus,heritable diseases,0.1,low
parents should be allowed to genetically screen fetuses for heritable diseases,uterus,parents,0.5,medium
partial birth abortions should be banned,abortion,partial birth abortions,1.0,high
partial birth abortions should be banned,abortion,statute,0.3,low
partial birth abortions should be banned,abortion is morally,partial birth abortions,0.7,high
partial birth abortions should be banned,abortion rights,legal,0.8,high
partial birth abortions should be banned,abortion rights,partial birth abortions,0.9,high
partial birth abortions should be banned,abortion rights,weeks,0.1,low
partial birth abortions should be banned,abortions,blackmun,0.7,high
partial birth abortions should be banned,abortions,partial birth abortions,1.0,high
partial birth abortions should be banned,availability of abortion,partial birth abortions,0.7,high
partial birth abortions should be banned,banning abortion,partial birth abortions,1.0,high
partial birth abortions should be banned,believed that abortion,induced abortion,0.5,medium
partial birth abortions should be banned,believed that abortion,partial birth abortions,0.5,medium
partial birth abortions should be banned,believed that abortion,pro life supporters,0.5,medium
partial birth abortions should be banned,blackmun,partial birth abortions,0.6,medium
partial birth abortions should be banned,case,partial birth abortions,0.0,low
partial birth abortions should be banned,circumstances,partial birth abortions,0.3,low
partial birth abortions should be banned,doe v bolton,banning abortion,0.8,high
partial birth abortions should be banned,doe v bolton,partial birth abortions,0.7,high
partial birth abortions should be banned,donohue and levitt,nebraska law,0.1,low
partial birth abortions should be banned,donohue and levitt,partial birth abortions,0.6,medium
partial birth abortions should be banned,donohue and levitt,support abortion,0.7,high
partial birth abortions should be banned,donohue and levitt,woman didn't,0.0,low
partial birth abortions should be banned,fetal,partial birth abortions,0.9,high
partial birth abortions should be banned,fetal,weeks,0.2,low
partial birth abortions should be banned,fetal pain,availability of abortion,0.3,low
partial birth abortions should be banned,fetal pain,partial birth abortions,0.7,high
partial birth abortions should be banned,fetus,partial birth abortions,1.0,high
partial birth abortions should be banned,gonzales v carhart,partial birth abortions,0.8,high
partial birth abortions should be banned,gonzales v carhart,royal college,0.1,low
partial birth abortions should be banned,gonzales v carhart,weeks,0.0,low
partial birth abortions should be banned,guttmacher institute,partial birth abortions,0.6,medium
partial birth abortions should be banned,health,partial birth abortions,0.6,medium
partial birth abortions should be banned,induced abortion,partial birth abortions,1.0,high
partial birth abortions should be banned,issue of abortion,partial birth abortions,0.9,high
partial birth abortions should be banned,late term,blackmun,0.0,low
partial birth abortions should be banned,late term,health,0.3,low
partial birth abortions should be banned,late term,partial birth abortions,0.8,high
partial birth abortions should be banned,late term,roe decision,0.1,low
partial birth abortions should be banned,late term,royal college,0.1,low
partial birth abortions should be banned,late term,support abortion,0.2,low
partial birth abortions should be banned,late term,weeks,0.6,medium
partial birth abortions should be banned,late term abortions,abortion is morally,0.6,medium
partial birth abortions should be banned,late term abortions,partial birth abortions,1.0,high
partial birth abortions should be banned,late term abortions,woman didn't,0.1,low
partial birth abortions should be banned,legal,partial birth abortions,0.6,medium
partial birth abortions should be banned,legal abortion,partial birth abortions,0.9,high
partial birth abortions should be banned,legal abortion,rape or incest,0.6,medium
partial birth abortions should be banned,legal abortion,royal college,0.0,low
partial birth abortions should be banned,legal abortion,statute,0.7,high
partial birth abortions should be banned,legalized abortion,case,0.0,low
partial birth abortions should be banned,legalized abortion,induced abortion,1.0,high
partial birth abortions should be banned,legalized abortion,partial birth abortions,1.0,high
partial birth abortions should be banned,legalized abortion,roe decision,0.9,high
partial birth abortions should be banned,legalized abortion,support abortion,0.9,high
partial birth abortions should be banned,life,health,0.6,medium
partial birth abortions should be banned,life,partial birth abortions,0.8,high
partial birth abortions should be banned,nebraska,partial birth abortions,0.0,low
partial birth abortions should be banned,nebraska law,partial birth abortions,0.4,medium
partial birth abortions should be banned,partial birth abortion,partial birth abortions,1.0,high
partial birth abortions should be banned,partial birth abortion,statute,0.3,low
partial birth abortions should be banned,partial birth abortions,partial birth abortions,1.0,high
partial birth abortions should be banned,permissible,partial birth abortions,0.3,low
partial birth abortions should be banned,poll,partial birth abortions,0.0,low
partial birth abortions should be banned,post abortion syndrome,circumstances,0.1,low
partial birth abortions should be banned,post abortion syndrome,partial birth abortions,1.0,high
partial birth abortions should be banned,post abortion syndrome,roe decision,0.0,low
partial birth abortions should be banned,pregnancy,partial birth abortions,1.0,high
partial birth abortions should be banned,pregnancy,woman didn't,0.1,low
partial birth abortions should be banned,pregnant woman,guttmacher institute,0.6,medium
partial birth abortions should be banned,pregnant woman,partial birth abortions,0.9,high
partial birth abortions should be banned,pro choice,partial birth abortions,0.9,high
partial birth abortions should be banned,pro choice movement,partial birth abortions,1.0,high
partial birth abortions should be banned,pro life,health,0.3,low
partial birth abortions should be banned,pro life,legal,0.2,low
partial birth abortions should be banned,pro life,partial birth abortions,0.9,high
partial birth abortions should be banned,pro life advocates,legal,0.3,low
partial birth abortions should be banned,pro life advocates,partial birth abortions,1.0,high
partial birth abortions should be banned,pro life advocates,pro life supporters,1.0,high
partial birth abortions should be banned,pro life advocates,trimester abortion,0.7,high
partial birth abortions should be banned,pro life movement,partial birth abortions,1.0,high
partial birth abortions should be banned,pro life supporters,partial birth abortions,1.0,high
partial birth abortions should be banned,procedure,partial birth abortions,0.8,high
partial birth abortions should be banned,procedure,pro choice movement,0.2,low
partial birth abortions should be banned,procedure,pro life supporters,0.1,low
partial birth abortions should be banned,procedure,woman's health,0.2,low
partial birth abortions should be banned,rape or incest,partial birth abortions,0.2,low
partial birth abortions should be banned,restrictions on abortion,partial birth abortions,1.0,high
partial birth abortions should be banned,roe decision,partial birth abortions,0.8,high
partial birth abortions should be banned,roe v wade,blackmun,0.8,high
partial birth abortions should be banned,roe v wade,case,0.9,high
partial birth abortions should be banned,roe v wade,health,0.0,low
partial birth abortions should be banned,roe v wade,partial birth abortions,0.7,high
partial birth abortions should be banned,royal college,partial birth abortions,0.0,low
partial birth abortions should be banned,statute,partial birth abortions,0.2,low
partial birth abortions should be banned,stenberg v carhart,blackmun,0.2,low
partial birth abortions should be banned,stenberg v carhart,partial birth abortions,0.8,high
partial birth abortions should be banned,support abortion,partial birth abortions,0.9,high
partial birth abortions should be banned,supreme court,partial birth abortions,0.2,low
partial birth abortions should be banned,supreme court,restrictions on abortion,0.9,high
partial birth abortions should be banned,supreme court,roe decision,0.9,high
partial birth abortions should be banned,supreme court,weeks,0.0,low
partial birth abortions should be banned,supreme court,woman didn't,0.0,low
partial birth abortions should be banned,trimester,banning abortion,0.2,low
partial birth abortions should be banned,trimester,partial birth abortions,0.7,high
partial birth abortions should be banned,trimester abortion,partial birth abortions,0.9,high
partial birth abortions should be banned,u.s supreme court,partial birth abortions,0.3,low
partial birth abortions should be banned,undue burden,abortion is morally,0.3,low
partial birth abortions should be banned,undue burden,blackmun,0.1,low
partial birth abortions should be banned,undue burden,partial birth abortions,0.2,low
partial birth abortions should be banned,undue burden,poll,0.0,low
partial birth abortions should be banned,undue burden,restrictions on abortion,0.5,medium
partial birth abortions should be banned,viability,partial birth abortions,0.7,high
partial birth abortions should be banned,weeks,partial birth abortions,0.2,low
partial birth abortions should be banned,woman,banning abortion,0.7,high
partial birth abortions should be banned,woman,blackmun,0.1,low
partial birth abortions should be banned,woman,partial birth abortions,0.8,high
partial birth abortions should be banned,woman,pro life movement,0.4,medium
partial birth abortions should be banned,woman,royal college,0.0,low
partial birth abortions should be banned,woman didn't,partial birth abortions,0.1,low
partial birth abortions should be banned,woman's health,partial birth abortions,0.8,high
physical education should be compulsory,bmi,fat percentage,1.0,high
physical education should be compulsory,bmi,metabolic equivalent,0.5,medium
physical education should be compulsory,bmi,physical education,0.6,medium
physical education should be compulsory,body fat,physical education,0.7,high
physical education should be compulsory,cardiovascular,physical education,0.5,medium
physical education should be compulsory,childhood obesity,eating,0.9,high
physical education should be compulsory,childhood obesity,fat percentage,1.0,high
physical education should be compulsory,childhood obesity,physical education,0.9,high
physical education should be compulsory,childhood obesity,play,0.1,low
physical education should be compulsory,childhood obesity,school rules,0.1,low
physical education should be compulsory,childhood obesity,students,0.1,low
physical education should be compulsory,children,cardiovascular,0.1,low
physical education should be compulsory,children,metabolic equivalent,0.1,low
physical education should be compulsory,children,person's weight,0.1,low
physical education should be compulsory,children,physical education,0.8,high
physical education should be compulsory,children,students,0.7,high
physical education should be compulsory,children,summerhill school,0.3,low
physical education should be compulsory,corporeal punishment,physical education,0.1,low
physical education should be compulsory,democratic education,physical education,0.2,low
physical education should be compulsory,democratic education,school rules,0.5,medium
physical education should be compulsory,democratic schools,physical education,0.1,low
physical education should be compulsory,democratic schools,school meeting,0.4,medium
physical education should be compulsory,democratic schools,school rules,0.7,high
physical education should be compulsory,diabetes,physical education,0.4,medium
physical education should be compulsory,disease,physical education,0.0,low
physical education should be compulsory,eating,physical education,0.3,low
physical education should be compulsory,excess body fat,gain weight,1.0,high
physical education should be compulsory,excess body fat,physical education,0.8,high
physical education should be compulsory,excess body fat,play,0.1,low
physical education should be compulsory,excess body fat,sedentary,0.9,high
physical education should be compulsory,exercise,gain weight,1.0,high
physical education should be compulsory,exercise,physical education,0.9,high
physical education should be compulsory,exercise,sedentary,1.0,high
physical education should be compulsory,exercise,severe obesity,1.0,high
physical education should be compulsory,fast food restaurants,cardiovascular,0.4,medium
physical education should be compulsory,fast food restaurants,fat percentage,0.7,high
physical education should be compulsory,fast food restaurants,physical education,0.2,low
physical education should be compulsory,fast food restaurants,play,0.0,low
physical education should be compulsory,fast food restaurants,sedentary,0.1,low
physical education should be compulsory,fat,cardiovascular,0.5,medium
physical education should be compulsory,fat,person's weight,0.9,high
physical education should be compulsory,fat,physical education,0.8,high
physical education should be compulsory,fat percentage,physical education,0.6,medium
physical education should be compulsory,food,physical education,0.0,low
physical education should be compulsory,gain weight,physical education,0.8,high
physical education should be compulsory,health,physical education,1.0,high
physical education should be compulsory,metabolic equivalent,physical education,0.4,medium
physical education should be compulsory,normal weight,physical education,0.6,medium
physical education should be compulsory,obese,disease,0.8,high
physical education should be compulsory,obese,physical education,0.8,high
physical education should be compulsory,obese children,physical education,0.8,high
physical education should be compulsory,obese people,disease,0.7,high
physical education should be compulsory,obese people,physical education,0.7,high
physical education should be compulsory,obese people,play,0.1,low
physical education should be compulsory,obesity,physical education,0.9,high
physical education should be compulsory,obesity in children,cardiovascular,0.5,medium
physical education should be compulsory,obesity in children,physical education,1.0,high
physical education should be compulsory,obesity in children,school meeting,0.0,low
physical education should be compulsory,obesity in children,sedentary,1.0,high
physical education should be compulsory,overweight,physical education,0.8,high
physical education should be compulsory,overweight and obese,cardiovascular,0.7,high
physical education should be compulsory,overweight and obese,diabetes,0.8,high
physical education should be compulsory,overweight and obese,fat percentage,1.0,high
physical education should be compulsory,overweight and obese,food,1.0,high
physical education should be compulsory,overweight and obese,physical education,0.9,high
physical education should be compulsory,overweight and obesity,cardiovascular,0.9,high
physical education should be compulsory,overweight and obesity,disease,0.7,high
physical education should be compulsory,overweight and obesity,physical education,0.8,high
physical education should be compulsory,overweight and obesity,school rules,0.1,low
physical education should be compulsory,overweight or obese,diabetes,0.7,high
physical education should be compulsory,overweight or obese,physical education,0.9,high
physical education should be compulsory,overweight or obese,sedentary,1.0,high
physical education should be compulsory,person's weight,physical education,0.5,medium
physical education should be compulsory,physical,metabolic equivalent,0.3,low
physical education should be compulsory,physical,physical education,1.0,high
physical education should be compulsory,physical activity,physical education,1.0,high
physical education should be compulsory,physical activity,school meeting,0.0,low
physical education should be compulsory,physical activity,severe obesity,1.0,high
physical education should be compulsory,physical activity,summerhill school,0.0,low
physical education should be compulsory,physical education,diabetes,0.4,medium
physical education should be compulsory,physical education,physical education,1.0,high
physical education should be compulsory,physical education curriculum,diabetes,0.3,low
physical education should be compulsory,physical education curriculum,physical education,1.0,high
physical education should be compulsory,physical exercise,person's weight,0.8,high
physical education should be compulsory,physical exercise,physical education,1.0,high
physical education should be compulsory,physical fitness,fat percentage,1.0,high
physical education should be compulsory,physical fitness,physical education,1.0,high
physical education should be compulsory,physical fitness,sleep,0.1,low
physical education should be compulsory,play,physical education,0.4,medium
physical education should be compulsory,rate of obesity,eating,1.0,high
physical education should be compulsory,rate of obesity,food,1.0,high
physical education should be compulsory,rate of obesity,physical education,0.7,high
physical education should be compulsory,rates of obesity,cardiovascular,0.5,medium
physical education should be compulsory,rates of obesity,physical education,0.8,high
physical education should be compulsory,rates of obesity,severe obesity,1.0,high
physical education should be compulsory,risk of obesity,fat percentage,0.8,high
physical education should be compulsory,risk of obesity,physical education,0.7,high
physical education should be compulsory,risk of obesity,sleep,0.0,low
physical education should be compulsory,school meeting,physical education,0.1,low
physical education should be compulsory,school rules,physical education,0.3,low
physical education should be compulsory,sedentary,physical education,1.0,high
physical education should be compulsory,severe obesity,physical education,0.8,high
physical education should be compulsory,sleep,physical education,0.0,low
physical education should be compulsory,students,physical education,0.9,high
physical education should be compulsory,summerhill school,physical education,0.0,low
physical education should be compulsory,weight,physical education,0.7,high
poor communities should be subsidized,aid,debt relief,0.9,high
poor communities should be subsidized,aid,donor countries,0.8,high
poor communities should be subsidized,aid,poor communities,0.9,high
poor communities should be subsidized,aid,subsidized,0.9,high
poor communities should be subsidized,aid,transfer,0.4,medium
poor communities should be subsidized,aid,welfare programs,1.0,high
poor communities should be subsidized,aid organizations,poor communities,0.9,high
poor communities should be subsidized,aid organizations,subsidized,0.7,high
poor communities should be subsidized,basic,poor communities,0.0,low
poor communities should be subsidized,basic,subsidized,0.1,low
poor communities should be subsidized,care and education,poor communities,0.5,medium
poor communities should be subsidized,care and education,subsidized,0.6,medium
poor communities should be subsidized,chiapas,debt relief,0.1,low
poor communities should be subsidized,chiapas,poor communities,0.4,medium
poor communities should be subsidized,chiapas,subsidized,0.2,low
poor communities should be subsidized,china and india,poor communities,0.8,high
poor communities should be subsidized,china and india,subsidized,0.0,low
poor communities should be subsidized,conditionality,poor communities,0.1,low
poor communities should be subsidized,conditionality,subsidized,0.3,low
poor communities should be subsidized,culture of poverty,basic,0.0,low
poor communities should be subsidized,culture of poverty,china and india,0.4,medium
poor communities should be subsidized,culture of poverty,conditionality,0.1,low
poor communities should be subsidized,culture of poverty,incentive,0.2,low
poor communities should be subsidized,culture of poverty,millennium development goals,0.1,low
poor communities should be subsidized,culture of poverty,poor communities,1.0,high
poor communities should be subsidized,culture of poverty,poor nations,1.0,high
poor communities should be subsidized,culture of poverty,recipients,0.0,low
poor communities should be subsidized,culture of poverty,subsidized,0.3,low
poor communities should be subsidized,cycle of poverty,development aid,0.5,medium
poor communities should be subsidized,cycle of poverty,fee waivers,0.1,low
poor communities should be subsidized,cycle of poverty,living in poverty,1.0,high
poor communities should be subsidized,cycle of poverty,poor children,1.0,high
poor communities should be subsidized,cycle of poverty,poor communities,1.0,high
poor communities should be subsidized,cycle of poverty,subsidized,0.4,medium
poor communities should be subsidized,cycle of poverty,transfer,0.0,low
poor communities should be subsidized,debt relief,poor communities,0.9,high
poor communities should be subsidized,debt relief,subsidized,0.5,medium
poor communities should be subsidized,developing countries,basic,0.1,low
poor communities should be subsidized,developing countries,conditionality,0.2,low
poor communities should be subsidized,developing countries,fee waivers,0.2,low
poor communities should be subsidized,developing countries,poor communities,1.0,high
poor communities should be subsidized,developing countries,productivity,0.2,low
poor communities should be subsidized,developing countries,subsidized,0.5,medium
poor communities should be subsidized,developing countries,targeting,0.3,low
poor communities should be subsidized,development aid,poor communities,0.9,high
poor communities should be subsidized,development aid,subsidized,0.7,high
poor communities should be subsidized,distribution of income,goods and services,0.2,low
poor communities should be subsidized,distribution of income,incentive,0.0,low
poor communities should be subsidized,distribution of income,poor communities,1.0,high
poor communities should be subsidized,distribution of income,subsidized,0.7,high
poor communities should be subsidized,distribution of income,welfare programs,0.6,medium
poor communities should be subsidized,donor countries,poor communities,0.2,low
poor communities should be subsidized,donor countries,subsidized,0.6,medium
poor communities should be subsidized,economic,poor communities,0.7,high
poor communities should be subsidized,economic,recipients,0.1,low
poor communities should be subsidized,economic,subsidized,0.6,medium
poor communities should be subsidized,economic,transfer,0.2,low
poor communities should be subsidized,economic,welfare programs,0.8,high
poor communities should be subsidized,economic growth,aid organizations,0.2,low
poor communities should be subsidized,economic growth,basic,0.0,low
poor communities should be subsidized,economic growth,incomes,0.6,medium
poor communities should be subsidized,economic growth,millennium development goals,0.6,medium
poor communities should be subsidized,economic growth,poor children,0.1,low
poor communities should be subsidized,economic growth,poor communities,0.2,low
poor communities should be subsidized,economic growth,subsidized,0.4,medium
poor communities should be subsidized,economic inequality,conditionality,0.0,low
poor communities should be subsidized,economic inequality,development aid,0.5,medium
poor communities should be subsidized,economic inequality,goods and services,0.3,low
poor communities should be subsidized,economic inequality,poor communities,1.0,high
poor communities should be subsidized,economic inequality,subsidized,0.6,medium
poor communities should be subsidized,effect of inequality,conditionality,0.1,low
poor communities should be subsidized,effect of inequality,debt relief,0.1,low
poor communities should be subsidized,effect of inequality,development aid,0.1,low
poor communities should be subsidized,effect of inequality,donor countries,0.1,low
poor communities should be subsidized,effect of inequality,income distribution,0.8,high
poor communities should be subsidized,effect of inequality,poor communities,0.9,high
poor communities should be subsidized,effect of inequality,poor nations,0.5,medium
poor communities should be subsidized,effect of inequality,subsidized,0.1,low
poor communities should be subsidized,effect of inequality,wages,0.4,medium
poor communities should be subsidized,farmers,poor communities,0.4,medium
poor communities should be subsidized,farmers,subsidized,0.2,low
poor communities should be subsidized,fee waivers,poor communities,0.5,medium
poor communities should be subsidized,fee waivers,subsidized,0.6,medium
poor communities should be subsidized,food aid,poor communities,0.9,high
poor communities should be subsidized,food aid,subsidized,0.9,high
poor communities should be subsidized,foreign aid,development aid,1.0,high
poor communities should be subsidized,foreign aid,farmers,0.1,low
poor communities should be subsidized,foreign aid,poor communities,0.7,high
poor communities should be subsidized,foreign aid,poor nations,1.0,high
poor communities should be subsidized,foreign aid,poverty reduction strategy,0.8,high
poor communities should be subsidized,foreign aid,subsidized,0.9,high
poor communities should be subsidized,foreign aid,welfare programs,0.7,high
poor communities should be subsidized,goods and services,poor communities,0.3,low
poor communities should be subsidized,goods and services,subsidized,0.7,high
poor communities should be subsidized,health and education,china and india,0.0,low
poor communities should be subsidized,health and education,levels of inequality,0.2,low
poor communities should be subsidized,health and education,living in poverty,0.3,low
poor communities should be subsidized,health and education,poor communities,0.4,medium
poor communities should be subsidized,health and education,subsidized,0.6,medium
poor communities should be subsidized,health and education,targeting,0.1,low
poor communities should be subsidized,incentive,poor communities,0.2,low
poor communities should be subsidized,incentive,subsidized,0.4,medium
poor communities should be subsidized,income,conditionality,0.0,low
poor communities should be subsidized,income,fee waivers,0.6,medium
poor communities should be subsidized,income,poor communities,0.8,high
poor communities should be subsidized,income,subsidized,0.4,medium
poor communities should be subsidized,income,transfer,0.3,low
poor communities should be subsidized,income,wages,1.0,high
poor communities should be subsidized,income distribution,poor communities,1.0,high
poor communities should be subsidized,income distribution,subsidized,0.5,medium
poor communities should be subsidized,income inequality,china and india,0.2,low
poor communities should be subsidized,income inequality,debt relief,0.4,medium
poor communities should be subsidized,income inequality,development aid,0.2,low
poor communities should be subsidized,income inequality,income distribution,0.9,high
poor communities should be subsidized,income inequality,poor communities,1.0,high
poor communities should be subsidized,income inequality,subsidized,0.6,medium
poor communities should be subsidized,incomes,poor communities,0.9,high
poor communities should be subsidized,incomes,subsidized,0.4,medium
poor communities should be subsidized,inequality,poor communities,1.0,high
poor communities should be subsidized,inequality,poor nations,0.6,medium
poor communities should be subsidized,inequality,subsidized,0.4,medium
poor communities should be subsidized,levels of inequality,poor communities,0.8,high
poor communities should be subsidized,levels of inequality,subsidized,0.2,low
poor communities should be subsidized,living in poverty,poor communities,1.0,high
poor communities should be subsidized,living in poverty,subsidized,0.4,medium
poor communities should be subsidized,low income countries,food aid,0.7,high
poor communities should be subsidized,low income countries,incomes,1.0,high
poor communities should be subsidized,low income countries,millennium development goals,0.4,medium
poor communities should be subsidized,low income countries,poor communities,0.9,high
poor communities should be subsidized,low income countries,subsidized,0.5,medium
poor communities should be subsidized,millennium development goals,poor communities,0.5,medium
poor communities should be subsidized,millennium development goals,subsidized,0.1,low
poor communities should be subsidized,poor,food aid,0.9,high
poor communities should be subsidized,poor,poor communities,1.0,high
poor communities should be subsidized,poor,poor nations,1.0,high
poor communities should be subsidized,poor,productivity,0.1,low
poor communities should be subsidized,poor,subsidized,0.6,medium
poor communities should be subsidized,poor children,poor communities,1.0,high
poor communities should be subsidized,poor children,subsidized,0.7,high
poor communities should be subsidized,poor countries,goods and services,0.1,low
poor communities should be subsidized,poor countries,poor communities,1.0,high
poor communities should be subsidized,poor countries,subsidized,0.6,medium
poor communities should be subsidized,poor nations,poor communities,1.0,high
poor communities should be subsidized,poor nations,subsidized,0.5,medium
poor communities should be subsidized,poverty,conditionality,0.0,low
poor communities should be subsidized,poverty,debt relief,0.7,high
poor communities should be subsidized,poverty,farmers,0.3,low
poor communities should be subsidized,poverty,income distribution,0.8,high
poor communities should be subsidized,poverty,levels of inequality,0.9,high
poor communities should be subsidized,poverty,poor communities,1.0,high
poor communities should be subsidized,poverty,productivity,0.4,medium
poor communities should be subsidized,poverty,recipients,0.2,low
poor communities should be subsidized,poverty,subsidized,0.7,high
poor communities should be subsidized,poverty reduction,conditionality,0.1,low
poor communities should be subsidized,poverty reduction,farmers,0.1,low
poor communities should be subsidized,poverty reduction,incomes,0.7,high
poor communities should be subsidized,poverty reduction,millennium development goals,0.9,high
poor communities should be subsidized,poverty reduction,poor communities,1.0,high
poor communities should be subsidized,poverty reduction,productivity,0.5,medium
poor communities should be subsidized,poverty reduction,subsidized,0.8,high
poor communities should be subsidized,poverty reduction,wages,0.6,medium
poor communities should be subsidized,poverty reduction,welfare programs,1.0,high
poor communities should be subsidized,poverty reduction measures,aid organizations,0.8,high
poor communities should be subsidized,poverty reduction measures,poor children,0.9,high
poor communities should be subsidized,poverty reduction measures,poor communities,1.0,high
poor communities should be subsidized,poverty reduction measures,subsidized,0.8,high
poor communities should be subsidized,poverty reduction strategy,poor communities,1.0,high
poor communities should be subsidized,poverty reduction strategy,subsidized,0.9,high
poor communities should be subsidized,prodesis,aid organizations,0.3,low
poor communities should be subsidized,prodesis,goods and services,0.1,low
poor communities should be subsidized,prodesis,incomes,0.1,low
poor communities should be subsidized,prodesis,poor communities,0.6,medium
poor communities should be subsidized,prodesis,productivity,0.0,low
poor communities should be subsidized,prodesis,subsidized,0.5,medium
poor communities should be subsidized,productivity,poor communities,0.1,low
poor communities should be subsidized,productivity,subsidized,0.0,low
poor communities should be subsidized,recipients,poor communities,0.3,low
poor communities should be subsidized,recipients,subsidized,0.3,low
poor communities should be subsidized,redistribution of wealth,china and india,0.2,low
poor communities should be subsidized,redistribution of wealth,goods and services,0.3,low
poor communities should be subsidized,redistribution of wealth,millennium development goals,0.5,medium
poor communities should be subsidized,redistribution of wealth,poor communities,0.9,high
poor communities should be subsidized,redistribution of wealth,subsidized,0.6,medium
poor communities should be subsidized,reducing poverty,basic,0.1,low
poor communities should be subsidized,reducing poverty,debt relief,0.9,high
poor communities should be subsidized,reducing poverty,fee waivers,0.5,medium
poor communities should be subsidized,reducing poverty,incentive,0.1,low
poor communities should be subsidized,reducing poverty,millennium development goals,0.9,high
poor communities should be subsidized,reducing poverty,poor communities,1.0,high
poor communities should be subsidized,reducing poverty,productivity,0.5,medium
poor communities should be subsidized,reducing poverty,subsidized,0.9,high
poor communities should be subsidized,safety net programs,living in poverty,0.7,high
poor communities should be subsidized,safety net programs,poor communities,0.9,high
poor communities should be subsidized,safety net programs,productivity,0.1,low
poor communities should be subsidized,safety net programs,subsidized,0.9,high
poor communities should be subsidized,safety net programs,welfare programs,0.9,high
poor communities should be subsidized,safety nets,care and education,0.5,medium
poor communities should be subsidized,safety nets,fee waivers,0.4,medium
poor communities should be subsidized,safety nets,poor communities,0.7,high
poor communities should be subsidized,safety nets,recipients,0.3,low
poor communities should be subsidized,safety nets,subsidized,0.8,high
poor communities should be subsidized,safety nets,targeting,0.1,low
poor communities should be subsidized,subsidies,aid organizations,0.8,high
poor communities should be subsidized,subsidies,donor countries,0.5,medium
poor communities should be subsidized,subsidies,income distribution,0.7,high
poor communities should be subsidized,subsidies,incomes,0.2,low
poor communities should be subsidized,subsidies,poor communities,1.0,high
poor communities should be subsidized,subsidies,subsidized,1.0,high
poor communities should be subsidized,subsidies for fertilizer,fee waivers,0.0,low
poor communities should be subsidized,subsidies for fertilizer,incentive,0.2,low
poor communities should be subsidized,subsidies for fertilizer,income distribution,0.1,low
poor communities should be subsidized,subsidies for fertilizer,millennium development goals,0.0,low
poor communities should be subsidized,subsidies for fertilizer,poor children,0.0,low
poor communities should be subsidized,subsidies for fertilizer,poor communities,0.3,low
poor communities should be subsidized,subsidies for fertilizer,subsidized,1.0,high
poor communities should be subsidized,targeting,poor communities,0.1,low
poor communities should be subsidized,targeting,subsidized,0.2,low
poor communities should be subsidized,transfer,poor communities,0.0,low
poor communities should be subsidized,transfer,subsidized,0.1,low
poor communities should be subsidized,wages,poor communities,0.8,high
poor communities should be subsidized,wages,subsidized,0.3,low
poor communities should be subsidized,welfare,donor countries,0.2,low
poor communities should be subsidized,welfare,food aid,0.9,high
poor communities should be subsidized,welfare,living in poverty,0.9,high
poor communities should be subsidized,welfare,poor communities,1.0,high
poor communities should be subsidized,welfare,subsidized,0.7,high
poor communities should be subsidized,welfare programs,poor communities,1.0,high
poor communities should be subsidized,welfare programs,subsidized,0.9,high
poor communities should be subsidized,world bank,china and india,0.1,low
poor communities should be subsidized,world bank,millennium development goals,0.6,medium
poor communities should be subsidized,world bank,poor communities,0.1,low
poor communities should be subsidized,world bank,poor nations,0.3,low
poor communities should be subsidized,world bank,subsidized,0.4,medium
poor communities should be subsidized,world bank,targeting,0.2,low
previous convictions should be disclosed in court,acts of union,court,0.0,low
previous convictions should be disclosed in court,acts of union,previous convictions,0.0,low
previous convictions should be disclosed in court,american law institute,court,0.6,medium
previous convictions should be disclosed in court,american law institute,previous convictions,0.4,medium
previous convictions should be disclosed in court,bad character evidence,court,0.8,high
previous convictions should be disclosed in court,bad character evidence,previous convictions,0.9,high
previous convictions should be disclosed in court,civil and criminal,american law institute,0.8,high
previous convictions should be disclosed in court,civil and criminal,civil law systems,0.9,high
previous convictions should be disclosed in court,civil and criminal,court,1.0,high
previous convictions should be disclosed in court,civil and criminal,criminal trials,1.0,high
previous convictions should be disclosed in court,civil and criminal,fair trial rights,0.7,high
previous convictions should be disclosed in court,civil and criminal,jurisdiction,0.7,high
previous convictions should be disclosed in court,civil and criminal,legal profession,0.7,high
previous convictions should be disclosed in court,civil and criminal,previous convictions,0.6,medium
previous convictions should be disclosed in court,civil and criminal,prospective jurors,0.5,medium
previous convictions should be disclosed in court,civil cases,court,1.0,high
previous convictions should be disclosed in court,civil cases,previous convictions,0.5,medium
previous convictions should be disclosed in court,civil cases,rules,0.3,low
previous convictions should be disclosed in court,civil law,civil procedure,1.0,high
previous convictions should be disclosed in court,civil law,common law systems,1.0,high
previous convictions should be disclosed in court,civil law,court,0.9,high
previous convictions should be disclosed in court,civil law,previous convictions,0.6,medium
previous convictions should be disclosed in court,civil law,prospective jurors,0.4,medium
previous convictions should be disclosed in court,civil law,scotland,0.2,low
previous convictions should be disclosed in court,civil law systems,court,1.0,high
previous convictions should be disclosed in court,civil law systems,previous convictions,0.5,medium
previous convictions should be disclosed in court,civil procedure,court,1.0,high
previous convictions should be disclosed in court,civil procedure,previous convictions,0.5,medium
previous convictions should be disclosed in court,common law,acts of union,0.2,low
previous convictions should be disclosed in court,common law,common law jurisdictions,1.0,high
previous convictions should be disclosed in court,common law,conviction,0.5,medium
previous convictions should be disclosed in court,common law,court,0.8,high
previous convictions should be disclosed in court,common law,criminal history,0.5,medium
previous convictions should be disclosed in court,common law,jury tampering,0.4,medium
previous convictions should be disclosed in court,common law,previous convictions,0.5,medium
previous convictions should be disclosed in court,common law,scottish parliament,0.1,low
previous convictions should be disclosed in court,common law jurisdictions,court,0.8,high
previous convictions should be disclosed in court,common law jurisdictions,previous convictions,0.4,medium
previous convictions should be disclosed in court,common law systems,court,1.0,high
previous convictions should be disclosed in court,common law systems,previous convictions,0.5,medium
previous convictions should be disclosed in court,convicted,court,1.0,high
previous convictions should be disclosed in court,convicted,previous convictions,1.0,high
previous convictions should be disclosed in court,conviction,court,1.0,high
previous convictions should be disclosed in court,conviction,previous convictions,1.0,high
previous convictions should be disclosed in court,court,common law systems,0.9,high
previous convictions should be disclosed in court,court,court,1.0,high
previous convictions should be disclosed in court,court,criminal trials,1.0,high
previous convictions should be disclosed in court,court,previous convictions,0.9,high
previous convictions should be disclosed in court,court,scotland,0.0,low
previous convictions should be disclosed in court,court of appeal,court,1.0,high
previous convictions should be disclosed in court,court of appeal,court was established,0.3,low
previous convictions should be disclosed in court,court of appeal,federal,0.2,low
previous convictions should be disclosed in court,court of appeal,previous convictions,0.6,medium
previous convictions should be disclosed in court,court of appeal,scotland,0.0,low
previous convictions should be disclosed in court,court of appeal,scottish parliament,0.1,low
previous convictions should be disclosed in court,court was established,court,0.7,high
previous convictions should be disclosed in court,court was established,previous convictions,0.3,low
previous convictions should be disclosed in court,courts,common law systems,0.9,high
previous convictions should be disclosed in court,courts,court,1.0,high
previous convictions should be disclosed in court,courts,previous convictions,1.0,high
previous convictions should be disclosed in court,courts,scotland,0.0,low
previous convictions should be disclosed in court,criminal,civil law systems,0.6,medium
previous convictions should be disclosed in court,criminal,common law jurisdictions,0.6,medium
previous convictions should be disclosed in court,criminal,court,0.9,high
previous convictions should be disclosed in court,criminal,fair trial rights,0.7,high
previous convictions should be disclosed in court,criminal,legal profession,0.3,low
previous convictions should be disclosed in court,criminal,previous convictions,0.8,high
previous convictions should be disclosed in court,criminal and civil,court,1.0,high
previous convictions should be disclosed in court,criminal and civil,previous convictions,0.6,medium
previous convictions should be disclosed in court,criminal case,court,1.0,high
previous convictions should be disclosed in court,criminal case,previous convictions,0.8,high
previous convictions should be disclosed in court,criminal cases,acts of union,0.0,low
previous convictions should be disclosed in court,criminal cases,common law systems,0.9,high
previous convictions should be disclosed in court,criminal cases,court,1.0,high
previous convictions should be disclosed in court,criminal cases,criminal and civil,0.8,high
previous convictions should be disclosed in court,criminal cases,jury tampering,0.6,medium
previous convictions should be disclosed in court,criminal cases,previous convictions,0.8,high
previous convictions should be disclosed in court,criminal cases,rules of evidence,0.7,high
previous convictions should be disclosed in court,criminal history,court,0.5,medium
previous convictions should be disclosed in court,criminal history,previous convictions,1.0,high
previous convictions should be disclosed in court,criminal history category,court,0.7,high
previous convictions should be disclosed in court,criminal history category,previous convictions,0.8,high
previous convictions should be disclosed in court,criminal history category,stare decisis,0.4,medium
previous convictions should be disclosed in court,criminal justice act,common law jurisdictions,0.4,medium
previous convictions should be disclosed in court,criminal justice act,court,0.8,high
previous convictions should be disclosed in court,criminal justice act,criminal history,0.7,high
previous convictions should be disclosed in court,criminal justice act,criminal trials,1.0,high
previous convictions should be disclosed in court,criminal justice act,federal,0.2,low
previous convictions should be disclosed in court,criminal justice act,mens rea,0.6,medium
previous convictions should be disclosed in court,criminal justice act,parliament,0.6,medium
previous convictions should be disclosed in court,criminal justice act,previous convictions,0.4,medium
previous convictions should be disclosed in court,criminal law,convicted,0.7,high
previous convictions should be disclosed in court,criminal law,court,1.0,high
previous convictions should be disclosed in court,criminal law,criminal and civil,0.9,high
previous convictions should be disclosed in court,criminal law,federal,0.3,low
previous convictions should be disclosed in court,criminal law,judicial,0.7,high
previous convictions should be disclosed in court,criminal law,previous convictions,0.9,high
previous convictions should be disclosed in court,criminal law,rules of evidence,0.8,high
previous convictions should be disclosed in court,criminal law,scotland,0.0,low
previous convictions should be disclosed in court,criminal trials,court,1.0,high
previous convictions should be disclosed in court,criminal trials,previous convictions,0.8,high
previous convictions should be disclosed in court,defendant,court,1.0,high
previous convictions should be disclosed in court,defendant,criminal history,0.7,high
previous convictions should be disclosed in court,defendant,previous convictions,0.7,high
previous convictions should be disclosed in court,defendant,prospective jurors,0.5,medium
previous convictions should be disclosed in court,defendant,scotland,0.0,low
previous convictions should be disclosed in court,double jeopardy,american law institute,0.5,medium
previous convictions should be disclosed in court,double jeopardy,court,0.8,high
previous convictions should be disclosed in court,double jeopardy,criminal and civil,0.5,medium
previous convictions should be disclosed in court,double jeopardy,previous convictions,0.6,medium
previous convictions should be disclosed in court,double jeopardy,prosecution,0.7,high
previous convictions should be disclosed in court,england and wales,court,0.0,low
previous convictions should be disclosed in court,england and wales,court was established,0.1,low
previous convictions should be disclosed in court,england and wales,criminal and civil,0.0,low
previous convictions should be disclosed in court,england and wales,jury tampering,0.1,low
previous convictions should be disclosed in court,england and wales,previous convictions,0.0,low
previous convictions should be disclosed in court,england and wales,stare decisis,0.0,low
previous convictions should be disclosed in court,english common law,bad character evidence,0.5,medium
previous convictions should be disclosed in court,english common law,civil procedure,0.7,high
previous convictions should be disclosed in court,english common law,court,0.7,high
previous convictions should be disclosed in court,english common law,previous convictions,0.3,low
previous convictions should be disclosed in court,fair trial rights,court,1.0,high
previous convictions should be disclosed in court,fair trial rights,previous convictions,0.7,high
previous convictions should be disclosed in court,federal,court,0.6,medium
previous convictions should be disclosed in court,federal,previous convictions,0.1,low
previous convictions should be disclosed in court,judicial,court,1.0,high
previous convictions should be disclosed in court,judicial,previous convictions,0.6,medium
previous convictions should be disclosed in court,juries,american law institute,0.5,medium
previous convictions should be disclosed in court,juries,civil procedure,0.7,high
previous convictions should be disclosed in court,juries,court,1.0,high
previous convictions should be disclosed in court,juries,criminal history,0.5,medium
previous convictions should be disclosed in court,juries,federal,0.2,low
previous convictions should be disclosed in court,juries,previous convictions,0.5,medium
previous convictions should be disclosed in court,juries,prosecution,1.0,high
previous convictions should be disclosed in court,jurisdiction,court,0.9,high
previous convictions should be disclosed in court,jurisdiction,previous convictions,0.5,medium
previous convictions should be disclosed in court,jurors,conviction,1.0,high
previous convictions should be disclosed in court,jurors,court,1.0,high
previous convictions should be disclosed in court,jurors,jury tampering,0.9,high
previous convictions should be disclosed in court,jurors,previous convictions,0.5,medium
previous convictions should be disclosed in court,jury,court,1.0,high
previous convictions should be disclosed in court,jury,fair trial rights,0.9,high
previous convictions should be disclosed in court,jury,previous convictions,0.7,high
previous convictions should be disclosed in court,jury,prosecution,0.9,high
previous convictions should be disclosed in court,jury,rules,0.3,low
previous convictions should be disclosed in court,jury tampering,court,0.9,high
previous convictions should be disclosed in court,jury tampering,previous convictions,0.3,low
previous convictions should be disclosed in court,jury trial,civil procedure,0.9,high
previous convictions should be disclosed in court,jury trial,common law systems,0.8,high
previous convictions should be disclosed in court,jury trial,conviction,0.9,high
previous convictions should be disclosed in court,jury trial,court,1.0,high
previous convictions should be disclosed in court,jury trial,criminal trials,1.0,high
previous convictions should be disclosed in court,jury trial,federal,0.2,low
previous convictions should be disclosed in court,jury trial,previous convictions,0.6,medium
previous convictions should be disclosed in court,jury trials,common law jurisdictions,0.5,medium
previous convictions should be disclosed in court,jury trials,court,1.0,high
previous convictions should be disclosed in court,jury trials,court was established,0.4,medium
previous convictions should be disclosed in court,jury trials,criminal and civil,0.8,high
previous convictions should be disclosed in court,jury trials,previous convictions,0.7,high
previous convictions should be disclosed in court,law,convicted,0.7,high
previous convictions should be disclosed in court,law,court,1.0,high
previous convictions should be disclosed in court,law,previous convictions,0.5,medium
previous convictions should be disclosed in court,legal,american law institute,0.6,medium
previous convictions should be disclosed in court,legal,bad character evidence,0.3,low
previous convictions should be disclosed in court,legal,common law jurisdictions,0.6,medium
previous convictions should be disclosed in court,legal,common law systems,0.9,high
previous convictions should be disclosed in court,legal,court,0.8,high
previous convictions should be disclosed in court,legal,judicial,0.9,high
previous convictions should be disclosed in court,legal,previous convictions,0.7,high
previous convictions should be disclosed in court,legal profession,court,0.7,high
previous convictions should be disclosed in court,legal profession,previous convictions,0.3,low
previous convictions should be disclosed in court,legal system,conviction,0.7,high
previous convictions should be disclosed in court,legal system,court,1.0,high
previous convictions should be disclosed in court,legal system,court was established,0.4,medium
previous convictions should be disclosed in court,legal system,criminal and civil,0.9,high
previous convictions should be disclosed in court,legal system,criminal case,0.9,high
previous convictions should be disclosed in court,legal system,federal,0.3,low
previous convictions should be disclosed in court,legal system,previous convictions,0.8,high
previous convictions should be disclosed in court,legal system,statutes,0.7,high
previous convictions should be disclosed in court,mens rea,court,0.8,high
previous convictions should be disclosed in court,mens rea,previous convictions,0.5,medium
previous convictions should be disclosed in court,miscarriage of justice,court,0.8,high
previous convictions should be disclosed in court,miscarriage of justice,court was established,0.2,low
previous convictions should be disclosed in court,miscarriage of justice,criminal and civil,0.4,medium
previous convictions should be disclosed in court,miscarriage of justice,previous convictions,0.7,high
previous convictions should be disclosed in court,parliament,court,0.3,low
previous convictions should be disclosed in court,parliament,previous convictions,0.1,low
previous convictions should be disclosed in court,presumption of innocence,court,0.9,high
previous convictions should be disclosed in court,presumption of innocence,court was established,0.3,low
previous convictions should be disclosed in court,presumption of innocence,criminal case,1.0,high
previous convictions should be disclosed in court,presumption of innocence,fair trial rights,1.0,high
previous convictions should be disclosed in court,presumption of innocence,legal profession,0.4,medium
previous convictions should be disclosed in court,presumption of innocence,previous convictions,0.7,high
previous convictions should be disclosed in court,presumption of innocence,prospective jurors,0.2,low
previous convictions should be disclosed in court,presumption of innocence,statutes,0.4,medium
previous convictions should be disclosed in court,prosecution,court,1.0,high
previous convictions should be disclosed in court,prosecution,previous convictions,0.6,medium
previous convictions should be disclosed in court,prospective jurors,court,1.0,high
previous convictions should be disclosed in court,prospective jurors,previous convictions,0.3,low
previous convictions should be disclosed in court,rule of law,bad character evidence,0.3,low
previous convictions should be disclosed in court,rule of law,civil law systems,1.0,high
previous convictions should be disclosed in court,rule of law,common law jurisdictions,0.7,high
previous convictions should be disclosed in court,rule of law,court,1.0,high
previous convictions should be disclosed in court,rule of law,criminal and civil,0.7,high
previous convictions should be disclosed in court,rule of law,legal profession,0.5,medium
previous convictions should be disclosed in court,rule of law,mens rea,0.5,medium
previous convictions should be disclosed in court,rule of law,previous convictions,0.3,low
previous convictions should be disclosed in court,rules,court,0.6,medium
previous convictions should be disclosed in court,rules,previous convictions,0.0,low
previous convictions should be disclosed in court,rules of evidence,court,0.9,high
previous convictions should be disclosed in court,rules of evidence,previous convictions,0.6,medium
previous convictions should be disclosed in court,scotland,court,0.0,low
previous convictions should be disclosed in court,scotland,previous convictions,0.0,low
previous convictions should be disclosed in court,scots law,acts of union,0.1,low
previous convictions should be disclosed in court,scots law,american law institute,0.1,low
previous convictions should be disclosed in court,scots law,civil law systems,0.8,high
previous convictions should be disclosed in court,scots law,common law jurisdictions,0.7,high
previous convictions should be disclosed in court,scots law,court,0.7,high
previous convictions should be disclosed in court,scots law,fair trial rights,0.4,medium
previous convictions should be disclosed in court,scots law,mens rea,0.3,low
previous convictions should be disclosed in court,scots law,previous convictions,0.0,low
previous convictions should be disclosed in court,scots law,scottish parliament,0.8,high
previous convictions should be disclosed in court,scots law,stare decisis,0.3,low
previous convictions should be disclosed in court,scottish parliament,court,0.0,low
previous convictions should be disclosed in court,scottish parliament,previous convictions,0.0,low
previous convictions should be disclosed in court,stare decisis,court,1.0,high
previous convictions should be disclosed in court,stare decisis,previous convictions,0.6,medium
previous convictions should be disclosed in court,statutes,court,0.5,medium
previous convictions should be disclosed in court,statutes,previous convictions,0.0,low
previous convictions should be disclosed in court,trial,civil law systems,0.8,high
previous convictions should be disclosed in court,trial,civil procedure,1.0,high
previous convictions should be disclosed in court,trial,court,1.0,high
previous convictions should be disclosed in court,trial,previous convictions,0.9,high
previous convictions should be disclosed in court,trial by jury,american law institute,0.4,medium
previous convictions should be disclosed in court,trial by jury,civil procedure,0.9,high
previous convictions should be disclosed in court,trial by jury,convicted,0.8,high
previous convictions should be disclosed in court,trial by jury,court,1.0,high
previous convictions should be disclosed in court,trial by jury,jurisdiction,0.5,medium
previous convictions should be disclosed in court,trial by jury,jury tampering,1.0,high
previous convictions should be disclosed in court,trial by jury,previous convictions,0.6,medium
states should not subsidize the growing of tobacco,adverse health effects,cigar smokers,1.0,high
states should not subsidize the growing of tobacco,adverse health effects,consumption,0.2,low
states should not subsidize the growing of tobacco,adverse health effects,farm,0.0,low
states should not subsidize the growing of tobacco,adverse health effects,growing of tobacco,0.3,low
states should not subsidize the growing of tobacco,adverse health effects,light cigarettes,0.7,high
states should not subsidize the growing of tobacco,adverse health effects,smoke free workplaces,0.5,medium
states should not subsidize the growing of tobacco,adverse health effects,smoking restrictions,0.7,high
states should not subsidize the growing of tobacco,adverse health effects,states,0.0,low
states should not subsidize the growing of tobacco,adverse health effects,subsidize,0.0,low
states should not subsidize the growing of tobacco,adverse health effects,tobacco consumption,1.0,high
states should not subsidize the growing of tobacco,advertising and promotion,growing of tobacco,0.1,low
states should not subsidize the growing of tobacco,advertising and promotion,states,0.0,low
states should not subsidize the growing of tobacco,advertising and promotion,subsidize,0.1,low
states should not subsidize the growing of tobacco,american tobacco,growing of tobacco,1.0,high
states should not subsidize the growing of tobacco,american tobacco,states,0.2,low
states should not subsidize the growing of tobacco,american tobacco,subsidize,0.1,low
states should not subsidize the growing of tobacco,anti smoking,farm,0.0,low
states should not subsidize the growing of tobacco,anti smoking,growing of tobacco,0.7,high
states should not subsidize the growing of tobacco,anti smoking,pipe,0.6,medium
states should not subsidize the growing of tobacco,anti smoking,public places,0.6,medium
states should not subsidize the growing of tobacco,anti smoking,pubs and clubs,0.3,low
states should not subsidize the growing of tobacco,anti smoking,rates of smoking,0.7,high
states should not subsidize the growing of tobacco,anti smoking,snuff,0.5,medium
states should not subsidize the growing of tobacco,anti smoking,states,0.0,low
states should not subsidize the growing of tobacco,anti smoking,subsidize,0.1,low
states should not subsidize the growing of tobacco,anti smoking,subsidy,0.0,low
states should not subsidize the growing of tobacco,anti smoking,tobacco consumption,0.9,high
states should not subsidize the growing of tobacco,anti smoking,type of tobacco,0.6,medium
states should not subsidize the growing of tobacco,anti smoking movement,growing of tobacco,0.8,high
states should not subsidize the growing of tobacco,anti smoking movement,states,0.1,low
states should not subsidize the growing of tobacco,anti smoking movement,subsidize,0.0,low
states should not subsidize the growing of tobacco,bars and restaurants,growing of tobacco,0.0,low
states should not subsidize the growing of tobacco,bars and restaurants,states,0.0,low
states should not subsidize the growing of tobacco,bars and restaurants,subsidize,0.0,low
states should not subsidize the growing of tobacco,british american tobacco,anti smoking movement,0.5,medium
states should not subsidize the growing of tobacco,british american tobacco,cigar smoking,0.8,high
states should not subsidize the growing of tobacco,british american tobacco,growing of tobacco,1.0,high
states should not subsidize the growing of tobacco,british american tobacco,marlboro,0.5,medium
states should not subsidize the growing of tobacco,british american tobacco,payments,0.0,low
states should not subsidize the growing of tobacco,british american tobacco,pipe,0.6,medium
states should not subsidize the growing of tobacco,british american tobacco,states,0.0,low
states should not subsidize the growing of tobacco,british american tobacco,subsidize,0.1,low
states should not subsidize the growing of tobacco,british american tobacco,subsidy,0.1,low
states should not subsidize the growing of tobacco,british american tobacco,tobacco product,0.9,high
states should not subsidize the growing of tobacco,cancer,anti smoking movement,0.8,high
states should not subsidize the growing of tobacco,cancer,cigar smoking,0.8,high
states should not subsidize the growing of tobacco,cancer,growing of tobacco,0.5,medium
states should not subsidize the growing of tobacco,cancer,industry,0.0,low
states should not subsidize the growing of tobacco,cancer,pipe,0.3,low
states should not subsidize the growing of tobacco,cancer,smoke free workplaces,0.2,low
states should not subsidize the growing of tobacco,cancer,smoking restrictions,0.5,medium
states should not subsidize the growing of tobacco,cancer,states,0.0,low
states should not subsidize the growing of tobacco,cancer,subsidize,0.0,low
states should not subsidize the growing of tobacco,cancer,type of tobacco,0.3,low
states should not subsidize the growing of tobacco,cigar,farm,0.0,low
states should not subsidize the growing of tobacco,cigar,growing of tobacco,0.6,medium
states should not subsidize the growing of tobacco,cigar,light cigarettes,0.9,high
states should not subsidize the growing of tobacco,cigar,payments,0.0,low
states should not subsidize the growing of tobacco,cigar,pesticides,0.0,low
states should not subsidize the growing of tobacco,cigar,smoke free workplaces,0.9,high
states should not subsidize the growing of tobacco,cigar,smoking rates,0.7,high
states should not subsidize the growing of tobacco,cigar,smoking restrictions,1.0,high
states should not subsidize the growing of tobacco,cigar,states,0.0,low
states should not subsidize the growing of tobacco,cigar,subsidize,0.0,low
states should not subsidize the growing of tobacco,cigar,subsidy,0.0,low
states should not subsidize the growing of tobacco,cigar,tobacco product,1.0,high
states should not subsidize the growing of tobacco,cigar,type of tobacco,0.9,high
states should not subsidize the growing of tobacco,cigar smokers,growing of tobacco,0.8,high
states should not subsidize the growing of tobacco,cigar smokers,states,0.1,low
states should not subsidize the growing of tobacco,cigar smokers,subsidize,0.1,low
states should not subsidize the growing of tobacco,cigar smoking,growing of tobacco,0.7,high
states should not subsidize the growing of tobacco,cigar smoking,states,0.2,low
states should not subsidize the growing of tobacco,cigar smoking,subsidize,0.1,low
states should not subsidize the growing of tobacco,cigarette,bars and restaurants,0.3,low
states should not subsidize the growing of tobacco,cigarette,consumption,0.5,medium
states should not subsidize the growing of tobacco,cigarette,growing of tobacco,0.8,high
states should not subsidize the growing of tobacco,cigarette,nicotinic acetylcholine receptors,0.7,high
states should not subsidize the growing of tobacco,cigarette,pipe,0.9,high
states should not subsidize the growing of tobacco,cigarette,smoking rates,0.9,high
states should not subsidize the growing of tobacco,cigarette,sponsorship,0.0,low
states should not subsidize the growing of tobacco,cigarette,states,0.0,low
states should not subsidize the growing of tobacco,cigarette,subsidize,0.0,low
states should not subsidize the growing of tobacco,cigarettes,bars and restaurants,0.2,low
states should not subsidize the growing of tobacco,cigarettes,growing of tobacco,0.7,high
states should not subsidize the growing of tobacco,cigarettes,light cigarettes,1.0,high
states should not subsidize the growing of tobacco,cigarettes,marlboro,1.0,high
states should not subsidize the growing of tobacco,cigarettes,pesticides,0.0,low
states should not subsidize the growing of tobacco,cigarettes,states,0.0,low
states should not subsidize the growing of tobacco,cigarettes,subsidize,0.1,low
states should not subsidize the growing of tobacco,cigarettes,tobacco consumption,1.0,high
states should not subsidize the growing of tobacco,cigars,advertising and promotion,0.1,low
states should not subsidize the growing of tobacco,cigars,bars and restaurants,0.2,low
states should not subsidize the growing of tobacco,cigars,cigar smokers,1.0,high
states should not subsidize the growing of tobacco,cigars,growing of tobacco,0.7,high
states should not subsidize the growing of tobacco,cigars,pipe,0.9,high
states should not subsidize the growing of tobacco,cigars,smoke free workplaces,0.9,high
states should not subsidize the growing of tobacco,cigars,states,0.0,low
states should not subsidize the growing of tobacco,cigars,subsidize,0.0,low
states should not subsidize the growing of tobacco,cigars,tobacco consumption,1.0,high
states should not subsidize the growing of tobacco,cigars,type of tobacco,0.8,high
states should not subsidize the growing of tobacco,consumption,growing of tobacco,0.1,low
states should not subsidize the growing of tobacco,consumption,states,0.0,low
states should not subsidize the growing of tobacco,consumption,subsidize,0.1,low
states should not subsidize the growing of tobacco,effects of smoking,american tobacco,0.8,high
states should not subsidize the growing of tobacco,effects of smoking,bars and restaurants,0.1,low
states should not subsidize the growing of tobacco,effects of smoking,growing of tobacco,0.6,medium
states should not subsidize the growing of tobacco,effects of smoking,pipe,0.6,medium
states should not subsidize the growing of tobacco,effects of smoking,states,0.0,low
states should not subsidize the growing of tobacco,effects of smoking,subsidize,0.0,low
states should not subsidize the growing of tobacco,environmental tobacco smoke,anti smoking movement,1.0,high
states should not subsidize the growing of tobacco,environmental tobacco smoke,bars and restaurants,0.5,medium
states should not subsidize the growing of tobacco,environmental tobacco smoke,growing of tobacco,0.6,medium
states should not subsidize the growing of tobacco,environmental tobacco smoke,nicotinic acetylcholine receptors,0.6,medium
states should not subsidize the growing of tobacco,environmental tobacco smoke,pesticides,0.1,low
states should not subsidize the growing of tobacco,environmental tobacco smoke,rates of smoking,0.9,high
states should not subsidize the growing of tobacco,environmental tobacco smoke,smoking rates,0.9,high
states should not subsidize the growing of tobacco,environmental tobacco smoke,states,0.0,low
states should not subsidize the growing of tobacco,environmental tobacco smoke,subsidize,0.0,low
states should not subsidize the growing of tobacco,farm,growing of tobacco,0.5,medium
states should not subsidize the growing of tobacco,farm,states,0.0,low
states should not subsidize the growing of tobacco,farm,subsidize,0.0,low
states should not subsidize the growing of tobacco,formal statistical evidence,growing of tobacco,0.1,low
states should not subsidize the growing of tobacco,formal statistical evidence,states,0.0,low
states should not subsidize the growing of tobacco,formal statistical evidence,subsidize,0.0,low
states should not subsidize the growing of tobacco,health care costs,bars and restaurants,0.0,low
states should not subsidize the growing of tobacco,health care costs,farm,0.1,low
states should not subsidize the growing of tobacco,health care costs,formal statistical evidence,0.1,low
states should not subsidize the growing of tobacco,health care costs,growing of tobacco,0.2,low
states should not subsidize the growing of tobacco,health care costs,light cigarettes,0.1,low
states should not subsidize the growing of tobacco,health care costs,pipe,0.0,low
states should not subsidize the growing of tobacco,health care costs,smoking rates,0.4,medium
states should not subsidize the growing of tobacco,health care costs,states,0.1,low
states should not subsidize the growing of tobacco,health care costs,subsidize,0.4,medium
states should not subsidize the growing of tobacco,health care costs,tobacco consumption,0.7,high
states should not subsidize the growing of tobacco,health care costs,tobacco product,0.3,low
states should not subsidize the growing of tobacco,industry,growing of tobacco,0.5,medium
states should not subsidize the growing of tobacco,industry,states,0.0,low
states should not subsidize the growing of tobacco,industry,subsidize,0.1,low
states should not subsidize the growing of tobacco,light cigarettes,growing of tobacco,0.7,high
states should not subsidize the growing of tobacco,light cigarettes,states,0.1,low
states should not subsidize the growing of tobacco,light cigarettes,subsidize,0.0,low
states should not subsidize the growing of tobacco,lung cancer,advertising and promotion,0.0,low
states should not subsidize the growing of tobacco,lung cancer,growing of tobacco,0.4,medium
states should not subsidize the growing of tobacco,lung cancer,rates of smoking,0.6,medium
states should not subsidize the growing of tobacco,lung cancer,smokeless tobacco,0.6,medium
states should not subsidize the growing of tobacco,lung cancer,smoking restrictions,0.8,high
states should not subsidize the growing of tobacco,lung cancer,states,0.1,low
states should not subsidize the growing of tobacco,lung cancer,subsidize,0.0,low
states should not subsidize the growing of tobacco,marlboro,growing of tobacco,0.6,medium
states should not subsidize the growing of tobacco,marlboro,states,0.0,low
states should not subsidize the growing of tobacco,marlboro,subsidize,0.0,low
states should not subsidize the growing of tobacco,master settlement agreement,consumption,0.1,low
states should not subsidize the growing of tobacco,master settlement agreement,farm,0.0,low
states should not subsidize the growing of tobacco,master settlement agreement,growing of tobacco,0.4,medium
states should not subsidize the growing of tobacco,master settlement agreement,light cigarettes,0.1,low
states should not subsidize the growing of tobacco,master settlement agreement,sponsorship,0.0,low
states should not subsidize the growing of tobacco,master settlement agreement,states,0.3,low
states should not subsidize the growing of tobacco,master settlement agreement,subsidize,0.0,low
states should not subsidize the growing of tobacco,master settlement agreement,tobacco product,0.5,medium
states should not subsidize the growing of tobacco,nicotine,advertising and promotion,0.0,low
states should not subsidize the growing of tobacco,nicotine,cigar smokers,0.9,high
states should not subsidize the growing of tobacco,nicotine,farm,0.0,low
states should not subsidize the growing of tobacco,nicotine,growing of tobacco,0.7,high
states should not subsidize the growing of tobacco,nicotine,pesticides,0.1,low
states should not subsidize the growing of tobacco,nicotine,public places,0.0,low
states should not subsidize the growing of tobacco,nicotine,smoke free workplaces,0.4,medium
states should not subsidize the growing of tobacco,nicotine,smoking among women,0.4,medium
states should not subsidize the growing of tobacco,nicotine,states,0.0,low
states should not subsidize the growing of tobacco,nicotine,subsidize,0.0,low
states should not subsidize the growing of tobacco,nicotine,tobacco product,1.0,high
states should not subsidize the growing of tobacco,nicotinic acetylcholine receptors,growing of tobacco,0.4,medium
states should not subsidize the growing of tobacco,nicotinic acetylcholine receptors,states,0.0,low
states should not subsidize the growing of tobacco,nicotinic acetylcholine receptors,subsidize,0.0,low
states should not subsidize the growing of tobacco,payments,growing of tobacco,0.0,low
states should not subsidize the growing of tobacco,payments,states,0.0,low
states should not subsidize the growing of tobacco,payments,subsidize,0.9,high
states should not subsidize the growing of tobacco,pesticides,growing of tobacco,0.3,low
states should not subsidize the growing of tobacco,pesticides,states,0.0,low
states should not subsidize the growing of tobacco,pesticides,subsidize,0.1,low
states should not subsidize the growing of tobacco,pipe,growing of tobacco,0.6,medium
states should not subsidize the growing of tobacco,pipe,states,0.0,low
states should not subsidize the growing of tobacco,pipe,subsidize,0.0,low
states should not subsidize the growing of tobacco,production of tobacco,anti smoking movement,0.8,high
states should not subsidize the growing of tobacco,production of tobacco,cigar smokers,0.8,high
states should not subsidize the growing of tobacco,production of tobacco,consumption,0.5,medium
states should not subsidize the growing of tobacco,production of tobacco,growing of tobacco,1.0,high
states should not subsidize the growing of tobacco,production of tobacco,industry,0.6,medium
states should not subsidize the growing of tobacco,production of tobacco,pubs and clubs,0.0,low
states should not subsidize the growing of tobacco,production of tobacco,snuff,0.7,high
states should not subsidize the growing of tobacco,production of tobacco,states,0.0,low
states should not subsidize the growing of tobacco,production of tobacco,subsidize,0.1,low
states should not subsidize the growing of tobacco,production of tobacco,tobacco consumption,1.0,high
states should not subsidize the growing of tobacco,production of tobacco,tobacco product,1.0,high
states should not subsidize the growing of tobacco,public places,growing of tobacco,0.0,low
states should not subsidize the growing of tobacco,public places,states,0.1,low
states should not subsidize the growing of tobacco,public places,subsidize,0.0,low
states should not subsidize the growing of tobacco,pubs and clubs,growing of tobacco,0.0,low
states should not subsidize the growing of tobacco,pubs and clubs,states,0.0,low
states should not subsidize the growing of tobacco,pubs and clubs,subsidize,0.0,low
states should not subsidize the growing of tobacco,rates of smoking,growing of tobacco,0.7,high
states should not subsidize the growing of tobacco,rates of smoking,states,0.0,low
states should not subsidize the growing of tobacco,rates of smoking,subsidize,0.0,low
states should not subsidize the growing of tobacco,smoke,farm,0.0,low
states should not subsidize the growing of tobacco,smoke,growing of tobacco,0.8,high
states should not subsidize the growing of tobacco,smoke,industry,0.0,low
states should not subsidize the growing of tobacco,smoke,nicotinic acetylcholine receptors,0.8,high
states should not subsidize the growing of tobacco,smoke,payments,0.0,low
states should not subsidize the growing of tobacco,smoke,smoke free workplaces,0.8,high
states should not subsidize the growing of tobacco,smoke,states,0.0,low
states should not subsidize the growing of tobacco,smoke,subsidize,0.0,low
states should not subsidize the growing of tobacco,smoke free,american tobacco,0.4,medium
states should not subsidize the growing of tobacco,smoke free,growing of tobacco,0.6,medium
states should not subsidize the growing of tobacco,smoke free,nicotinic acetylcholine receptors,0.2,low
states should not subsidize the growing of tobacco,smoke free,states,0.0,low
states should not subsidize the growing of tobacco,smoke free,subsidize,0.0,low
states should not subsidize the growing of tobacco,smoke free laws,american tobacco,0.5,medium
states should not subsidize the growing of tobacco,smoke free laws,growing of tobacco,0.6,medium
states should not subsidize the growing of tobacco,smoke free laws,payments,0.0,low
states should not subsidize the growing of tobacco,smoke free laws,pubs and clubs,0.8,high
states should not subsidize the growing of tobacco,smoke free laws,smokeless tobacco,0.7,high
states should not subsidize the growing of tobacco,smoke free laws,snuff,0.5,medium
states should not subsidize the growing of tobacco,smoke free laws,states,0.2,low
states should not subsidize the growing of tobacco,smoke free laws,subsidize,0.0,low
states should not subsidize the growing of tobacco,smoke free workplaces,growing of tobacco,0.3,low
states should not subsidize the growing of tobacco,smoke free workplaces,states,0.0,low
states should not subsidize the growing of tobacco,smoke free workplaces,subsidize,0.0,low
states should not subsidize the growing of tobacco,smokeless tobacco,growing of tobacco,0.8,high
states should not subsidize the growing of tobacco,smokeless tobacco,states,0.0,low
states should not subsidize the growing of tobacco,smokeless tobacco,subsidize,0.0,low
states should not subsidize the growing of tobacco,smokers,american tobacco,0.8,high
states should not subsidize the growing of tobacco,smokers,bars and restaurants,0.2,low
states should not subsidize the growing of tobacco,smokers,cigar smokers,1.0,high
states should not subsidize the growing of tobacco,smokers,cigar smoking,1.0,high
states should not subsidize the growing of tobacco,smokers,consumption,0.2,low
states should not subsidize the growing of tobacco,smokers,growing of tobacco,0.6,medium
states should not subsidize the growing of tobacco,smokers,nicotinic acetylcholine receptors,0.4,medium
states should not subsidize the growing of tobacco,smokers,pipe,0.9,high
states should not subsidize the growing of tobacco,smokers,smokeless tobacco,0.9,high
states should not subsidize the growing of tobacco,smokers,sponsorship,0.0,low
states should not subsidize the growing of tobacco,smokers,states,0.1,low
states should not subsidize the growing of tobacco,smokers,subsidize,0.0,low
states should not subsidize the growing of tobacco,smoking,bars and restaurants,0.4,medium
states should not subsidize the growing of tobacco,smoking,cigar smoking,1.0,high
states should not subsidize the growing of tobacco,smoking,growing of tobacco,0.9,high
states should not subsidize the growing of tobacco,smoking,marlboro,1.0,high
states should not subsidize the growing of tobacco,smoking,smoking among women,1.0,high
states should not subsidize the growing of tobacco,smoking,states,0.0,low
states should not subsidize the growing of tobacco,smoking,subsidize,0.1,low
states should not subsidize the growing of tobacco,smoking,tobacco consumption,1.0,high
states should not subsidize the growing of tobacco,smoking among women,growing of tobacco,0.3,low
states should not subsidize the growing of tobacco,smoking among women,states,0.0,low
states should not subsidize the growing of tobacco,smoking among women,subsidize,0.0,low
states should not subsidize the growing of tobacco,smoking bans,advertising and promotion,0.2,low
states should not subsidize the growing of tobacco,smoking bans,anti smoking movement,1.0,high
states should not subsidize the growing of tobacco,smoking bans,cigar smokers,1.0,high
states should not subsidize the growing of tobacco,smoking bans,growing of tobacco,0.7,high
states should not subsidize the growing of tobacco,smoking bans,payments,0.0,low
states should not subsidize the growing of tobacco,smoking bans,pesticides,0.0,low
states should not subsidize the growing of tobacco,smoking bans,states,0.1,low
states should not subsidize the growing of tobacco,smoking bans,subsidize,0.0,low
states should not subsidize the growing of tobacco,smoking bans,tobacco consumption,1.0,high
states should not subsidize the growing of tobacco,smoking bans,type of tobacco,0.5,medium
states should not subsidize the growing of tobacco,smoking rates,growing of tobacco,0.5,medium
states should not subsidize the growing of tobacco,smoking rates,states,0.0,low
states should not subsidize the growing of tobacco,smoking rates,subsidize,0.0,low
states should not subsidize the growing of tobacco,smoking restrictions,growing of tobacco,0.6,medium
states should not subsidize the growing of tobacco,smoking restrictions,states,0.1,low
states should not subsidize the growing of tobacco,smoking restrictions,subsidize,0.0,low
states should not subsidize the growing of tobacco,snuff,growing of tobacco,0.7,high
states should not subsidize the growing of tobacco,snuff,states,0.0,low
states should not subsidize the growing of tobacco,snuff,subsidize,0.0,low
states should not subsidize the growing of tobacco,sponsorship,growing of tobacco,0.0,low
states should not subsidize the growing of tobacco,sponsorship,states,0.0,low
states should not subsidize the growing of tobacco,sponsorship,subsidize,0.5,medium
states should not subsidize the growing of tobacco,subsidy,growing of tobacco,0.3,low
states should not subsidize the growing of tobacco,subsidy,states,0.1,low
states should not subsidize the growing of tobacco,subsidy,subsidize,1.0,high
states should not subsidize the growing of tobacco,tobacco,bars and restaurants,0.1,low
states should not subsidize the growing of tobacco,tobacco,consumption,0.7,high
states should not subsidize the growing of tobacco,tobacco,farm,0.5,medium
states should not subsidize the growing of tobacco,tobacco,formal statistical evidence,0.0,low
states should not subsidize the growing of tobacco,tobacco,growing of tobacco,1.0,high
states should not subsidize the growing of tobacco,tobacco,nicotinic acetylcholine receptors,0.9,high
states should not subsidize the growing of tobacco,tobacco,pipe,0.9,high
states should not subsidize the growing of tobacco,tobacco,smoke free workplaces,0.7,high
states should not subsidize the growing of tobacco,tobacco,snuff,1.0,high
states should not subsidize the growing of tobacco,tobacco,states,0.0,low
states should not subsidize the growing of tobacco,tobacco,subsidize,0.2,low
states should not subsidize the growing of tobacco,tobacco,tobacco consumption,1.0,high
states should not subsidize the growing of tobacco,tobacco advertising,growing of tobacco,0.8,high
states should not subsidize the growing of tobacco,tobacco advertising,pesticides,0.0,low
states should not subsidize the growing of tobacco,tobacco advertising,pipe,0.4,medium
states should not subsidize the growing of tobacco,tobacco advertising,smokeless tobacco,0.3,low
states should not subsidize the growing of tobacco,tobacco advertising,states,0.1,low
states should not subsidize the growing of tobacco,tobacco advertising,subsidize,0.0,low
states should not subsidize the growing of tobacco,tobacco companies,advertising and promotion,0.6,medium
states should not subsidize the growing of tobacco,tobacco companies,formal statistical evidence,0.1,low
states should not subsidize the growing of tobacco,tobacco companies,growing of tobacco,0.9,high
states should not subsidize the growing of tobacco,tobacco companies,nicotinic acetylcholine receptors,0.4,medium
states should not subsidize the growing of tobacco,tobacco companies,pipe,0.5,medium
states should not subsidize the growing of tobacco,tobacco companies,smoking rates,0.7,high
states should not subsidize the growing of tobacco,tobacco companies,smoking restrictions,0.9,high
states should not subsidize the growing of tobacco,tobacco companies,states,0.0,low
states should not subsidize the growing of tobacco,tobacco companies,subsidize,0.1,low
states should not subsidize the growing of tobacco,tobacco companies,subsidy,0.2,low
states should not subsidize the growing of tobacco,tobacco consumption,growing of tobacco,0.9,high
states should not subsidize the growing of tobacco,tobacco consumption,states,0.0,low
states should not subsidize the growing of tobacco,tobacco consumption,subsidize,0.0,low
states should not subsidize the growing of tobacco,tobacco control,anti smoking movement,1.0,high
states should not subsidize the growing of tobacco,tobacco control,growing of tobacco,0.9,high
states should not subsidize the growing of tobacco,tobacco control,nicotinic acetylcholine receptors,0.3,low
states should not subsidize the growing of tobacco,tobacco control,rates of smoking,0.8,high
states should not subsidize the growing of tobacco,tobacco control,smoking restrictions,1.0,high
states should not subsidize the growing of tobacco,tobacco control,sponsorship,0.1,low
states should not subsidize the growing of tobacco,tobacco control,states,0.0,low
states should not subsidize the growing of tobacco,tobacco control,subsidize,0.1,low
states should not subsidize the growing of tobacco,tobacco industry,growing of tobacco,1.0,high
states should not subsidize the growing of tobacco,tobacco industry,pubs and clubs,0.0,low
states should not subsidize the growing of tobacco,tobacco industry,smokeless tobacco,1.0,high
states should not subsidize the growing of tobacco,tobacco industry,smoking rates,0.8,high
states should not subsidize the growing of tobacco,tobacco industry,smoking restrictions,0.9,high
states should not subsidize the growing of tobacco,tobacco industry,states,0.1,low
states should not subsidize the growing of tobacco,tobacco industry,subsidize,0.2,low
states should not subsidize the growing of tobacco,tobacco product,growing of tobacco,1.0,high
states should not subsidize the growing of tobacco,tobacco product,states,0.0,low
states should not subsidize the growing of tobacco,tobacco product,subsidize,0.2,low
states should not subsidize the growing of tobacco,tobacco products,anti smoking movement,0.9,high
states should not subsidize the growing of tobacco,tobacco products,consumption,0.6,medium
states should not subsidize the growing of tobacco,tobacco products,growing of tobacco,1.0,high
states should not subsidize the growing of tobacco,tobacco products,marlboro,1.0,high
states should not subsidize the growing of tobacco,tobacco products,pesticides,0.0,low
states should not subsidize the growing of tobacco,tobacco products,states,0.0,low
states should not subsidize the growing of tobacco,tobacco products,subsidize,0.0,low
states should not subsidize the growing of tobacco,tobacco smoke,advertising and promotion,0.0,low
states should not subsidize the growing of tobacco,tobacco smoke,bars and restaurants,0.5,medium
states should not subsidize the growing of tobacco,tobacco smoke,cigar smoking,0.9,high
states should not subsidize the growing of tobacco,tobacco smoke,growing of tobacco,0.6,medium
states should not subsidize the growing of tobacco,tobacco smoke,marlboro,0.9,high
states should not subsidize the growing of tobacco,tobacco smoke,nicotinic acetylcholine receptors,0.8,high
states should not subsidize the growing of tobacco,tobacco smoke,pubs and clubs,0.5,medium
states should not subsidize the growing of tobacco,tobacco smoke,smoking rates,0.8,high
states should not subsidize the growing of tobacco,tobacco smoke,states,0.1,low
states should not subsidize the growing of tobacco,tobacco smoke,subsidize,0.1,low
states should not subsidize the growing of tobacco,tobacco smoke,tobacco consumption,1.0,high
states should not subsidize the growing of tobacco,type of tobacco,growing of tobacco,1.0,high
states should not subsidize the growing of tobacco,type of tobacco,states,0.0,low
states should not subsidize the growing of tobacco,type of tobacco,subsidize,0.1,low
states should not subsidize the growing of tobacco,types of tobacco,advertising and promotion,0.0,low
states should not subsidize the growing of tobacco,types of tobacco,growing of tobacco,1.0,high
states should not subsidize the growing of tobacco,types of tobacco,industry,0.1,low
states should not subsidize the growing of tobacco,types of tobacco,states,0.0,low
states should not subsidize the growing of tobacco,types of tobacco,subsidize,0.1,low
states should not subsidize the growing of tobacco,world health organization,growing of tobacco,0.2,low
states should not subsidize the growing of tobacco,world health organization,industry,0.0,low
states should not subsidize the growing of tobacco,world health organization,pesticides,0.2,low
states should not subsidize the growing of tobacco,world health organization,smoking rates,0.4,medium
states should not subsidize the growing of tobacco,world health organization,snuff,0.3,low
states should not subsidize the growing of tobacco,world health organization,states,0.1,low
states should not subsidize the growing of tobacco,world health organization,subsidize,0.1,low
states should not subsidize the growing of tobacco,world health organization,tobacco consumption,0.6,medium
the american jobs act should be passed,alternative minimum tax,american jobs act,0.2,low
the american jobs act should be passed,alternative minimum tax,economic,0.6,medium
the american jobs act should be passed,alternative minimum tax,medicare,0.2,low
the american jobs act should be passed,alternative minimum tax,reduce future deficits,0.4,medium
the american jobs act should be passed,american jobs act,american jobs act,1.0,high
the american jobs act should be passed,american jobs act,economy,0.7,high
the american jobs act should be passed,arra,american jobs act,0.8,high
the american jobs act should be passed,australian unemployment rate,american jobs act,0.3,low
the american jobs act should be passed,billion,american jobs act,0.0,low
the american jobs act should be passed,billion,official unemployment rate,0.0,low
the american jobs act should be passed,billion to subsidize,american jobs act,0.1,low
the american jobs act should be passed,budget,american jobs act,0.5,medium
the american jobs act should be passed,bush tax cuts,american jobs act,0.1,low
the american jobs act should be passed,bush tax cuts,fiscal,0.5,medium
the american jobs act should be passed,canadian unemployment rate,american jobs act,0.5,medium
the american jobs act should be passed,canadian unemployment rate,economic,0.5,medium
the american jobs act should be passed,canadian unemployment rate,quarter,0.0,low
the american jobs act should be passed,canadian unemployment rate,reduce future deficits,0.0,low
the american jobs act should be passed,canadian unemployment rate,subprime mortgage crisis,0.3,low
the american jobs act should be passed,capital gains,american jobs act,0.1,low
the american jobs act should be passed,capital gains,billion to subsidize,0.3,low
the american jobs act should be passed,capital gains,fiscal,0.6,medium
the american jobs act should be passed,capital gains taxes,american jobs act,0.2,low
the american jobs act should be passed,capital gains taxes,arra,0.2,low
the american jobs act should be passed,capital gains taxes,economic,0.8,high
the american jobs act should be passed,capital gains taxes,median household income,0.3,low
the american jobs act should be passed,capital gains taxes,quarter,0.0,low
the american jobs act should be passed,congressional budget office,american jobs act,0.1,low
the american jobs act should be passed,congressional budget office,official unemployment rate,0.1,low
the american jobs act should be passed,deficit reduction,american jobs act,0.3,low
the american jobs act should be passed,discretionary spending,american jobs act,0.3,low
the american jobs act should be passed,economic,american jobs act,0.7,high
the american jobs act should be passed,economic policy institute,american jobs act,0.2,low
the american jobs act should be passed,economy,american jobs act,0.8,high
the american jobs act should be passed,employment,american jobs act,1.0,high
the american jobs act should be passed,federal government,american jobs act,0.5,medium
the american jobs act should be passed,fiscal,american jobs act,0.4,medium
the american jobs act should be passed,great depression,american jobs act,0.4,medium
the american jobs act should be passed,great recession,american jobs act,0.8,high
the american jobs act should be passed,growth,american jobs act,0.5,medium
the american jobs act should be passed,income,american jobs act,0.4,medium
the american jobs act should be passed,income,labour market,0.7,high
the american jobs act should be passed,income tax,american jobs act,0.3,low
the american jobs act should be passed,income tax,economic policy institute,0.5,medium
the american jobs act should be passed,income tax,median household income,0.8,high
the american jobs act should be passed,income tax,quarter,0.1,low
the american jobs act should be passed,income tax brackets,american jobs act,0.3,low
the american jobs act should be passed,income tax brackets,fiscal,0.5,medium
the american jobs act should be passed,income tax brackets,growth,0.3,low
the american jobs act should be passed,income tax brackets,medicare,0.2,low
the american jobs act should be passed,income tax brackets,quarter,0.1,low
the american jobs act should be passed,individual income tax,american jobs act,0.3,low
the american jobs act should be passed,jobs,american jobs act,1.0,high
the american jobs act should be passed,jobs created,american jobs act,1.0,high
the american jobs act should be passed,jobs created,reduce future deficits,0.3,low
the american jobs act should be passed,jobs lost,american jobs act,1.0,high
the american jobs act should be passed,jobs lost,great recession,0.9,high
the american jobs act should be passed,jobs lost,reduce future deficits,0.3,low
the american jobs act should be passed,jobs lost,tax reform act,0.1,low
the american jobs act should be passed,labour market,american jobs act,0.9,high
the american jobs act should be passed,marginal income tax,american jobs act,0.2,low
the american jobs act should be passed,marginal income tax,australian unemployment rate,0.2,low
the american jobs act should be passed,marginal income tax,federal government,0.5,medium
the american jobs act should be passed,marginal income tax,tax policy,1.0,high
the american jobs act should be passed,median household income,american jobs act,0.3,low
the american jobs act should be passed,medicare,american jobs act,0.3,low
the american jobs act should be passed,medicare and medicaid,american jobs act,0.2,low
the american jobs act should be passed,medicare and medicaid,economic policy institute,0.3,low
the american jobs act should be passed,medicare and medicaid,fiscal,0.2,low
the american jobs act should be passed,medicare and medicaid,official unemployment rate,0.1,low
the american jobs act should be passed,million jobs,american jobs act,0.8,high
the american jobs act should be passed,moral hazard,american jobs act,0.0,low
the american jobs act should be passed,mortgage,american jobs act,0.0,low
the american jobs act should be passed,official unemployment rate,american jobs act,0.9,high
the american jobs act should be passed,quarter,american jobs act,0.1,low
the american jobs act should be passed,rate,american jobs act,0.1,low
the american jobs act should be passed,rate,tax policy,0.2,low
the american jobs act should be passed,rate,u.s economy,0.1,low
the american jobs act should be passed,recession,american jobs act,0.8,high
the american jobs act should be passed,recession,quarter,0.2,low
the american jobs act should be passed,reduce future deficits,american jobs act,0.5,medium
the american jobs act should be passed,social security medicare,american jobs act,0.2,low
the american jobs act should be passed,spending,american jobs act,0.2,low
the american jobs act should be passed,spending,great depression,0.5,medium
the american jobs act should be passed,spending,median household income,0.4,medium
the american jobs act should be passed,spending,official unemployment rate,0.0,low
the american jobs act should be passed,subprime mortgage crisis,american jobs act,0.2,low
the american jobs act should be passed,tax,american jobs act,0.1,low
the american jobs act should be passed,tax,subprime mortgage crisis,0.2,low
the american jobs act should be passed,tax policy,american jobs act,0.2,low
the american jobs act should be passed,tax rate,american jobs act,0.3,low
the american jobs act should be passed,tax rate,discretionary spending,0.2,low
the american jobs act should be passed,tax rate,great recession,0.3,low
the american jobs act should be passed,tax rate,u.s,0.0,low
the american jobs act should be passed,tax reform act,american jobs act,0.4,medium
the american jobs act should be passed,tax revenues,american jobs act,0.3,low
the american jobs act should be passed,term capital gains,american jobs act,0.3,low
the american jobs act should be passed,term capital gains,economic,0.7,high
the american jobs act should be passed,term capital gains,mortgage,0.1,low
the american jobs act should be passed,term capital gains,reduce future deficits,0.4,medium
the american jobs act should be passed,trillion submitted,american jobs act,0.0,low
the american jobs act should be passed,u.s,american jobs act,1.0,high
the american jobs act should be passed,u.s economy,american jobs act,0.9,high
the american jobs act should be passed,unemployed,american jobs act,0.9,high
the american jobs act should be passed,unemployed,economic,0.5,medium
the american jobs act should be passed,unemployed,great recession,0.9,high
the american jobs act should be passed,unemployment,american jobs act,1.0,high
the american jobs act should be passed,unemployment,australian unemployment rate,1.0,high
the american jobs act should be passed,unemployment,individual income tax,0.2,low
the american jobs act should be passed,unemployment,u.s,0.0,low
the american jobs act should be passed,unemployment benefits,american jobs act,0.7,high
the american jobs act should be passed,unemployment benefits,individual income tax,0.3,low
the american jobs act should be passed,unemployment benefits,subprime mortgage crisis,0.2,low
the american jobs act should be passed,unemployment benefits,tax revenues,0.4,medium
the american jobs act should be passed,unemployment insurance,american jobs act,0.5,medium
the american jobs act should be passed,unemployment insurance,australian unemployment rate,0.4,medium
the american jobs act should be passed,unemployment insurance,billion to subsidize,0.2,low
the american jobs act should be passed,unemployment rate,american jobs act,1.0,high
the american jobs act should be passed,unemployment rate,economic policy institute,0.4,medium
the american jobs act should be passed,unemployment rate,great recession,0.8,high
the catholic church is justified in forbidding the use of barrier methods of contraception,abstinence only education,barrier methods of contraception,1.0,high
the catholic church is justified in forbidding the use of barrier methods of contraception,abstinence only education,catholic church,0.9,high
the catholic church is justified in forbidding the use of barrier methods of contraception,aids,barrier methods of contraception,0.9,high
the catholic church is justified in forbidding the use of barrier methods of contraception,aids,catholic church,0.3,low
the catholic church is justified in forbidding the use of barrier methods of contraception,aids,disease,1.0,high
the catholic church is justified in forbidding the use of barrier methods of contraception,aids,hiv and aids,1.0,high
the catholic church is justified in forbidding the use of barrier methods of contraception,aids,st peter's,0.0,low
the catholic church is justified in forbidding the use of barrier methods of contraception,artificial birth control,barrier methods of contraception,1.0,high
the catholic church is justified in forbidding the use of barrier methods of contraception,artificial birth control,catholic church,0.4,medium
the catholic church is justified in forbidding the use of barrier methods of contraception,artificial birth control,contraceptives,1.0,high
the catholic church is justified in forbidding the use of barrier methods of contraception,artificial birth control,sexuality education,1.0,high
the catholic church is justified in forbidding the use of barrier methods of contraception,artificial birth control,world youth day,0.1,low
the catholic church is justified in forbidding the use of barrier methods of contraception,artificial contraception,barrier methods of contraception,1.0,high
the catholic church is justified in forbidding the use of barrier methods of contraception,artificial contraception,catholic church,0.5,medium
the catholic church is justified in forbidding the use of barrier methods of contraception,barrier methods,barrier methods of contraception,1.0,high
the catholic church is justified in forbidding the use of barrier methods of contraception,barrier methods,catholic church,0.5,medium
the catholic church is justified in forbidding the use of barrier methods of contraception,birth control,barrier methods of contraception,1.0,high
the catholic church is justified in forbidding the use of barrier methods of contraception,birth control,catholic church,0.5,medium
the catholic church is justified in forbidding the use of barrier methods of contraception,birth control,church's,0.3,low
the catholic church is justified in forbidding the use of barrier methods of contraception,birth control,disease,0.1,low
the catholic church is justified in forbidding the use of barrier methods of contraception,birth control,diseases,0.3,low
the catholic church is justified in forbidding the use of barrier methods of contraception,birth control,hiv and aids,0.6,medium
the catholic church is justified in forbidding the use of barrier methods of contraception,birth control,oil based lubricants,0.0,low
the catholic church is justified in forbidding the use of barrier methods of contraception,calendar based methods,barrier methods of contraception,0.9,high
the catholic church is justified in forbidding the use of barrier methods of contraception,calendar based methods,catholic church,0.3,low
the catholic church is justified in forbidding the use of barrier methods of contraception,cardinal,barrier methods of contraception,0.0,low
the catholic church is justified in forbidding the use of barrier methods of contraception,cardinal,catholic church,0.8,high
the catholic church is justified in forbidding the use of barrier methods of contraception,catholic,barrier methods,0.3,low
the catholic church is justified in forbidding the use of barrier methods of contraception,catholic,barrier methods of contraception,0.5,medium
the catholic church is justified in forbidding the use of barrier methods of contraception,catholic,calendar based methods,0.3,low
the catholic church is justified in forbidding the use of barrier methods of contraception,catholic,catholic church,1.0,high
the catholic church is justified in forbidding the use of barrier methods of contraception,catholic,spread of hiv,0.2,low
the catholic church is justified in forbidding the use of barrier methods of contraception,catholic church,barrier methods of contraception,0.5,medium
the catholic church is justified in forbidding the use of barrier methods of contraception,catholic church,catholic church,1.0,high
the catholic church is justified in forbidding the use of barrier methods of contraception,catholic church,diseases,0.0,low
the catholic church is justified in forbidding the use of barrier methods of contraception,catholic church,infections,0.0,low
the catholic church is justified in forbidding the use of barrier methods of contraception,church,abstinence only education,0.9,high
the catholic church is justified in forbidding the use of barrier methods of contraception,church,barrier methods of contraception,0.6,medium
the catholic church is justified in forbidding the use of barrier methods of contraception,church,catholic church,1.0,high
the catholic church is justified in forbidding the use of barrier methods of contraception,church,paul vi,0.9,high
the catholic church is justified in forbidding the use of barrier methods of contraception,church's,barrier methods of contraception,0.3,low
the catholic church is justified in forbidding the use of barrier methods of contraception,church's,catholic church,1.0,high
the catholic church is justified in forbidding the use of barrier methods of contraception,comprehensive sex education,barrier methods of contraception,1.0,high
the catholic church is justified in forbidding the use of barrier methods of contraception,comprehensive sex education,catholic church,0.3,low
the catholic church is justified in forbidding the use of barrier methods of contraception,comprehensive sex education,hiv and aids,0.9,high
the catholic church is justified in forbidding the use of barrier methods of contraception,comprehensive sex education,infections,0.3,low
the catholic church is justified in forbidding the use of barrier methods of contraception,comprehensive sex education,pontifical council,0.2,low
the catholic church is justified in forbidding the use of barrier methods of contraception,comprehensive sex education,sexually transmitted disease,0.9,high
the catholic church is justified in forbidding the use of barrier methods of contraception,condom,barrier methods of contraception,1.0,high
the catholic church is justified in forbidding the use of barrier methods of contraception,condom,catholic church,0.3,low
the catholic church is justified in forbidding the use of barrier methods of contraception,condom,pontifical council,0.2,low
the catholic church is justified in forbidding the use of barrier methods of contraception,condoms,barrier methods of contraception,1.0,high
the catholic church is justified in forbidding the use of barrier methods of contraception,condoms,cardinal,0.1,low
the catholic church is justified in forbidding the use of barrier methods of contraception,condoms,catholic church,0.4,medium
the catholic church is justified in forbidding the use of barrier methods of contraception,condoms,paul vi,0.3,low
the catholic church is justified in forbidding the use of barrier methods of contraception,condoms,sexuality education,1.0,high
the catholic church is justified in forbidding the use of barrier methods of contraception,condoms,sexually transmitted infection,1.0,high
the catholic church is justified in forbidding the use of barrier methods of contraception,condoms,spread of hiv,1.0,high
the catholic church is justified in forbidding the use of barrier methods of contraception,contraception,barrier methods of contraception,1.0,high
the catholic church is justified in forbidding the use of barrier methods of contraception,contraception,catholic church,0.5,medium
the catholic church is justified in forbidding the use of barrier methods of contraception,contraception,nfp,0.9,high
the catholic church is justified in forbidding the use of barrier methods of contraception,contraception,periodic abstinence,0.9,high
the catholic church is justified in forbidding the use of barrier methods of contraception,contraception,roman catholic church,0.5,medium
the catholic church is justified in forbidding the use of barrier methods of contraception,contraception,st peter's,0.0,low
the catholic church is justified in forbidding the use of barrier methods of contraception,contraceptives,barrier methods of contraception,1.0,high
the catholic church is justified in forbidding the use of barrier methods of contraception,contraceptives,catholic church,0.7,high
the catholic church is justified in forbidding the use of barrier methods of contraception,disease,barrier methods of contraception,0.2,low
the catholic church is justified in forbidding the use of barrier methods of contraception,disease,catholic church,0.0,low
the catholic church is justified in forbidding the use of barrier methods of contraception,diseases,barrier methods of contraception,0.5,medium
the catholic church is justified in forbidding the use of barrier methods of contraception,diseases,catholic church,0.1,low
the catholic church is justified in forbidding the use of barrier methods of contraception,family planning,barrier methods of contraception,1.0,high
the catholic church is justified in forbidding the use of barrier methods of contraception,family planning,catholic church,0.3,low
the catholic church is justified in forbidding the use of barrier methods of contraception,family planning,contraceptives,1.0,high
the catholic church is justified in forbidding the use of barrier methods of contraception,family planning,disease,0.1,low
the catholic church is justified in forbidding the use of barrier methods of contraception,family planning,paul vi,0.2,low
the catholic church is justified in forbidding the use of barrier methods of contraception,family planning,pontifical council,0.3,low
the catholic church is justified in forbidding the use of barrier methods of contraception,family planning,sexually transmitted disease,0.3,low
the catholic church is justified in forbidding the use of barrier methods of contraception,family planning,spread of hiv,0.2,low
the catholic church is justified in forbidding the use of barrier methods of contraception,female condom,artificial contraception,1.0,high
the catholic church is justified in forbidding the use of barrier methods of contraception,female condom,barrier methods,1.0,high
the catholic church is justified in forbidding the use of barrier methods of contraception,female condom,barrier methods of contraception,1.0,high
the catholic church is justified in forbidding the use of barrier methods of contraception,female condom,catholic church,0.2,low
the catholic church is justified in forbidding the use of barrier methods of contraception,female condom,diseases,0.6,medium
the catholic church is justified in forbidding the use of barrier methods of contraception,female condom,roman catholic church,0.4,medium
the catholic church is justified in forbidding the use of barrier methods of contraception,female condom,sexually transmitted infection,0.8,high
the catholic church is justified in forbidding the use of barrier methods of contraception,health care,barrier methods of contraception,0.5,medium
the catholic church is justified in forbidding the use of barrier methods of contraception,health care,catholic church,0.1,low
the catholic church is justified in forbidding the use of barrier methods of contraception,hiv,barrier methods of contraception,1.0,high
the catholic church is justified in forbidding the use of barrier methods of contraception,hiv,calendar based methods,0.2,low
the catholic church is justified in forbidding the use of barrier methods of contraception,hiv,catholic church,0.2,low
the catholic church is justified in forbidding the use of barrier methods of contraception,hiv,contraceptives,0.8,high
the catholic church is justified in forbidding the use of barrier methods of contraception,hiv,men and women,0.1,low
the catholic church is justified in forbidding the use of barrier methods of contraception,hiv,sexually transmitted disease,1.0,high
the catholic church is justified in forbidding the use of barrier methods of contraception,hiv and aids,barrier methods of contraception,0.8,high
the catholic church is justified in forbidding the use of barrier methods of contraception,hiv and aids,catholic church,0.2,low
the catholic church is justified in forbidding the use of barrier methods of contraception,humanae vitae,barrier methods,0.4,medium
the catholic church is justified in forbidding the use of barrier methods of contraception,humanae vitae,barrier methods of contraception,0.5,medium
the catholic church is justified in forbidding the use of barrier methods of contraception,humanae vitae,calendar based methods,0.2,low
the catholic church is justified in forbidding the use of barrier methods of contraception,humanae vitae,catholic church,0.9,high
the catholic church is justified in forbidding the use of barrier methods of contraception,humanae vitae,disease,0.1,low
the catholic church is justified in forbidding the use of barrier methods of contraception,infections,barrier methods of contraception,0.2,low
the catholic church is justified in forbidding the use of barrier methods of contraception,infections,catholic church,0.0,low
the catholic church is justified in forbidding the use of barrier methods of contraception,intercourse,barrier methods of contraception,1.0,high
the catholic church is justified in forbidding the use of barrier methods of contraception,intercourse,catholic church,0.1,low
the catholic church is justified in forbidding the use of barrier methods of contraception,john paul,barrier methods of contraception,0.4,medium
the catholic church is justified in forbidding the use of barrier methods of contraception,john paul,catholic church,0.9,high
the catholic church is justified in forbidding the use of barrier methods of contraception,john paul,diseases,0.1,low
the catholic church is justified in forbidding the use of barrier methods of contraception,john paul,health care,0.0,low
the catholic church is justified in forbidding the use of barrier methods of contraception,john paul,infections,0.0,low
the catholic church is justified in forbidding the use of barrier methods of contraception,john paul,intercourse,0.0,low
the catholic church is justified in forbidding the use of barrier methods of contraception,john paul,periodic abstinence,0.1,low
the catholic church is justified in forbidding the use of barrier methods of contraception,john paul,st peter's,0.7,high
the catholic church is justified in forbidding the use of barrier methods of contraception,john paul ii,barrier methods of contraception,0.4,medium
the catholic church is justified in forbidding the use of barrier methods of contraception,john paul ii,catholic church,0.9,high
the catholic church is justified in forbidding the use of barrier methods of contraception,john paul ii,oil based lubricants,0.1,low
the catholic church is justified in forbidding the use of barrier methods of contraception,john paul ii,paul vi,0.9,high
the catholic church is justified in forbidding the use of barrier methods of contraception,john paul ii,world youth day,0.3,low
the catholic church is justified in forbidding the use of barrier methods of contraception,john paul ii's,barrier methods of contraception,0.3,low
the catholic church is justified in forbidding the use of barrier methods of contraception,john paul ii's,catholic church,1.0,high
the catholic church is justified in forbidding the use of barrier methods of contraception,john paul ii's,diseases,0.0,low
the catholic church is justified in forbidding the use of barrier methods of contraception,john paul ii's,health care,0.1,low
the catholic church is justified in forbidding the use of barrier methods of contraception,john paul ii's,hiv and aids,0.1,low
the catholic church is justified in forbidding the use of barrier methods of contraception,john paul ii's,infections,0.0,low
the catholic church is justified in forbidding the use of barrier methods of contraception,john paul ii's,periodic abstinence,0.4,medium
the catholic church is justified in forbidding the use of barrier methods of contraception,john paul ii's,st peter's,0.6,medium
the catholic church is justified in forbidding the use of barrier methods of contraception,john paul ii's,stds,0.1,low
the catholic church is justified in forbidding the use of barrier methods of contraception,men and women,barrier methods of contraception,0.4,medium
the catholic church is justified in forbidding the use of barrier methods of contraception,men and women,catholic church,0.0,low
the catholic church is justified in forbidding the use of barrier methods of contraception,natural family planning,barrier methods of contraception,0.9,high
the catholic church is justified in forbidding the use of barrier methods of contraception,natural family planning,cardinal,0.1,low
the catholic church is justified in forbidding the use of barrier methods of contraception,natural family planning,catholic church,0.6,medium
the catholic church is justified in forbidding the use of barrier methods of contraception,natural family planning,church's,0.4,medium
the catholic church is justified in forbidding the use of barrier methods of contraception,natural family planning,oil based lubricants,0.2,low
the catholic church is justified in forbidding the use of barrier methods of contraception,natural family planning,pius xii,0.4,medium
the catholic church is justified in forbidding the use of barrier methods of contraception,natural family planning,roman catholic church,0.8,high
the catholic church is justified in forbidding the use of barrier methods of contraception,natural family planning,world youth day,0.1,low
the catholic church is justified in forbidding the use of barrier methods of contraception,nfp,barrier methods of contraception,0.9,high
the catholic church is justified in forbidding the use of barrier methods of contraception,nfp,catholic church,0.4,medium
the catholic church is justified in forbidding the use of barrier methods of contraception,oil based lubricants,barrier methods of contraception,0.2,low
the catholic church is justified in forbidding the use of barrier methods of contraception,oil based lubricants,catholic church,0.1,low
the catholic church is justified in forbidding the use of barrier methods of contraception,paul vi,barrier methods of contraception,0.4,medium
the catholic church is justified in forbidding the use of barrier methods of contraception,paul vi,catholic church,0.9,high
the catholic church is justified in forbidding the use of barrier methods of contraception,periodic abstinence,barrier methods of contraception,0.8,high
the catholic church is justified in forbidding the use of barrier methods of contraception,periodic abstinence,catholic church,0.5,medium
the catholic church is justified in forbidding the use of barrier methods of contraception,pius xii,barrier methods of contraception,0.4,medium
the catholic church is justified in forbidding the use of barrier methods of contraception,pius xii,catholic church,0.9,high
the catholic church is justified in forbidding the use of barrier methods of contraception,pontifical council,barrier methods of contraception,0.4,medium
the catholic church is justified in forbidding the use of barrier methods of contraception,pontifical council,catholic church,1.0,high
the catholic church is justified in forbidding the use of barrier methods of contraception,pope,barrier methods of contraception,0.3,low
the catholic church is justified in forbidding the use of barrier methods of contraception,pope,catholic church,1.0,high
the catholic church is justified in forbidding the use of barrier methods of contraception,pope,st peter's,0.8,high
the catholic church is justified in forbidding the use of barrier methods of contraception,pope benedict xvi,barrier methods of contraception,0.4,medium
the catholic church is justified in forbidding the use of barrier methods of contraception,pope benedict xvi,calendar based methods,0.3,low
the catholic church is justified in forbidding the use of barrier methods of contraception,pope benedict xvi,cardinal,0.6,medium
the catholic church is justified in forbidding the use of barrier methods of contraception,pope benedict xvi,catholic church,1.0,high
the catholic church is justified in forbidding the use of barrier methods of contraception,pope benedict xvi,diseases,0.0,low
the catholic church is justified in forbidding the use of barrier methods of contraception,pope benedict xvi,infections,0.0,low
the catholic church is justified in forbidding the use of barrier methods of contraception,pope benedict xvi,men and women,0.0,low
the catholic church is justified in forbidding the use of barrier methods of contraception,pope john,artificial contraception,0.3,low
the catholic church is justified in forbidding the use of barrier methods of contraception,pope john,barrier methods of contraception,0.3,low
the catholic church is justified in forbidding the use of barrier methods of contraception,pope john,catholic church,1.0,high
the catholic church is justified in forbidding the use of barrier methods of contraception,pope john,periodic abstinence,0.2,low
the catholic church is justified in forbidding the use of barrier methods of contraception,pope john,pontifical council,0.9,high
the catholic church is justified in forbidding the use of barrier methods of contraception,pope john,sexually,0.0,low
the catholic church is justified in forbidding the use of barrier methods of contraception,pope john,sexually transmitted infection,0.0,low
the catholic church is justified in forbidding the use of barrier methods of contraception,pope john paul,barrier methods of contraception,0.4,medium
the catholic church is justified in forbidding the use of barrier methods of contraception,pope john paul,catholic church,1.0,high
the catholic church is justified in forbidding the use of barrier methods of contraception,pope john paul,church's,0.9,high
the catholic church is justified in forbidding the use of barrier methods of contraception,pope john paul,health care,0.0,low
the catholic church is justified in forbidding the use of barrier methods of contraception,pope john paul,st peter's,0.5,medium
the catholic church is justified in forbidding the use of barrier methods of contraception,pope john paul,stds,0.0,low
the catholic church is justified in forbidding the use of barrier methods of contraception,pope john paul,world youth day,0.3,low
the catholic church is justified in forbidding the use of barrier methods of contraception,pope paul vi,barrier methods of contraception,0.4,medium
the catholic church is justified in forbidding the use of barrier methods of contraception,pope paul vi,calendar based methods,0.4,medium
the catholic church is justified in forbidding the use of barrier methods of contraception,pope paul vi,cardinal,0.6,medium
the catholic church is justified in forbidding the use of barrier methods of contraception,pope paul vi,catholic church,1.0,high
the catholic church is justified in forbidding the use of barrier methods of contraception,pope paul vi,disease,0.0,low
the catholic church is justified in forbidding the use of barrier methods of contraception,pope paul vi,infections,0.0,low
the catholic church is justified in forbidding the use of barrier methods of contraception,pope paul vi,paul vi,1.0,high
the catholic church is justified in forbidding the use of barrier methods of contraception,pope paul vi,sexuality education,0.1,low
the catholic church is justified in forbidding the use of barrier methods of contraception,pope paul vi,stds,0.0,low
the catholic church is justified in forbidding the use of barrier methods of contraception,public health,barrier methods of contraception,0.6,medium
the catholic church is justified in forbidding the use of barrier methods of contraception,public health,catholic church,0.1,low
the catholic church is justified in forbidding the use of barrier methods of contraception,public health,sexually transmitted infection,0.9,high
the catholic church is justified in forbidding the use of barrier methods of contraception,roman catholic church,barrier methods of contraception,0.5,medium
the catholic church is justified in forbidding the use of barrier methods of contraception,roman catholic church,catholic church,1.0,high
the catholic church is justified in forbidding the use of barrier methods of contraception,sex,barrier methods,0.6,medium
the catholic church is justified in forbidding the use of barrier methods of contraception,sex,barrier methods of contraception,1.0,high
the catholic church is justified in forbidding the use of barrier methods of contraception,sex,catholic church,0.1,low
the catholic church is justified in forbidding the use of barrier methods of contraception,sex,hiv and aids,1.0,high
the catholic church is justified in forbidding the use of barrier methods of contraception,sex,paul vi,0.1,low
the catholic church is justified in forbidding the use of barrier methods of contraception,sex education,barrier methods of contraception,1.0,high
the catholic church is justified in forbidding the use of barrier methods of contraception,sex education,calendar based methods,0.7,high
the catholic church is justified in forbidding the use of barrier methods of contraception,sex education,catholic church,0.4,medium
the catholic church is justified in forbidding the use of barrier methods of contraception,sex education,hiv and aids,1.0,high
the catholic church is justified in forbidding the use of barrier methods of contraception,sex education,paul vi,0.1,low
the catholic church is justified in forbidding the use of barrier methods of contraception,sex education,pontifical council,0.3,low
the catholic church is justified in forbidding the use of barrier methods of contraception,sex education,sexually transmitted disease,1.0,high
the catholic church is justified in forbidding the use of barrier methods of contraception,sex education,stds,1.0,high
the catholic church is justified in forbidding the use of barrier methods of contraception,sexual,barrier methods of contraception,0.9,high
the catholic church is justified in forbidding the use of barrier methods of contraception,sexual,catholic church,0.0,low
the catholic church is justified in forbidding the use of barrier methods of contraception,sexual,contraceptives,0.8,high
the catholic church is justified in forbidding the use of barrier methods of contraception,sexual,pius xii,0.1,low
the catholic church is justified in forbidding the use of barrier methods of contraception,sexual,stds,0.8,high
the catholic church is justified in forbidding the use of barrier methods of contraception,sexual revolution,barrier methods of contraception,1.0,high
the catholic church is justified in forbidding the use of barrier methods of contraception,sexual revolution,catholic church,0.4,medium
the catholic church is justified in forbidding the use of barrier methods of contraception,sexuality education,barrier methods of contraception,1.0,high
the catholic church is justified in forbidding the use of barrier methods of contraception,sexuality education,catholic church,0.5,medium
the catholic church is justified in forbidding the use of barrier methods of contraception,sexually,barrier methods of contraception,0.7,high
the catholic church is justified in forbidding the use of barrier methods of contraception,sexually,catholic church,0.1,low
the catholic church is justified in forbidding the use of barrier methods of contraception,sexually transmitted,barrier methods of contraception,0.9,high
the catholic church is justified in forbidding the use of barrier methods of contraception,sexually transmitted,catholic church,0.2,low
the catholic church is justified in forbidding the use of barrier methods of contraception,sexually transmitted,contraceptives,0.7,high
the catholic church is justified in forbidding the use of barrier methods of contraception,sexually transmitted,health care,0.6,medium
the catholic church is justified in forbidding the use of barrier methods of contraception,sexually transmitted,spread of hiv,0.9,high
the catholic church is justified in forbidding the use of barrier methods of contraception,sexually transmitted,st peter's,0.0,low
the catholic church is justified in forbidding the use of barrier methods of contraception,sexually transmitted disease,barrier methods of contraception,0.9,high
the catholic church is justified in forbidding the use of barrier methods of contraception,sexually transmitted disease,catholic church,0.2,low
the catholic church is justified in forbidding the use of barrier methods of contraception,sexually transmitted diseases,barrier methods of contraception,0.9,high
the catholic church is justified in forbidding the use of barrier methods of contraception,sexually transmitted diseases,catholic church,0.2,low
the catholic church is justified in forbidding the use of barrier methods of contraception,sexually transmitted diseases,infections,1.0,high
the catholic church is justified in forbidding the use of barrier methods of contraception,sexually transmitted diseases,pontifical council,0.2,low
the catholic church is justified in forbidding the use of barrier methods of contraception,sexually transmitted diseases,sexual revolution,0.5,medium
the catholic church is justified in forbidding the use of barrier methods of contraception,sexually transmitted diseases,world youth day,0.1,low
the catholic church is justified in forbidding the use of barrier methods of contraception,sexually transmitted infection,barrier methods of contraception,0.9,high
the catholic church is justified in forbidding the use of barrier methods of contraception,sexually transmitted infection,catholic church,0.2,low
the catholic church is justified in forbidding the use of barrier methods of contraception,sexually transmitted infections,barrier methods of contraception,0.9,high
the catholic church is justified in forbidding the use of barrier methods of contraception,sexually transmitted infections,calendar based methods,0.3,low
the catholic church is justified in forbidding the use of barrier methods of contraception,sexually transmitted infections,catholic church,0.1,low
the catholic church is justified in forbidding the use of barrier methods of contraception,sexually transmitted infections,infections,1.0,high
the catholic church is justified in forbidding the use of barrier methods of contraception,sexually transmitted infections,nfp,0.1,low
the catholic church is justified in forbidding the use of barrier methods of contraception,sexually transmitted infections,roman catholic church,0.1,low
the catholic church is justified in forbidding the use of barrier methods of contraception,spread of hiv,barrier methods of contraception,1.0,high
the catholic church is justified in forbidding the use of barrier methods of contraception,spread of hiv,catholic church,0.2,low
the catholic church is justified in forbidding the use of barrier methods of contraception,st peter's,barrier methods of contraception,0.0,low
the catholic church is justified in forbidding the use of barrier methods of contraception,st peter's,catholic church,0.8,high
the catholic church is justified in forbidding the use of barrier methods of contraception,stds,barrier methods of contraception,1.0,high
the catholic church is justified in forbidding the use of barrier methods of contraception,stds,catholic church,0.2,low
the catholic church is justified in forbidding the use of barrier methods of contraception,world youth day,barrier methods of contraception,0.1,low
the catholic church is justified in forbidding the use of barrier methods of contraception,world youth day,catholic church,0.7,high
the keystone xl pipeline should be built,alberta,bituminous sands,0.8,high
the keystone xl pipeline should be built,alberta,construction,0.4,medium
the keystone xl pipeline should be built,alberta,extraction,0.2,low
the keystone xl pipeline should be built,alberta,keystone xl pipeline,1.0,high
the keystone xl pipeline should be built,alberta,steam injection,0.1,low
the keystone xl pipeline should be built,alberta government,keystone xl pipeline,0.8,high
the keystone xl pipeline should be built,alberta oil sands,keystone xl pipeline,1.0,high
the keystone xl pipeline should be built,alberta oil sands,phase,0.0,low
the keystone xl pipeline should be built,api,keystone xl pipeline,0.7,high
the keystone xl pipeline should be built,aquifer,bituminous sands,0.0,low
the keystone xl pipeline should be built,aquifer,compressor stations,0.1,low
the keystone xl pipeline should be built,aquifer,cushing oklahoma,0.0,low
the keystone xl pipeline should be built,aquifer,keystone xl pipeline,0.8,high
the keystone xl pipeline should be built,aquifer,route,0.2,low
the keystone xl pipeline should be built,athabasca oil sands,keystone xl pipeline,0.9,high
the keystone xl pipeline should be built,bitumen,keystone xl pipeline,1.0,high
the keystone xl pipeline should be built,bitumen,surface mining,0.5,medium
the keystone xl pipeline should be built,bituminous sands,keystone xl pipeline,0.9,high
the keystone xl pipeline should be built,canadian oil sands,keystone xl pipeline,1.0,high
the keystone xl pipeline should be built,canadian oil sands,production,0.7,high
the keystone xl pipeline should be built,canadian oil sands,steam,0.0,low
the keystone xl pipeline should be built,compressor stations,keystone xl pipeline,0.4,medium
the keystone xl pipeline should be built,construction,keystone xl pipeline,0.7,high
the keystone xl pipeline should be built,conventional crude oil,construction,0.0,low
the keystone xl pipeline should be built,conventional crude oil,keystone xl pipeline,0.9,high
the keystone xl pipeline should be built,conventional crude oil,liquid pipelines,0.7,high
the keystone xl pipeline should be built,conventional crude oil,ogallala,0.0,low
the keystone xl pipeline should be built,conventional crude oil,phase,0.0,low
the keystone xl pipeline should be built,conventional crude oil,production,0.6,medium
the keystone xl pipeline should be built,conventional crude oil,steam injection,0.5,medium
the keystone xl pipeline should be built,conventional crude oil,tar sands,0.4,medium
the keystone xl pipeline should be built,crude oil,compressor stations,0.1,low
the keystone xl pipeline should be built,crude oil,keystone xl pipeline,1.0,high
the keystone xl pipeline should be built,cushing oklahoma,keystone xl pipeline,0.5,medium
the keystone xl pipeline should be built,energy,keystone xl pipeline,0.6,medium
the keystone xl pipeline should be built,extraction,keystone xl pipeline,0.5,medium
the keystone xl pipeline should be built,gas pipelines,cushing oklahoma,0.3,low
the keystone xl pipeline should be built,gas pipelines,keystone xl pipeline,0.8,high
the keystone xl pipeline should be built,gas pipelines,ogallala,0.2,low
the keystone xl pipeline should be built,gas pipelines,route,0.5,medium
the keystone xl pipeline should be built,greenhouse gas emissions,compressor stations,0.4,medium
the keystone xl pipeline should be built,greenhouse gas emissions,cushing oklahoma,0.0,low
the keystone xl pipeline should be built,greenhouse gas emissions,keystone xl pipeline,0.8,high
the keystone xl pipeline should be built,greenhouse gas emissions,steam,0.1,low
the keystone xl pipeline should be built,greenhouse gases,api,0.4,medium
the keystone xl pipeline should be built,greenhouse gases,extraction,0.1,low
the keystone xl pipeline should be built,greenhouse gases,keystone xl pipeline,0.8,high
the keystone xl pipeline should be built,greenhouse gases,route,0.0,low
the keystone xl pipeline should be built,keystone pipeline,bituminous sands,0.6,medium
the keystone xl pipeline should be built,keystone pipeline,energy,0.6,medium
the keystone xl pipeline should be built,keystone pipeline,keystone xl pipeline,1.0,high
the keystone xl pipeline should be built,keystone pipeline,production,0.3,low
the keystone xl pipeline should be built,keystone xl,cushing oklahoma,0.4,medium
the keystone xl pipeline should be built,keystone xl,keystone xl pipeline,1.0,high
the keystone xl pipeline should be built,keystone xl pipeline,bituminous sands,0.8,high
the keystone xl pipeline should be built,keystone xl pipeline,keystone xl pipeline,1.0,high
the keystone xl pipeline should be built,liquid pipelines,keystone xl pipeline,0.9,high
the keystone xl pipeline should be built,natural bitumen,alberta government,0.3,low
the keystone xl pipeline should be built,natural bitumen,compressor stations,0.1,low
the keystone xl pipeline should be built,natural bitumen,keystone xl pipeline,0.8,high
the keystone xl pipeline should be built,natural bitumen,tar sands,0.7,high
the keystone xl pipeline should be built,natural gas,cushing oklahoma,0.1,low
the keystone xl pipeline should be built,natural gas,keystone xl pipeline,0.6,medium
the keystone xl pipeline should be built,natural gas,phase,0.0,low
the keystone xl pipeline should be built,natural gas,route,0.0,low
the keystone xl pipeline should be built,ogallala,keystone xl pipeline,0.8,high
the keystone xl pipeline should be built,ogallala aquifer,alberta government,0.1,low
the keystone xl pipeline should be built,ogallala aquifer,keystone xl pipeline,0.9,high
the keystone xl pipeline should be built,ogallala aquifer,route,0.2,low
the keystone xl pipeline should be built,ogallala aquifer,unconventional oil,0.1,low
the keystone xl pipeline should be built,oil,keystone xl pipeline,1.0,high
the keystone xl pipeline should be built,oil,phase,0.0,low
the keystone xl pipeline should be built,oil,unconventional oil,1.0,high
the keystone xl pipeline should be built,oil and gas,keystone xl pipeline,1.0,high
the keystone xl pipeline should be built,oil production,compressor stations,0.2,low
the keystone xl pipeline should be built,oil production,energy,0.8,high
the keystone xl pipeline should be built,oil production,keystone xl pipeline,1.0,high
the keystone xl pipeline should be built,oil sands,keystone xl pipeline,0.9,high
the keystone xl pipeline should be built,oil sands,phase,0.0,low
the keystone xl pipeline should be built,oil sands extraction,energy,0.7,high
the keystone xl pipeline should be built,oil sands extraction,keystone xl pipeline,1.0,high
the keystone xl pipeline should be built,phase,keystone xl pipeline,0.1,low
the keystone xl pipeline should be built,pipeline,keystone xl pipeline,1.0,high
the keystone xl pipeline should be built,pipelines,keystone xl pipeline,1.0,high
the keystone xl pipeline should be built,product being transported,bituminous sands,0.0,low
the keystone xl pipeline should be built,product being transported,cushing oklahoma,0.3,low
the keystone xl pipeline should be built,product being transported,keystone xl pipeline,0.7,high
the keystone xl pipeline should be built,product being transported,route,0.8,high
the keystone xl pipeline should be built,product being transported,steam,0.0,low
the keystone xl pipeline should be built,production,keystone xl pipeline,0.4,medium
the keystone xl pipeline should be built,pump stations,keystone xl pipeline,0.9,high
the keystone xl pipeline should be built,refineries,keystone xl pipeline,0.6,medium
the keystone xl pipeline should be built,route,keystone xl pipeline,0.7,high
the keystone xl pipeline should be built,sand,bituminous sands,0.8,high
the keystone xl pipeline should be built,sand,keystone xl pipeline,0.6,medium
the keystone xl pipeline should be built,sands,compressor stations,0.0,low
the keystone xl pipeline should be built,sands,keystone xl pipeline,0.5,medium
the keystone xl pipeline should be built,sands,unconventional oil,0.5,medium
the keystone xl pipeline should be built,steam,keystone xl pipeline,0.0,low
the keystone xl pipeline should be built,steam injection,keystone xl pipeline,0.2,low
the keystone xl pipeline should be built,surface mining,keystone xl pipeline,0.4,medium
the keystone xl pipeline should be built,synthetic crude oil,keystone xl pipeline,1.0,high
the keystone xl pipeline should be built,tar sands,keystone xl pipeline,0.6,medium
the keystone xl pipeline should be built,transcanada,api,0.3,low
the keystone xl pipeline should be built,transcanada,energy,0.4,medium
the keystone xl pipeline should be built,transcanada,keystone xl pipeline,0.9,high
the keystone xl pipeline should be built,transcanada,liquid pipelines,0.5,medium
the keystone xl pipeline should be built,transcanada,surface mining,0.2,low
the keystone xl pipeline should be built,unconventional oil,keystone xl pipeline,1.0,high
the keystone xl pipeline should be built,water,keystone xl pipeline,0.2,low
the leaking of military documents by anat kamm is justified,access to information,anat kamm,0.8,high
the leaking of military documents by anat kamm is justified,access to information,leaking,0.9,high
the leaking of military documents by anat kamm is justified,access to information,military documents,0.7,high
the leaking of military documents by anat kamm is justified,access to information,punished with imprisonment,0.1,low
the leaking of military documents by anat kamm is justified,access to information,safe harbor,0.0,low
the leaking of military documents by anat kamm is justified,access to information,war documents leak,0.7,high
the leaking of military documents by anat kamm is justified,access to information,wikileaks documents,0.8,high
the leaking of military documents by anat kamm is justified,afghan,anat kamm,0.0,low
the leaking of military documents by anat kamm is justified,afghan,leaking,0.0,low
the leaking of military documents by anat kamm is justified,afghan,military documents,0.3,low
the leaking of military documents by anat kamm is justified,afghan war,anat kamm,0.2,low
the leaking of military documents by anat kamm is justified,afghan war,leaking,0.1,low
the leaking of military documents by anat kamm is justified,afghan war,military documents,0.4,medium
the leaking of military documents by anat kamm is justified,anti slapp motion,anat kamm,0.2,low
the leaking of military documents by anat kamm is justified,anti slapp motion,classification,0.0,low
the leaking of military documents by anat kamm is justified,anti slapp motion,leaking,0.3,low
the leaking of military documents by anat kamm is justified,anti slapp motion,military documents,0.2,low
the leaking of military documents by anat kamm is justified,anti slapp motion,safe harbor,0.1,low
the leaking of military documents by anat kamm is justified,censorship,afghan,0.0,low
the leaking of military documents by anat kamm is justified,censorship,anat kamm,0.5,medium
the leaking of military documents by anat kamm is justified,censorship,enemy at war,0.2,low
the leaking of military documents by anat kamm is justified,censorship,leak,0.8,high
the leaking of military documents by anat kamm is justified,censorship,leaking,0.8,high
the leaking of military documents by anat kamm is justified,censorship,military documents,1.0,high
the leaking of military documents by anat kamm is justified,censorship,punished with imprisonment,0.1,low
the leaking of military documents by anat kamm is justified,central intelligence agency,anat kamm,0.3,low
the leaking of military documents by anat kamm is justified,central intelligence agency,leaking,0.3,low
the leaking of military documents by anat kamm is justified,central intelligence agency,military documents,0.8,high
the leaking of military documents by anat kamm is justified,classification,anat kamm,0.5,medium
the leaking of military documents by anat kamm is justified,classification,leaking,0.5,medium
the leaking of military documents by anat kamm is justified,classification,military documents,0.9,high
the leaking of military documents by anat kamm is justified,classified,anat kamm,0.7,high
the leaking of military documents by anat kamm is justified,classified,leaking,0.7,high
the leaking of military documents by anat kamm is justified,classified,military documents,1.0,high
the leaking of military documents by anat kamm is justified,classified information,anat kamm,0.9,high
the leaking of military documents by anat kamm is justified,classified information,haaretz,0.2,low
the leaking of military documents by anat kamm is justified,classified information,leak,1.0,high
the leaking of military documents by anat kamm is justified,classified information,leaking,0.9,high
the leaking of military documents by anat kamm is justified,classified information,military documents,1.0,high
the leaking of military documents by anat kamm is justified,classified information,punished with imprisonment,0.1,low
the leaking of military documents by anat kamm is justified,cyber dissident,anat kamm,0.4,medium
the leaking of military documents by anat kamm is justified,cyber dissident,leaking,0.7,high
the leaking of military documents by anat kamm is justified,cyber dissident,military documents,0.2,low
the leaking of military documents by anat kamm is justified,daniel domscheit berg,anat kamm,0.3,low
the leaking of military documents by anat kamm is justified,daniel domscheit berg,leaking,0.6,medium
the leaking of military documents by anat kamm is justified,daniel domscheit berg,military documents,0.5,medium
the leaking of military documents by anat kamm is justified,der spiegel,anat kamm,0.1,low
the leaking of military documents by anat kamm is justified,der spiegel,leaking,0.3,low
the leaking of military documents by anat kamm is justified,der spiegel,military documents,0.2,low
the leaking of military documents by anat kamm is justified,disclosure,anat kamm,0.5,medium
the leaking of military documents by anat kamm is justified,disclosure,leaking,0.8,high
the leaking of military documents by anat kamm is justified,disclosure,military documents,0.6,medium
the leaking of military documents by anat kamm is justified,documents,anat kamm,0.9,high
the leaking of military documents by anat kamm is justified,documents,classified,0.8,high
the leaking of military documents by anat kamm is justified,documents,haaretz,0.1,low
the leaking of military documents by anat kamm is justified,documents,leaking,0.5,medium
the leaking of military documents by anat kamm is justified,documents,military documents,1.0,high
the leaking of military documents by anat kamm is justified,documents,official secrets act,0.4,medium
the leaking of military documents by anat kamm is justified,documents,penalty for treason,0.1,low
the leaking of military documents by anat kamm is justified,documents,punished with imprisonment,0.1,low
the leaking of military documents by anat kamm is justified,documents,war logs,0.7,high
the leaking of military documents by anat kamm is justified,ellsberg and russo,anat kamm,0.8,high
the leaking of military documents by anat kamm is justified,ellsberg and russo,leaking,1.0,high
the leaking of military documents by anat kamm is justified,ellsberg and russo,military documents,0.7,high
the leaking of military documents by anat kamm is justified,enemy at war,anat kamm,0.1,low
the leaking of military documents by anat kamm is justified,enemy at war,leaking,0.3,low
the leaking of military documents by anat kamm is justified,enemy at war,military documents,0.4,medium
the leaking of military documents by anat kamm is justified,espionage,anat kamm,0.7,high
the leaking of military documents by anat kamm is justified,espionage,daniel domscheit berg,0.4,medium
the leaking of military documents by anat kamm is justified,espionage,der spiegel,0.1,low
the leaking of military documents by anat kamm is justified,espionage,enemy at war,0.6,medium
the leaking of military documents by anat kamm is justified,espionage,leaking,0.9,high
the leaking of military documents by anat kamm is justified,espionage,life imprisonment,0.2,low
the leaking of military documents by anat kamm is justified,espionage,military documents,0.7,high
the leaking of military documents by anat kamm is justified,espionage,punished with imprisonment,0.5,medium
the leaking of military documents by anat kamm is justified,espionage,wikileaks documents,0.6,medium
the leaking of military documents by anat kamm is justified,espionage act,anat kamm,0.5,medium
the leaking of military documents by anat kamm is justified,espionage act,false claims act,0.2,low
the leaking of military documents by anat kamm is justified,espionage act,leaking,0.6,medium
the leaking of military documents by anat kamm is justified,espionage act,military documents,1.0,high
the leaking of military documents by anat kamm is justified,espionage act,punished with imprisonment,0.6,medium
the leaking of military documents by anat kamm is justified,espionage act,robert mã©nard,0.1,low
the leaking of military documents by anat kamm is justified,espionage act,safe harbor,0.0,low
the leaking of military documents by anat kamm is justified,espionage act,wikileaks released,0.4,medium
the leaking of military documents by anat kamm is justified,false claims act,anat kamm,0.3,low
the leaking of military documents by anat kamm is justified,false claims act,leaking,0.2,low
the leaking of military documents by anat kamm is justified,false claims act,military documents,0.3,low
the leaking of military documents by anat kamm is justified,freedom of expression,anat kamm,0.7,high
the leaking of military documents by anat kamm is justified,freedom of expression,daniel domscheit berg,0.5,medium
the leaking of military documents by anat kamm is justified,freedom of expression,enemy at war,0.1,low
the leaking of military documents by anat kamm is justified,freedom of expression,leak,0.6,medium
the leaking of military documents by anat kamm is justified,freedom of expression,leaking,0.7,high
the leaking of military documents by anat kamm is justified,freedom of expression,military documents,0.3,low
the leaking of military documents by anat kamm is justified,freedom of expression,penalty for treason,0.2,low
the leaking of military documents by anat kamm is justified,freedom of information,afghan,0.0,low
the leaking of military documents by anat kamm is justified,freedom of information,afghan war,0.1,low
the leaking of military documents by anat kamm is justified,freedom of information,anat kamm,0.7,high
the leaking of military documents by anat kamm is justified,freedom of information,central intelligence agency,0.5,medium
the leaking of military documents by anat kamm is justified,freedom of information,leaking,0.7,high
the leaking of military documents by anat kamm is justified,freedom of information,life imprisonment,0.1,low
the leaking of military documents by anat kamm is justified,freedom of information,military documents,0.7,high
the leaking of military documents by anat kamm is justified,freedom of information,penalty for treason,0.4,medium
the leaking of military documents by anat kamm is justified,freedom of information,whistleblower,0.9,high
the leaking of military documents by anat kamm is justified,freedom of speech,anat kamm,0.6,medium
the leaking of military documents by anat kamm is justified,freedom of speech,enemy at war,0.1,low
the leaking of military documents by anat kamm is justified,freedom of speech,intelligence service,0.0,low
the leaking of military documents by anat kamm is justified,freedom of speech,leak,0.6,medium
the leaking of military documents by anat kamm is justified,freedom of speech,leaking,0.7,high
the leaking of military documents by anat kamm is justified,freedom of speech,military documents,0.3,low
the leaking of military documents by anat kamm is justified,freedom of speech,official secrets act,0.6,medium
the leaking of military documents by anat kamm is justified,freedom of speech,safe harbor,0.1,low
the leaking of military documents by anat kamm is justified,freedom of speech,war documents leak,0.6,medium
the leaking of military documents by anat kamm is justified,freedom of speech,war logs,0.3,low
the leaking of military documents by anat kamm is justified,haaretz,anat kamm,0.9,high
the leaking of military documents by anat kamm is justified,haaretz,leaking,0.3,low
the leaking of military documents by anat kamm is justified,haaretz,military documents,0.2,low
the leaking of military documents by anat kamm is justified,information,anat kamm,0.4,medium
the leaking of military documents by anat kamm is justified,information,classification,0.7,high
the leaking of military documents by anat kamm is justified,information,der spiegel,0.4,medium
the leaking of military documents by anat kamm is justified,information,disclosure,0.7,high
the leaking of military documents by anat kamm is justified,information,ellsberg and russo,0.3,low
the leaking of military documents by anat kamm is justified,information,haaretz,0.4,medium
the leaking of military documents by anat kamm is justified,information,intelligence service,0.8,high
the leaking of military documents by anat kamm is justified,information,leak,0.9,high
the leaking of military documents by anat kamm is justified,information,leaking,0.8,high
the leaking of military documents by anat kamm is justified,information,military documents,0.9,high
the leaking of military documents by anat kamm is justified,information,punished with imprisonment,0.1,low
the leaking of military documents by anat kamm is justified,information,speech,0.4,medium
the leaking of military documents by anat kamm is justified,information,wikileaks released,0.8,high
the leaking of military documents by anat kamm is justified,intelligence service,anat kamm,0.6,medium
the leaking of military documents by anat kamm is justified,intelligence service,leaking,0.6,medium
the leaking of military documents by anat kamm is justified,intelligence service,military documents,0.8,high
the leaking of military documents by anat kamm is justified,julian assange,anat kamm,0.6,medium
the leaking of military documents by anat kamm is justified,julian assange,daniel domscheit berg,0.9,high
the leaking of military documents by anat kamm is justified,julian assange,disclosure,0.7,high
the leaking of military documents by anat kamm is justified,julian assange,ellsberg and russo,0.6,medium
the leaking of military documents by anat kamm is justified,julian assange,leaking,0.9,high
the leaking of military documents by anat kamm is justified,julian assange,military documents,0.6,medium
the leaking of military documents by anat kamm is justified,julian assange,punished with imprisonment,0.4,medium
the leaking of military documents by anat kamm is justified,julian assange,robert mã©nard,0.5,medium
the leaking of military documents by anat kamm is justified,leak,anat kamm,1.0,high
the leaking of military documents by anat kamm is justified,leak,leaking,1.0,high
the leaking of military documents by anat kamm is justified,leak,military documents,0.8,high
the leaking of military documents by anat kamm is justified,life imprisonment,anat kamm,0.1,low
the leaking of military documents by anat kamm is justified,life imprisonment,leaking,0.1,low
the leaking of military documents by anat kamm is justified,life imprisonment,military documents,0.1,low
the leaking of military documents by anat kamm is justified,military,anat kamm,0.6,medium
the leaking of military documents by anat kamm is justified,military,leaking,0.5,medium
the leaking of military documents by anat kamm is justified,military,military documents,1.0,high
the leaking of military documents by anat kamm is justified,national security,afghan,0.0,low
the leaking of military documents by anat kamm is justified,national security,afghan war,0.3,low
the leaking of military documents by anat kamm is justified,national security,anat kamm,0.8,high
the leaking of military documents by anat kamm is justified,national security,disclosure,0.4,medium
the leaking of military documents by anat kamm is justified,national security,leaking,0.7,high
the leaking of military documents by anat kamm is justified,national security,military,1.0,high
the leaking of military documents by anat kamm is justified,national security,military documents,0.9,high
the leaking of military documents by anat kamm is justified,national security,official secrets act,1.0,high
the leaking of military documents by anat kamm is justified,national security,safe harbor,0.1,low
the leaking of military documents by anat kamm is justified,national security,spy,0.9,high
the leaking of military documents by anat kamm is justified,national security,war logs,0.6,medium
the leaking of military documents by anat kamm is justified,national security,whistleblower,0.8,high
the leaking of military documents by anat kamm is justified,official secrets act,anat kamm,0.4,medium
the leaking of military documents by anat kamm is justified,official secrets act,leaking,0.8,high
the leaking of military documents by anat kamm is justified,official secrets act,military documents,0.8,high
the leaking of military documents by anat kamm is justified,penalty for treason,anat kamm,0.9,high
the leaking of military documents by anat kamm is justified,penalty for treason,leaking,0.6,medium
the leaking of military documents by anat kamm is justified,penalty for treason,military documents,0.3,low
the leaking of military documents by anat kamm is justified,pentagon papers,anat kamm,0.2,low
the leaking of military documents by anat kamm is justified,pentagon papers,daniel domscheit berg,0.3,low
the leaking of military documents by anat kamm is justified,pentagon papers,ellsberg and russo,0.7,high
the leaking of military documents by anat kamm is justified,pentagon papers,haaretz,0.1,low
the leaking of military documents by anat kamm is justified,pentagon papers,leaking,0.7,high
the leaking of military documents by anat kamm is justified,pentagon papers,military documents,1.0,high
the leaking of military documents by anat kamm is justified,pentagon papers,official secrets act,0.6,medium
the leaking of military documents by anat kamm is justified,pentagon papers,punished with imprisonment,0.2,low
the leaking of military documents by anat kamm is justified,pentagon papers,speech,0.1,low
the leaking of military documents by anat kamm is justified,pentagon papers,war logs,0.8,high
the leaking of military documents by anat kamm is justified,press freedom,anat kamm,0.7,high
the leaking of military documents by anat kamm is justified,press freedom,classification,0.3,low
the leaking of military documents by anat kamm is justified,press freedom,ellsberg and russo,0.5,medium
the leaking of military documents by anat kamm is justified,press freedom,enemy at war,0.1,low
the leaking of military documents by anat kamm is justified,press freedom,leak,0.4,medium
the leaking of military documents by anat kamm is justified,press freedom,leaking,0.7,high
the leaking of military documents by anat kamm is justified,press freedom,military documents,0.6,medium
the leaking of military documents by anat kamm is justified,press freedom,speech,0.3,low
the leaking of military documents by anat kamm is justified,prosecutions for treason,anat kamm,0.8,high
the leaking of military documents by anat kamm is justified,prosecutions for treason,leaking,0.6,medium
the leaking of military documents by anat kamm is justified,prosecutions for treason,military documents,0.4,medium
the leaking of military documents by anat kamm is justified,punished with imprisonment,anat kamm,0.9,high
the leaking of military documents by anat kamm is justified,punished with imprisonment,leaking,0.4,medium
the leaking of military documents by anat kamm is justified,punished with imprisonment,military documents,0.2,low
the leaking of military documents by anat kamm is justified,reporters without borders,afghan war,0.4,medium
the leaking of military documents by anat kamm is justified,reporters without borders,anat kamm,0.6,medium
the leaking of military documents by anat kamm is justified,reporters without borders,cyber dissident,0.3,low
the leaking of military documents by anat kamm is justified,reporters without borders,daniel domscheit berg,0.4,medium
the leaking of military documents by anat kamm is justified,reporters without borders,der spiegel,0.4,medium
the leaking of military documents by anat kamm is justified,reporters without borders,disclosure,0.3,low
the leaking of military documents by anat kamm is justified,reporters without borders,ellsberg and russo,0.3,low
the leaking of military documents by anat kamm is justified,reporters without borders,leak,0.5,medium
the leaking of military documents by anat kamm is justified,reporters without borders,leaking,0.6,medium
the leaking of military documents by anat kamm is justified,reporters without borders,military documents,0.5,medium
the leaking of military documents by anat kamm is justified,reporters without borders,robert mã©nard,0.7,high
the leaking of military documents by anat kamm is justified,reporters without borders,war documents leak,0.6,medium
the leaking of military documents by anat kamm is justified,reporters without borders,war logs,0.3,low
the leaking of military documents by anat kamm is justified,robert mã©nard,anat kamm,0.2,low
the leaking of military documents by anat kamm is justified,robert mã©nard,leaking,0.1,low
the leaking of military documents by anat kamm is justified,robert mã©nard,military documents,0.2,low
the leaking of military documents by anat kamm is justified,safe harbor,anat kamm,0.0,low
the leaking of military documents by anat kamm is justified,safe harbor,leaking,0.0,low
the leaking of military documents by anat kamm is justified,safe harbor,military documents,0.1,low
the leaking of military documents by anat kamm is justified,secret,anat kamm,0.8,high
the leaking of military documents by anat kamm is justified,secret,central intelligence agency,0.9,high
the leaking of military documents by anat kamm is justified,secret,classified,1.0,high
the leaking of military documents by anat kamm is justified,secret,der spiegel,0.1,low
the leaking of military documents by anat kamm is justified,secret,leaking,0.7,high
the leaking of military documents by anat kamm is justified,secret,military documents,1.0,high
the leaking of military documents by anat kamm is justified,secret,safe harbor,0.1,low
the leaking of military documents by anat kamm is justified,secret,whistleblower,0.8,high
the leaking of military documents by anat kamm is justified,secrets,afghan,0.0,low
the leaking of military documents by anat kamm is justified,secrets,anat kamm,0.7,high
the leaking of military documents by anat kamm is justified,secrets,der spiegel,0.1,low
the leaking of military documents by anat kamm is justified,secrets,leak,0.8,high
the leaking of military documents by anat kamm is justified,secrets,leaking,0.9,high
the leaking of military documents by anat kamm is justified,secrets,life imprisonment,0.0,low
the leaking of military documents by anat kamm is justified,secrets,military,0.6,medium
the leaking of military documents by anat kamm is justified,secrets,military documents,1.0,high
the leaking of military documents by anat kamm is justified,secrets,safe harbor,0.1,low
the leaking of military documents by anat kamm is justified,security,anat kamm,0.2,low
the leaking of military documents by anat kamm is justified,security,leaking,0.6,medium
the leaking of military documents by anat kamm is justified,security,military documents,1.0,high
the leaking of military documents by anat kamm is justified,security,whistleblower,0.4,medium
the leaking of military documents by anat kamm is justified,slapp,anat kamm,0.2,low
the leaking of military documents by anat kamm is justified,slapp,cyber dissident,0.3,low
the leaking of military documents by anat kamm is justified,slapp,disclosure,0.2,low
the leaking of military documents by anat kamm is justified,slapp,false claims act,0.2,low
the leaking of military documents by anat kamm is justified,slapp,haaretz,0.1,low
the leaking of military documents by anat kamm is justified,slapp,leaking,0.1,low
the leaking of military documents by anat kamm is justified,slapp,military documents,0.3,low
the leaking of military documents by anat kamm is justified,slapp,official secrets act,0.3,low
the leaking of military documents by anat kamm is justified,slapp,punished with imprisonment,0.2,low
the leaking of military documents by anat kamm is justified,slapp,safe harbor,0.1,low
the leaking of military documents by anat kamm is justified,slapp,speech,0.4,medium
the leaking of military documents by anat kamm is justified,slapp,spy,0.1,low
the leaking of military documents by anat kamm is justified,slapp,war documents leak,0.1,low
the leaking of military documents by anat kamm is justified,slapp,war logs,0.1,low
the leaking of military documents by anat kamm is justified,speech,anat kamm,0.1,low
the leaking of military documents by anat kamm is justified,speech,leaking,0.0,low
the leaking of military documents by anat kamm is justified,speech,military documents,0.1,low
the leaking of military documents by anat kamm is justified,spy,anat kamm,0.6,medium
the leaking of military documents by anat kamm is justified,spy,leaking,0.6,medium
the leaking of military documents by anat kamm is justified,spy,military documents,0.5,medium
the leaking of military documents by anat kamm is justified,state secrets,anat kamm,0.9,high
the leaking of military documents by anat kamm is justified,state secrets,daniel domscheit berg,0.6,medium
the leaking of military documents by anat kamm is justified,state secrets,disclosure,0.8,high
the leaking of military documents by anat kamm is justified,state secrets,leaking,0.8,high
the leaking of military documents by anat kamm is justified,state secrets,military documents,1.0,high
the leaking of military documents by anat kamm is justified,state secrets,prosecutions for treason,0.7,high
the leaking of military documents by anat kamm is justified,state secrets,robert mã©nard,0.3,low
the leaking of military documents by anat kamm is justified,state secrets,spy,0.9,high
the leaking of military documents by anat kamm is justified,state secrets,whistleblower,0.7,high
the leaking of military documents by anat kamm is justified,state secrets,wikileaks released,0.9,high
the leaking of military documents by anat kamm is justified,state secrets privilege,anat kamm,0.4,medium
the leaking of military documents by anat kamm is justified,state secrets privilege,disclosure,0.7,high
the leaking of military documents by anat kamm is justified,state secrets privilege,ellsberg and russo,0.6,medium
the leaking of military documents by anat kamm is justified,state secrets privilege,leak,0.6,medium
the leaking of military documents by anat kamm is justified,state secrets privilege,leaking,0.7,high
the leaking of military documents by anat kamm is justified,state secrets privilege,military documents,0.8,high
the leaking of military documents by anat kamm is justified,state secrets privilege,punished with imprisonment,0.2,low
the leaking of military documents by anat kamm is justified,state secrets privilege,robert mã©nard,0.2,low
the leaking of military documents by anat kamm is justified,state secrets privilege,speech,0.0,low
the leaking of military documents by anat kamm is justified,suppression of dissent,afghan,0.0,low
the leaking of military documents by anat kamm is justified,suppression of dissent,anat kamm,0.2,low
the leaking of military documents by anat kamm is justified,suppression of dissent,daniel domscheit berg,0.3,low
the leaking of military documents by anat kamm is justified,suppression of dissent,der spiegel,0.1,low
the leaking of military documents by anat kamm is justified,suppression of dissent,disclosure,0.3,low
the leaking of military documents by anat kamm is justified,suppression of dissent,ellsberg and russo,0.1,low
the leaking of military documents by anat kamm is justified,suppression of dissent,leaking,0.2,low
the leaking of military documents by anat kamm is justified,suppression of dissent,military documents,0.1,low
the leaking of military documents by anat kamm is justified,suppression of dissent,robert mã©nard,0.4,medium
the leaking of military documents by anat kamm is justified,suppression of dissent,safe harbor,0.0,low
the leaking of military documents by anat kamm is justified,suppression of dissent,war documents leak,0.1,low
the leaking of military documents by anat kamm is justified,targeted killing,afghan,0.0,low
the leaking of military documents by anat kamm is justified,targeted killing,anat kamm,0.4,medium
the leaking of military documents by anat kamm is justified,targeted killing,enemy at war,0.9,high
the leaking of military documents by anat kamm is justified,targeted killing,leaking,0.1,low
the leaking of military documents by anat kamm is justified,targeted killing,military,0.9,high
the leaking of military documents by anat kamm is justified,targeted killing,military documents,0.4,medium
the leaking of military documents by anat kamm is justified,targeted killing,penalty for treason,0.1,low
the leaking of military documents by anat kamm is justified,targeted killing,speech,0.0,low
the leaking of military documents by anat kamm is justified,targeted killing,spy,0.3,low
the leaking of military documents by anat kamm is justified,targeted killings,anat kamm,0.3,low
the leaking of military documents by anat kamm is justified,targeted killings,classification,0.1,low
the leaking of military documents by anat kamm is justified,targeted killings,der spiegel,0.1,low
the leaking of military documents by anat kamm is justified,targeted killings,disclosure,0.1,low
the leaking of military documents by anat kamm is justified,targeted killings,haaretz,0.1,low
the leaking of military documents by anat kamm is justified,targeted killings,leaking,0.1,low
the leaking of military documents by anat kamm is justified,targeted killings,military,1.0,high
the leaking of military documents by anat kamm is justified,targeted killings,military documents,0.3,low
the leaking of military documents by anat kamm is justified,top secret,anat kamm,0.6,medium
the leaking of military documents by anat kamm is justified,top secret,cyber dissident,0.2,low
the leaking of military documents by anat kamm is justified,top secret,haaretz,0.1,low
the leaking of military documents by anat kamm is justified,top secret,leaking,0.8,high
the leaking of military documents by anat kamm is justified,top secret,military,1.0,high
the leaking of military documents by anat kamm is justified,top secret,military documents,1.0,high
the leaking of military documents by anat kamm is justified,top secret,official secrets act,1.0,high
the leaking of military documents by anat kamm is justified,top secret,penalty for treason,0.4,medium
the leaking of military documents by anat kamm is justified,top secret,prosecutions for treason,0.3,low
the leaking of military documents by anat kamm is justified,top secret,punished with imprisonment,0.1,low
the leaking of military documents by anat kamm is justified,top secret,safe harbor,0.1,low
the leaking of military documents by anat kamm is justified,top secret,whistleblower,0.6,medium
the leaking of military documents by anat kamm is justified,top secret,wikileaks documents,0.9,high
the leaking of military documents by anat kamm is justified,treason,afghan war,0.1,low
the leaking of military documents by anat kamm is justified,treason,anat kamm,0.9,high
the leaking of military documents by anat kamm is justified,treason,classification,0.2,low
the leaking of military documents by anat kamm is justified,treason,disclosure,0.7,high
the leaking of military documents by anat kamm is justified,treason,haaretz,0.2,low
the leaking of military documents by anat kamm is justified,treason,intelligence service,0.4,medium
the leaking of military documents by anat kamm is justified,treason,leaking,0.7,high
the leaking of military documents by anat kamm is justified,treason,military documents,0.5,medium
the leaking of military documents by anat kamm is justified,treason,whistleblower,0.7,high
the leaking of military documents by anat kamm is justified,treason,wikileaks documents,0.7,high
the leaking of military documents by anat kamm is justified,war documents leak,anat kamm,1.0,high
the leaking of military documents by anat kamm is justified,war documents leak,leaking,1.0,high
the leaking of military documents by anat kamm is justified,war documents leak,military documents,0.9,high
the leaking of military documents by anat kamm is justified,war in afghanistan,anat kamm,0.1,low
the leaking of military documents by anat kamm is justified,war in afghanistan,leaking,0.4,medium
the leaking of military documents by anat kamm is justified,war in afghanistan,military documents,0.6,medium
the leaking of military documents by anat kamm is justified,war in afghanistan,prosecutions for treason,0.2,low
the leaking of military documents by anat kamm is justified,war in afghanistan,robert mã©nard,0.1,low
the leaking of military documents by anat kamm is justified,war in afghanistan,war documents leak,0.8,high
the leaking of military documents by anat kamm is justified,war in afghanistan,wikileaks released,0.6,medium
the leaking of military documents by anat kamm is justified,war logs,anat kamm,0.4,medium
the leaking of military documents by anat kamm is justified,war logs,leaking,0.6,medium
the leaking of military documents by anat kamm is justified,war logs,military documents,0.9,high
the leaking of military documents by anat kamm is justified,wau holland foundation,anat kamm,0.3,low
the leaking of military documents by anat kamm is justified,wau holland foundation,daniel domscheit berg,0.5,medium
the leaking of military documents by anat kamm is justified,wau holland foundation,false claims act,0.2,low
the leaking of military documents by anat kamm is justified,wau holland foundation,intelligence service,0.1,low
the leaking of military documents by anat kamm is justified,wau holland foundation,leak,0.4,medium
the leaking of military documents by anat kamm is justified,wau holland foundation,leaking,0.4,medium
the leaking of military documents by anat kamm is justified,wau holland foundation,military documents,0.3,low
the leaking of military documents by anat kamm is justified,wau holland foundation,official secrets act,0.4,medium
the leaking of military documents by anat kamm is justified,wau holland foundation,wikileaks documents,0.5,medium
the leaking of military documents by anat kamm is justified,whistleblower,anat kamm,0.8,high
the leaking of military documents by anat kamm is justified,whistleblower,leaking,1.0,high
the leaking of military documents by anat kamm is justified,whistleblower,military documents,0.5,medium
the leaking of military documents by anat kamm is justified,wikileaks,anat kamm,0.4,medium
the leaking of military documents by anat kamm is justified,wikileaks,classified,0.8,high
the leaking of military documents by anat kamm is justified,wikileaks,leaking,1.0,high
the leaking of military documents by anat kamm is justified,wikileaks,military,0.2,low
the leaking of military documents by anat kamm is justified,wikileaks,military documents,1.0,high
the leaking of military documents by anat kamm is justified,wikileaks,penalty for treason,0.6,medium
the leaking of military documents by anat kamm is justified,wikileaks,prosecutions for treason,0.6,medium
the leaking of military documents by anat kamm is justified,wikileaks,war logs,0.8,high
the leaking of military documents by anat kamm is justified,wikileaks documents,anat kamm,0.4,medium
the leaking of military documents by anat kamm is justified,wikileaks documents,leaking,1.0,high
the leaking of military documents by anat kamm is justified,wikileaks documents,military documents,1.0,high
the leaking of military documents by anat kamm is justified,wikileaks released,anat kamm,0.3,low
the leaking of military documents by anat kamm is justified,wikileaks released,leaking,0.9,high
the leaking of military documents by anat kamm is justified,wikileaks released,military documents,0.9,high
the monarchy should be abolished,absolute monarchy,monarchy,1.0,high
the monarchy should be abolished,act of settlement,canada,0.4,medium
the monarchy should be abolished,act of settlement,hereditary monarchy,0.4,medium
the monarchy should be abolished,act of settlement,majority of canadians,0.1,low
the monarchy should be abolished,act of settlement,monarchy,0.5,medium
the monarchy should be abolished,australian republican movement,monarchy,0.9,high
the monarchy should be abolished,bi partisan appointment,monarchy,0.4,medium
the monarchy should be abolished,british monarch,grace of god,0.3,low
the monarchy should be abolished,british monarch,monarchy,1.0,high
the monarchy should be abolished,canada,monarchy,0.4,medium
the monarchy should be abolished,church of england,duke of york,0.4,medium
the monarchy should be abolished,church of england,majority of canadians,0.0,low
the monarchy should be abolished,church of england,monarchy,0.5,medium
the monarchy should be abolished,church of england,vatican city,0.6,medium
the monarchy should be abolished,cognatic primogeniture,monarchy,1.0,high
the monarchy should be abolished,commonwealth of nations,grace of god,0.1,low
the monarchy should be abolished,commonwealth of nations,monarchy,0.8,high
the monarchy should be abolished,commonwealth of nations,oath of allegiance,0.8,high
the monarchy should be abolished,commonwealth realms,monarchy,1.0,high
the monarchy should be abolished,commonwealth realms,queen elizabeth,1.0,high
the monarchy should be abolished,commonwealth realms,reign,0.7,high
the monarchy should be abolished,constitutional,bi partisan appointment,0.2,low
the monarchy should be abolished,constitutional,duke of york,0.0,low
the monarchy should be abolished,constitutional,european monarchies,0.4,medium
the monarchy should be abolished,constitutional,king is dead,0.1,low
the monarchy should be abolished,constitutional,monarchy,0.6,medium
the monarchy should be abolished,constitutional,queen elizabeth,0.0,low
the monarchy should be abolished,constitutional,queen's,0.0,low
the monarchy should be abolished,constitutional monarchies,edward viii,0.9,high
the monarchy should be abolished,constitutional monarchies,monarchy,1.0,high
the monarchy should be abolished,constitutional monarchy,european monarchies,1.0,high
the monarchy should be abolished,constitutional monarchy,monarchy,1.0,high
the monarchy should be abolished,crown,elective monarchy,0.8,high
the monarchy should be abolished,crown,monarchy,1.0,high
the monarchy should be abolished,duchess of cornwall,monarchy,1.0,high
the monarchy should be abolished,duke of york,monarchy,1.0,high
the monarchy should be abolished,edward viii,monarchy,1.0,high
the monarchy should be abolished,elected,monarchy,0.6,medium
the monarchy should be abolished,elective monarchies,monarchy,1.0,high
the monarchy should be abolished,elective monarchy,monarchy,1.0,high
the monarchy should be abolished,england,monarchy,1.0,high
the monarchy should be abolished,england and scotland,absolute monarchy,0.5,medium
the monarchy should be abolished,england and scotland,monarchy,0.9,high
the monarchy should be abolished,england and scotland,oath of allegiance,0.4,medium
the monarchy should be abolished,european monarchies,monarchy,1.0,high
the monarchy should be abolished,form of government,holy roman empire,0.6,medium
the monarchy should be abolished,form of government,monarchy,1.0,high
the monarchy should be abolished,governor,monarchy,0.6,medium
the monarchy should be abolished,governor general,governor,1.0,high
the monarchy should be abolished,governor general,monarchy,0.9,high
the monarchy should be abolished,governor general,powers,0.4,medium
the monarchy should be abolished,grace of god,monarchy,0.3,low
the monarchy should be abolished,grants in aid,monarchy,0.0,low
the monarchy should be abolished,head of state,bi partisan appointment,0.7,high
the monarchy should be abolished,head of state,elected,0.9,high
the monarchy should be abolished,head of state,elective monarchy,0.9,high
the monarchy should be abolished,head of state,monarchy,1.0,high
the monarchy should be abolished,hereditary monarchy,monarchy,1.0,high
the monarchy should be abolished,holy roman empire,monarchy,0.9,high
the monarchy should be abolished,king,monarchy,1.0,high
the monarchy should be abolished,king,powers,0.6,medium
the monarchy should be abolished,king is dead,monarchy,1.0,high
the monarchy should be abolished,line of succession,elective monarchy,0.8,high
the monarchy should be abolished,line of succession,monarchy,0.9,high
the monarchy should be abolished,majority of canadians,monarchy,0.1,low
the monarchy should be abolished,monarch,monarchy,1.0,high
the monarchy should be abolished,monarch's,monarchy,1.0,high
the monarchy should be abolished,monarchies,absolute monarchy,1.0,high
the monarchy should be abolished,monarchies,elected,0.6,medium
the monarchy should be abolished,monarchies,monarchy,1.0,high
the monarchy should be abolished,monarchs,monarchy,1.0,high
the monarchy should be abolished,monarchs,vatican city,0.6,medium
the monarchy should be abolished,monarchy,australian republican movement,1.0,high
the monarchy should be abolished,monarchy,monarchy,1.0,high
the monarchy should be abolished,oath of allegiance,monarchy,0.9,high
the monarchy should be abolished,powers,monarchy,0.5,medium
the monarchy should be abolished,prerogative,monarchy,0.8,high
the monarchy should be abolished,prime minister,bi partisan appointment,0.5,medium
the monarchy should be abolished,prime minister,elective monarchies,0.4,medium
the monarchy should be abolished,prime minister,monarchy,0.6,medium
the monarchy should be abolished,prime minister,republican,0.7,high
the monarchy should be abolished,prince charles,canada,0.2,low
the monarchy should be abolished,prince charles,grants in aid,0.0,low
the monarchy should be abolished,prince charles,monarch's,0.8,high
the monarchy should be abolished,prince charles,monarchy,1.0,high
the monarchy should be abolished,prince charles,reserve powers,0.5,medium
the monarchy should be abolished,prince or princess,hereditary monarchy,1.0,high
the monarchy should be abolished,prince or princess,holy roman empire,0.3,low
the monarchy should be abolished,prince or princess,monarchy,1.0,high
the monarchy should be abolished,prince or princess,reserve powers,0.3,low
the monarchy should be abolished,queen,absolute monarchy,1.0,high
the monarchy should be abolished,queen,bi partisan appointment,0.4,medium
the monarchy should be abolished,queen,monarchy,1.0,high
the monarchy should be abolished,queen,prerogative,0.5,medium
the monarchy should be abolished,queen elizabeth,monarchy,1.0,high
the monarchy should be abolished,queen elizabeth ii,elective monarchy,0.5,medium
the monarchy should be abolished,queen elizabeth ii,monarchy,1.0,high
the monarchy should be abolished,queen's,monarchy,1.0,high
the monarchy should be abolished,reign,monarchy,1.0,high
the monarchy should be abolished,republican,monarchy,1.0,high
the monarchy should be abolished,reserve powers,monarchy,0.7,high
the monarchy should be abolished,royal,elective monarchies,0.9,high
the monarchy should be abolished,royal,monarch's,0.9,high
the monarchy should be abolished,royal,monarchy,1.0,high
the monarchy should be abolished,royal family,monarchy,1.0,high
the monarchy should be abolished,royal prerogative,duchess of cornwall,0.5,medium
the monarchy should be abolished,royal prerogative,monarchy,1.0,high
the monarchy should be abolished,sovereign,australian republican movement,0.6,medium
the monarchy should be abolished,sovereign,canada,0.3,low
the monarchy should be abolished,sovereign,monarchy,0.9,high
the monarchy should be abolished,sovereign,republican,0.7,high
the monarchy should be abolished,treaty of waitangi,governor,0.6,medium
the monarchy should be abolished,treaty of waitangi,monarchy,0.8,high
the monarchy should be abolished,treaty of waitangi,queen elizabeth,0.4,medium
the monarchy should be abolished,united kingdom,cognatic primogeniture,0.2,low
the monarchy should be abolished,united kingdom,monarchy,1.0,high
the monarchy should be abolished,united kingdom,prerogative,0.3,low
the monarchy should be abolished,united kingdom,queen's,0.9,high
the monarchy should be abolished,vatican city,monarchy,0.8,high
the one-child policy of china is justified,abuse of psychiatry,china,0.0,low
the one-child policy of china is justified,abuse of psychiatry,family planning programs,0.0,low
the one-child policy of china is justified,abuse of psychiatry,female,0.0,low
the one-child policy of china is justified,abuse of psychiatry,fertility rate,0.0,low
the one-child policy of china is justified,abuse of psychiatry,macau,0.0,low
the one-child policy of china is justified,abuse of psychiatry,one child policy,0.0,low
the one-child policy of china is justified,abuse of psychiatry,planned parenthood federation,0.0,low
the one-child policy of china is justified,birth control,china,0.5,medium
the one-child policy of china is justified,birth control,one child policy,0.9,high
the one-child policy of china is justified,child,china,0.0,low
the one-child policy of china is justified,child,one child policy,0.9,high
the one-child policy of china is justified,child,planned parenthood federation,0.6,medium
the one-child policy of china is justified,child,rapid population growth,0.4,medium
the one-child policy of china is justified,children,children per woman,1.0,high
the one-child policy of china is justified,children,china,0.1,low
the one-child policy of china is justified,children,fertility rate,0.9,high
the one-child policy of china is justified,children,gender,0.4,medium
the one-child policy of china is justified,children,one child policy,0.9,high
the one-child policy of china is justified,children,special administrative regions,0.0,low
the one-child policy of china is justified,children,sterilized,0.3,low
the one-child policy of china is justified,children per woman,china,0.4,medium
the one-child policy of china is justified,children per woman,one child policy,1.0,high
the one-child policy of china is justified,china,china,1.0,high
the one-child policy of china is justified,china,ethnic minorities,0.1,low
the one-child policy of china is justified,china,family planning programs,0.8,high
the one-child policy of china is justified,china,family planning services,0.2,low
the one-child policy of china is justified,china,female,0.0,low
the one-child policy of china is justified,china,gender,0.0,low
the one-child policy of china is justified,china,international planned parenthood,0.0,low
the one-child policy of china is justified,china,one child policy,1.0,high
the one-child policy of china is justified,china,rapid population growth,0.8,high
the one-child policy of china is justified,china,urban population,0.2,low
the one-child policy of china is justified,chinese,china,1.0,high
the one-child policy of china is justified,chinese,gender,0.0,low
the one-child policy of china is justified,chinese,gender imbalance,0.7,high
the one-child policy of china is justified,chinese,one child policy,0.9,high
the one-child policy of china is justified,chinese,planned parenthood federation,0.1,low
the one-child policy of china is justified,chinese government,children per woman,0.1,low
the one-child policy of china is justified,chinese government,china,1.0,high
the one-child policy of china is justified,chinese government,demographic,0.4,medium
the one-child policy of china is justified,chinese government,one child policy,0.9,high
the one-child policy of china is justified,chinese government,rural,0.0,low
the one-child policy of china is justified,compulsory sterilization programs,children per woman,0.3,low
the one-child policy of china is justified,compulsory sterilization programs,china,0.2,low
the one-child policy of china is justified,compulsory sterilization programs,cultural revolution,0.0,low
the one-child policy of china is justified,compulsory sterilization programs,demographic,0.4,medium
the one-child policy of china is justified,compulsory sterilization programs,desalination,0.0,low
the one-child policy of china is justified,compulsory sterilization programs,fertility rate,0.8,high
the one-child policy of china is justified,compulsory sterilization programs,one child policy,0.5,medium
the one-child policy of china is justified,compulsory sterilization programs,population density,0.5,medium
the one-child policy of china is justified,conference on population,china,0.5,medium
the one-child policy of china is justified,conference on population,eugenics,0.0,low
the one-child policy of china is justified,conference on population,fertility rate,0.5,medium
the one-child policy of china is justified,conference on population,one child policy,0.2,low
the one-child policy of china is justified,conference on population,total population,0.7,high
the one-child policy of china is justified,conference on population,united nations population,0.6,medium
the one-child policy of china is justified,cultural revolution,china,0.5,medium
the one-child policy of china is justified,cultural revolution,one child policy,0.1,low
the one-child policy of china is justified,demographic,china,0.2,low
the one-child policy of china is justified,demographic,one child policy,0.8,high
the one-child policy of china is justified,desalination,china,0.0,low
the one-child policy of china is justified,desalination,one child policy,0.0,low
the one-child policy of china is justified,ericsson method,china,0.2,low
the one-child policy of china is justified,ericsson method,one child policy,0.2,low
the one-child policy of china is justified,ethnic minorities,china,0.2,low
the one-child policy of china is justified,ethnic minorities,one child policy,0.0,low
the one-child policy of china is justified,eugenic,china,0.0,low
the one-child policy of china is justified,eugenic,one child policy,0.0,low
the one-child policy of china is justified,eugenics,china,0.0,low
the one-child policy of china is justified,eugenics,one child policy,0.0,low
the one-child policy of china is justified,falun gong,china,0.8,high
the one-child policy of china is justified,falun gong,desalination,0.0,low
the one-child policy of china is justified,falun gong,family planning services,0.0,low
the one-child policy of china is justified,falun gong,one child policy,0.0,low
the one-child policy of china is justified,falun gong,sterilized,0.0,low
the one-child policy of china is justified,family,china,0.1,low
the one-child policy of china is justified,family,one child policy,0.8,high
the one-child policy of china is justified,family planning,china,0.8,high
the one-child policy of china is justified,family planning,eugenic,0.1,low
the one-child policy of china is justified,family planning,one child policy,1.0,high
the one-child policy of china is justified,family planning programs,china,0.8,high
the one-child policy of china is justified,family planning programs,one child policy,1.0,high
the one-child policy of china is justified,family planning services,china,0.6,medium
the one-child policy of china is justified,family planning services,one child policy,0.6,medium
the one-child policy of china is justified,female,china,0.0,low
the one-child policy of china is justified,female,one child policy,0.1,low
the one-child policy of china is justified,fertility rate,china,0.5,medium
the one-child policy of china is justified,fertility rate,one child policy,0.7,high
the one-child policy of china is justified,gender,china,0.3,low
the one-child policy of china is justified,gender,one child policy,0.2,low
the one-child policy of china is justified,gender imbalance,china,0.8,high
the one-child policy of china is justified,gender imbalance,one child policy,1.0,high
the one-child policy of china is justified,hong kong,birth control,0.1,low
the one-child policy of china is justified,hong kong,china,1.0,high
the one-child policy of china is justified,hong kong,gender,0.0,low
the one-child policy of china is justified,hong kong,one child policy,0.2,low
the one-child policy of china is justified,hong kong,population density,0.7,high
the one-child policy of china is justified,hong kong,rapid population growth,0.2,low
the one-child policy of china is justified,hong kong,ratio,0.0,low
the one-child policy of china is justified,international planned parenthood,china,0.0,low
the one-child policy of china is justified,international planned parenthood,one child policy,0.6,medium
the one-child policy of china is justified,macau,china,1.0,high
the one-child policy of china is justified,macau,one child policy,0.2,low
the one-child policy of china is justified,mainland china,china,1.0,high
the one-child policy of china is justified,mainland china,desalination,0.0,low
the one-child policy of china is justified,mainland china,family planning programs,0.6,medium
the one-child policy of china is justified,mainland china,gender,0.1,low
the one-child policy of china is justified,mainland china,one child policy,0.6,medium
the one-child policy of china is justified,mainland china,rapid population growth,0.6,medium
the one-child policy of china is justified,overpopulation,china,1.0,high
the one-child policy of china is justified,overpopulation,cultural revolution,0.1,low
the one-child policy of china is justified,overpopulation,family planning programs,0.9,high
the one-child policy of china is justified,overpopulation,fertility rate,0.9,high
the one-child policy of china is justified,overpopulation,one child policy,1.0,high
the one-child policy of china is justified,overpopulation,planned parenthood federation,0.6,medium
the one-child policy of china is justified,overpopulation,total population,0.9,high
the one-child policy of china is justified,planned parenthood federation,china,0.1,low
the one-child policy of china is justified,planned parenthood federation,one child policy,0.3,low
the one-child policy of china is justified,planning,china,0.4,medium
the one-child policy of china is justified,planning,demographic,0.1,low
the one-child policy of china is justified,planning,family planning services,0.9,high
the one-child policy of china is justified,planning,gender imbalance,0.3,low
the one-child policy of china is justified,planning,one child policy,0.6,medium
the one-child policy of china is justified,planning,total population,0.2,low
the one-child policy of china is justified,population,china,0.4,medium
the one-child policy of china is justified,population,cultural revolution,0.0,low
the one-child policy of china is justified,population,eugenic,0.3,low
the one-child policy of china is justified,population,eugenics,0.2,low
the one-child policy of china is justified,population,international planned parenthood,0.4,medium
the one-child policy of china is justified,population,one child policy,0.8,high
the one-child policy of china is justified,population,special administrative regions,0.1,low
the one-child policy of china is justified,population and development,china,0.5,medium
the one-child policy of china is justified,population and development,eugenic,0.2,low
the one-child policy of china is justified,population and development,female,0.0,low
the one-child policy of china is justified,population and development,one child policy,0.5,medium
the one-child policy of china is justified,population and development,urban areas,0.4,medium
the one-child policy of china is justified,population control,birth control,1.0,high
the one-child policy of china is justified,population control,china,1.0,high
the one-child policy of china is justified,population control,gender,0.0,low
the one-child policy of china is justified,population control,macau,0.3,low
the one-child policy of china is justified,population control,one child policy,0.9,high
the one-child policy of china is justified,population control,total population,0.9,high
the one-child policy of china is justified,population control,urban areas,0.4,medium
the one-child policy of china is justified,population control policies,china,1.0,high
the one-child policy of china is justified,population control policies,cultural revolution,0.0,low
the one-child policy of china is justified,population control policies,gender imbalance,0.6,medium
the one-child policy of china is justified,population control policies,one child policy,1.0,high
the one-child policy of china is justified,population control policies,united nations population,0.4,medium
the one-child policy of china is justified,population control policies,urban population,0.5,medium
the one-child policy of china is justified,population density,china,0.7,high
the one-child policy of china is justified,population density,one child policy,0.8,high
the one-child policy of china is justified,population growth,children per woman,0.9,high
the one-child policy of china is justified,population growth,china,0.9,high
the one-child policy of china is justified,population growth,ethnic minorities,0.4,medium
the one-child policy of china is justified,population growth,family planning programs,0.9,high
the one-child policy of china is justified,population growth,gender,0.0,low
the one-child policy of china is justified,population growth,international planned parenthood,0.6,medium
the one-child policy of china is justified,population growth,one child policy,1.0,high
the one-child policy of china is justified,population growth,special administrative regions,0.0,low
the one-child policy of china is justified,population growth,total population,1.0,high
the one-child policy of china is justified,population growth,urban areas,0.3,low
the one-child policy of china is justified,programme of action,china,0.0,low
the one-child policy of china is justified,programme of action,gender imbalance,0.0,low
the one-child policy of china is justified,programme of action,one child policy,0.3,low
the one-child policy of china is justified,programme of action,urban areas,0.0,low
the one-child policy of china is justified,rapid population growth,china,0.8,high
the one-child policy of china is justified,rapid population growth,one child policy,1.0,high
the one-child policy of china is justified,ratio,china,0.0,low
the one-child policy of china is justified,ratio,one child policy,0.0,low
the one-child policy of china is justified,reproductive,children per woman,0.7,high
the one-child policy of china is justified,reproductive,china,0.2,low
the one-child policy of china is justified,reproductive,eugenics,0.3,low
the one-child policy of china is justified,reproductive,international planned parenthood,0.5,medium
the one-child policy of china is justified,reproductive,one child policy,0.6,medium
the one-child policy of china is justified,reproductive,planned parenthood federation,0.5,medium
the one-child policy of china is justified,reproductive,rapid population growth,0.5,medium
the one-child policy of china is justified,reproductive health,china,0.2,low
the one-child policy of china is justified,reproductive health,female,0.6,medium
the one-child policy of china is justified,reproductive health,one child policy,0.1,low
the one-child policy of china is justified,reproductive rights,china,0.3,low
the one-child policy of china is justified,reproductive rights,fertility rate,0.4,medium
the one-child policy of china is justified,reproductive rights,gender,0.1,low
the one-child policy of china is justified,reproductive rights,one child policy,0.8,high
the one-child policy of china is justified,reproductive rights,population density,0.5,medium
the one-child policy of china is justified,reproductive rights,rapid population growth,0.4,medium
the one-child policy of china is justified,republic of china,china,1.0,high
the one-child policy of china is justified,republic of china,ethnic minorities,0.1,low
the one-child policy of china is justified,republic of china,eugenics,0.0,low
the one-child policy of china is justified,republic of china,family planning programs,0.3,low
the one-child policy of china is justified,republic of china,one child policy,0.9,high
the one-child policy of china is justified,republic of china,planned parenthood federation,0.1,low
the one-child policy of china is justified,republic of china,special administrative regions,0.7,high
the one-child policy of china is justified,rural,china,0.1,low
the one-child policy of china is justified,rural,one child policy,0.2,low
the one-child policy of china is justified,rural areas,china,0.1,low
the one-child policy of china is justified,rural areas,macau,0.1,low
the one-child policy of china is justified,rural areas,one child policy,0.1,low
the one-child policy of china is justified,rural areas,rapid population growth,0.2,low
the one-child policy of china is justified,sex selective abortion,birth control,0.9,high
the one-child policy of china is justified,sex selective abortion,china,0.5,medium
the one-child policy of china is justified,sex selective abortion,ericsson method,0.6,medium
the one-child policy of china is justified,sex selective abortion,family planning programs,0.7,high
the one-child policy of china is justified,sex selective abortion,one child policy,0.9,high
the one-child policy of china is justified,social sex selection,china,0.4,medium
the one-child policy of china is justified,social sex selection,cultural revolution,0.0,low
the one-child policy of china is justified,social sex selection,demographic,0.5,medium
the one-child policy of china is justified,social sex selection,ericsson method,0.9,high
the one-child policy of china is justified,social sex selection,female,0.5,medium
the one-child policy of china is justified,social sex selection,one child policy,0.6,medium
the one-child policy of china is justified,social sex selection,special administrative regions,0.0,low
the one-child policy of china is justified,social sex selection,urban population,0.1,low
the one-child policy of china is justified,special administrative regions,china,0.7,high
the one-child policy of china is justified,special administrative regions,one child policy,0.0,low
the one-child policy of china is justified,sterilization,china,0.1,low
the one-child policy of china is justified,sterilization,gender,0.0,low
the one-child policy of china is justified,sterilization,gender imbalance,0.2,low
the one-child policy of china is justified,sterilization,international planned parenthood,0.0,low
the one-child policy of china is justified,sterilization,macau,0.0,low
the one-child policy of china is justified,sterilization,one child policy,0.2,low
the one-child policy of china is justified,sterilization,ratio,0.0,low
the one-child policy of china is justified,sterilization,rural,0.0,low
the one-child policy of china is justified,sterilized,china,0.1,low
the one-child policy of china is justified,sterilized,one child policy,0.2,low
the one-child policy of china is justified,total fertility rate,birth control,0.8,high
the one-child policy of china is justified,total fertility rate,china,0.4,medium
the one-child policy of china is justified,total fertility rate,gender,0.1,low
the one-child policy of china is justified,total fertility rate,one child policy,0.7,high
the one-child policy of china is justified,total fertility rate,sterilized,0.4,medium
the one-child policy of china is justified,total population,china,0.4,medium
the one-child policy of china is justified,total population,one child policy,0.7,high
the one-child policy of china is justified,united nations population,china,0.1,low
the one-child policy of china is justified,united nations population,one child policy,0.0,low
the one-child policy of china is justified,urban areas,china,0.1,low
the one-child policy of china is justified,urban areas,one child policy,0.2,low
the one-child policy of china is justified,urban population,china,0.2,low
the one-child policy of china is justified,urban population,one child policy,0.1,low
the right to asylum should not be absolute,arrival,right to asylum,0.1,low
the right to asylum should not be absolute,arriving,right to asylum,0.1,low
the right to asylum should not be absolute,asylum,casework,0.1,low
the right to asylum should not be absolute,asylum,right to asylum,1.0,high
the right to asylum should not be absolute,asylum applications,right to asylum,1.0,high
the right to asylum should not be absolute,asylum claims,right to asylum,1.0,high
the right to asylum should not be absolute,asylum seekers,british nationality act,0.5,medium
the right to asylum should not be absolute,asylum seekers,granted asylum,1.0,high
the right to asylum should not be absolute,asylum seekers,home affairs,0.4,medium
the right to asylum should not be absolute,asylum seekers,illegal entrant,1.0,high
the right to asylum should not be absolute,asylum seekers,nationality,0.6,medium
the right to asylum should not be absolute,asylum seekers,right to asylum,1.0,high
the right to asylum should not be absolute,boat,right to asylum,0.0,low
the right to asylum should not be absolute,boat people,asylum applications,0.6,medium
the right to asylum should not be absolute,boat people,boat,0.9,high
the right to asylum should not be absolute,boat people,right to asylum,0.8,high
the right to asylum should not be absolute,border control,right to asylum,0.7,high
the right to asylum should not be absolute,british nationality act,right to asylum,0.6,medium
the right to asylum should not be absolute,casework,right to asylum,0.1,low
the right to asylum should not be absolute,chief immigration officer,casework,0.2,low
the right to asylum should not be absolute,chief immigration officer,countries of origin,0.2,low
the right to asylum should not be absolute,chief immigration officer,foreign national,0.4,medium
the right to asylum should not be absolute,chief immigration officer,international refugee organization,0.6,medium
the right to asylum should not be absolute,chief immigration officer,right to asylum,0.7,high
the right to asylum should not be absolute,commissioner for refugees,resettlement,0.6,medium
the right to asylum should not be absolute,commissioner for refugees,right to asylum,0.9,high
the right to asylum should not be absolute,committee for refugees,right to asylum,0.9,high
the right to asylum should not be absolute,countries of origin,right to asylum,0.7,high
the right to asylum should not be absolute,country of origin,asylum applications,0.7,high
the right to asylum should not be absolute,country of origin,casework,0.0,low
the right to asylum should not be absolute,country of origin,committee for refugees,0.3,low
the right to asylum should not be absolute,country of origin,criminal casework team,0.1,low
the right to asylum should not be absolute,country of origin,home affairs,0.1,low
the right to asylum should not be absolute,country of origin,people,0.2,low
the right to asylum should not be absolute,country of origin,right to asylum,0.4,medium
the right to asylum should not be absolute,criminal casework team,right to asylum,0.2,low
the right to asylum should not be absolute,displaced people,right to asylum,1.0,high
the right to asylum should not be absolute,enforcement,casework,0.0,low
the right to asylum should not be absolute,enforcement,countries of origin,0.1,low
the right to asylum should not be absolute,enforcement,foreign nationals,0.1,low
the right to asylum should not be absolute,enforcement,right to asylum,0.1,low
the right to asylum should not be absolute,enforcement immigration officers,right to asylum,0.9,high
the right to asylum should not be absolute,eu blue card,right to asylum,0.3,low
the right to asylum should not be absolute,fear of persecution,asylum applications,0.9,high
the right to asylum should not be absolute,fear of persecution,resettlement,0.4,medium
the right to asylum should not be absolute,fear of persecution,right to asylum,0.9,high
the right to asylum should not be absolute,federal migration service,right to asylum,0.9,high
the right to asylum should not be absolute,foreign national,right to asylum,0.5,medium
the right to asylum should not be absolute,foreign nationals,right to asylum,0.8,high
the right to asylum should not be absolute,granted asylum,right to asylum,1.0,high
the right to asylum should not be absolute,home affairs,right to asylum,0.3,low
the right to asylum should not be absolute,home office,arrival,0.0,low
the right to asylum should not be absolute,home office,right to asylum,0.3,low
the right to asylum should not be absolute,home secretary,right to asylum,0.0,low
the right to asylum should not be absolute,illegal,arrival,0.0,low
the right to asylum should not be absolute,illegal,right to asylum,0.1,low
the right to asylum should not be absolute,illegal entrant,right to asylum,0.9,high
the right to asylum should not be absolute,illegal entrants,arrival,0.2,low
the right to asylum should not be absolute,illegal entrants,granted asylum,0.9,high
the right to asylum should not be absolute,illegal entrants,refugee camps,0.9,high
the right to asylum should not be absolute,illegal entrants,right to asylum,1.0,high
the right to asylum should not be absolute,illegal immigrants,nationality,0.6,medium
the right to asylum should not be absolute,illegal immigrants,refugee camps,0.8,high
the right to asylum should not be absolute,illegal immigrants,right to asylum,0.9,high
the right to asylum should not be absolute,immigrants,illegal entrant,1.0,high
the right to asylum should not be absolute,immigrants,right to asylum,1.0,high
the right to asylum should not be absolute,immigration,right to asylum,0.9,high
the right to asylum should not be absolute,immigration control,committee for refugees,0.8,high
the right to asylum should not be absolute,immigration control,foreign national,0.8,high
the right to asylum should not be absolute,immigration control,right to asylum,1.0,high
the right to asylum should not be absolute,immigration officers,british nationality act,0.4,medium
the right to asylum should not be absolute,immigration officers,nationality,0.4,medium
the right to asylum should not be absolute,immigration officers,right to asylum,0.9,high
the right to asylum should not be absolute,immigration service,ports of entry,0.7,high
the right to asylum should not be absolute,immigration service,right to asylum,0.9,high
the right to asylum should not be absolute,immigration service enforcement,right to asylum,0.7,high
the right to asylum should not be absolute,internally displaced persons,right to asylum,0.4,medium
the right to asylum should not be absolute,international refugee organization,right to asylum,1.0,high
the right to asylum should not be absolute,law on refugees,boat,0.0,low
the right to asylum should not be absolute,law on refugees,criminal casework team,0.2,low
the right to asylum should not be absolute,law on refugees,displaced people,1.0,high
the right to asylum should not be absolute,law on refugees,right to asylum,1.0,high
the right to asylum should not be absolute,nationality,right to asylum,0.6,medium
the right to asylum should not be absolute,nations high commissioner,british nationality act,0.3,low
the right to asylum should not be absolute,nations high commissioner,international refugee organization,0.4,medium
the right to asylum should not be absolute,nations high commissioner,ports of entry,0.1,low
the right to asylum should not be absolute,nations high commissioner,refugee camps,0.4,medium
the right to asylum should not be absolute,nations high commissioner,right to asylum,0.4,medium
the right to asylum should not be absolute,passport,right to asylum,0.4,medium
the right to asylum should not be absolute,people,right to asylum,0.2,low
the right to asylum should not be absolute,ports of entry,right to asylum,0.3,low
the right to asylum should not be absolute,refugee,criminal casework team,0.2,low
the right to asylum should not be absolute,refugee,right to asylum,1.0,high
the right to asylum should not be absolute,refugee camps,right to asylum,0.8,high
the right to asylum should not be absolute,refugee status,right to asylum,1.0,high
the right to asylum should not be absolute,refugee status,status,0.9,high
the right to asylum should not be absolute,refugees,countries of origin,0.8,high
the right to asylum should not be absolute,refugees,international refugee organization,1.0,high
the right to asylum should not be absolute,refugees,ports of entry,0.7,high
the right to asylum should not be absolute,refugees,resettlement,1.0,high
the right to asylum should not be absolute,refugees,right to asylum,1.0,high
the right to asylum should not be absolute,resettlement,right to asylum,0.9,high
the right to asylum should not be absolute,seekers,arriving,0.1,low
the right to asylum should not be absolute,seekers,countries of origin,0.2,low
the right to asylum should not be absolute,seekers,ports of entry,0.1,low
the right to asylum should not be absolute,seekers,right to asylum,0.4,medium
the right to asylum should not be absolute,status,right to asylum,0.3,low
the right to asylum should not be absolute,status of refugees,displaced people,1.0,high
the right to asylum should not be absolute,status of refugees,foreign national,0.6,medium
the right to asylum should not be absolute,status of refugees,passport,0.3,low
the right to asylum should not be absolute,status of refugees,right to asylum,1.0,high
the right to asylum should not be absolute,status of refugees,status,0.7,high
the right to asylum should not be absolute,uk,illegal entrant,0.0,low
the right to asylum should not be absolute,uk,refugee camps,0.0,low
the right to asylum should not be absolute,uk,right to asylum,0.1,low
the right to asylum should not be absolute,uk and colonies,right to asylum,0.1,low
the right to asylum should not be absolute,uk border agency,right to asylum,0.5,medium
the right to asylum should not be absolute,unhcr,border control,0.3,low
the right to bear arms should be limited,amendment,right to bear arms,0.5,medium
the right to bear arms should be limited,american gun culture,right to bear arms,1.0,high
the right to bear arms should be limited,ammunition,right to bear arms,0.7,high
the right to bear arms should be limited,arms,right to bear arms,1.0,high
the right to bear arms should be limited,assault weapons ban,right to bear arms,0.9,high
the right to bear arms should be limited,automatic,right to bear arms,0.2,low
the right to bear arms should be limited,automatic weapons,right to bear arms,0.8,high
the right to bear arms should be limited,bear arms,right to bear arms,1.0,high
the right to bear arms should be limited,bill of rights,carrying of arms,0.6,medium
the right to bear arms should be limited,bill of rights,homicide,0.1,low
the right to bear arms should be limited,bill of rights,license,0.0,low
the right to bear arms should be limited,bill of rights,right to bear arms,0.6,medium
the right to bear arms should be limited,bill of rights,shotguns,0.0,low
the right to bear arms should be limited,carrying of arms,right to bear arms,1.0,high
the right to bear arms should be limited,citizens,right to bear arms,0.4,medium
the right to bear arms should be limited,collective rights model,right to bear arms,0.5,medium
the right to bear arms should be limited,defense,right to bear arms,0.5,medium
the right to bear arms should be limited,district of columbia,right to bear arms,0.3,low
the right to bear arms should be limited,domestic violence,right to bear arms,0.4,medium
the right to bear arms should be limited,firearm,automatic,0.7,high
the right to bear arms should be limited,firearm,citizens,0.1,low
the right to bear arms should be limited,firearm,right to bear arms,1.0,high
the right to bear arms should be limited,firearm ownership,right to bear arms,0.8,high
the right to bear arms should be limited,firearms,firearm ownership,1.0,high
the right to bear arms should be limited,firearms,right to bear arms,1.0,high
the right to bear arms should be limited,firearms,shotguns,1.0,high
the right to bear arms should be limited,firearms,type of weapon,1.0,high
the right to bear arms should be limited,firearms and ammunition,license,0.6,medium
the right to bear arms should be limited,firearms and ammunition,right to bear arms,1.0,high
the right to bear arms should be limited,fully automatic,right to bear arms,0.2,low
the right to bear arms should be limited,fully automatic firearms,right to bear arms,0.7,high
the right to bear arms should be limited,gary kleck,right to bear arms,0.7,high
the right to bear arms should be limited,gun,ammunition,1.0,high
the right to bear arms should be limited,gun,automatic weapons,0.9,high
the right to bear arms should be limited,gun,fully automatic,0.8,high
the right to bear arms should be limited,gun,homicide,0.9,high
the right to bear arms should be limited,gun,right to bear arms,1.0,high
the right to bear arms should be limited,gun control,american gun culture,0.9,high
the right to bear arms should be limited,gun control,district of columbia,0.3,low
the right to bear arms should be limited,gun control,gary kleck,0.7,high
the right to bear arms should be limited,gun control,homicide,0.6,medium
the right to bear arms should be limited,gun control,pro gun,0.9,high
the right to bear arms should be limited,gun control,right to bear arms,1.0,high
the right to bear arms should be limited,gun control act,automatic weapons,0.7,high
the right to bear arms should be limited,gun control act,fully automatic firearms,0.4,medium
the right to bear arms should be limited,gun control act,homicide,0.4,medium
the right to bear arms should be limited,gun control act,right to bear arms,0.9,high
the right to bear arms should be limited,gun control advocates,fully automatic,0.1,low
the right to bear arms should be limited,gun control advocates,gun crime,0.8,high
the right to bear arms should be limited,gun control advocates,right to bear arms,0.9,high
the right to bear arms should be limited,gun control laws,automatic weapons,0.6,medium
the right to bear arms should be limited,gun control laws,gary kleck,0.8,high
the right to bear arms should be limited,gun control laws,right to bear arms,1.0,high
the right to bear arms should be limited,gun control legislation,carrying of arms,0.9,high
the right to bear arms should be limited,gun control legislation,citizens,0.1,low
the right to bear arms should be limited,gun control legislation,right to bear arms,0.9,high
the right to bear arms should be limited,gun control legislation,type of weapon,0.7,high
the right to bear arms should be limited,gun crime,right to bear arms,0.6,medium
the right to bear arms should be limited,gun laws,rates of gun,0.5,medium
the right to bear arms should be limited,gun laws,right to bear arms,1.0,high
the right to bear arms should be limited,gun owners,collective rights model,0.3,low
the right to bear arms should be limited,gun owners,homicide,0.3,low
the right to bear arms should be limited,gun owners,right to bear arms,1.0,high
the right to bear arms should be limited,gun ownership,gun crime,0.8,high
the right to bear arms should be limited,gun ownership,pro gun,1.0,high
the right to bear arms should be limited,gun ownership,right to bear arms,1.0,high
the right to bear arms should be limited,gun possession,right to bear arms,1.0,high
the right to bear arms should be limited,gun related,homicide,0.8,high
the right to bear arms should be limited,gun related,right to bear arms,0.8,high
the right to bear arms should be limited,gun related,shotguns,0.4,medium
the right to bear arms should be limited,gun rights,assault weapons ban,0.8,high
the right to bear arms should be limited,gun rights,right to bear arms,0.9,high
the right to bear arms should be limited,gun rights advocates,license,0.4,medium
the right to bear arms should be limited,gun rights advocates,right to bear arms,0.9,high
the right to bear arms should be limited,gun violence,ammunition,0.4,medium
the right to bear arms should be limited,gun violence,license,0.0,low
the right to bear arms should be limited,gun violence,right to bear arms,0.9,high
the right to bear arms should be limited,guns,american gun culture,0.9,high
the right to bear arms should be limited,guns,automatic,0.7,high
the right to bear arms should be limited,guns,number of guns,1.0,high
the right to bear arms should be limited,guns,right to bear arms,1.0,high
the right to bear arms should be limited,handguns,automatic weapons,0.8,high
the right to bear arms should be limited,handguns,law enforcement,0.3,low
the right to bear arms should be limited,handguns,right to bear arms,1.0,high
the right to bear arms should be limited,homicide,right to bear arms,0.3,low
the right to bear arms should be limited,kleck,right to bear arms,0.6,medium
the right to bear arms should be limited,law abiding citizens,fully automatic firearms,0.0,low
the right to bear arms should be limited,law abiding citizens,gun possession,0.5,medium
the right to bear arms should be limited,law abiding citizens,law enforcement,0.7,high
the right to bear arms should be limited,law abiding citizens,right to bear arms,0.3,low
the right to bear arms should be limited,law enforcement,right to bear arms,0.5,medium
the right to bear arms should be limited,license,right to bear arms,0.6,medium
the right to bear arms should be limited,militia,district of columbia,0.1,low
the right to bear arms should be limited,militia,license,0.0,low
the right to bear arms should be limited,militia,right to bear arms,0.9,high
the right to bear arms should be limited,national firearms act,gary kleck,0.1,low
the right to bear arms should be limited,national firearms act,kleck,0.1,low
the right to bear arms should be limited,national firearms act,operation ceasefire,0.4,medium
the right to bear arms should be limited,national firearms act,police,0.3,low
the right to bear arms should be limited,national firearms act,pro gun,0.8,high
the right to bear arms should be limited,national firearms act,right to bear arms,0.9,high
the right to bear arms should be limited,national rifle association,right to bear arms,0.9,high
the right to bear arms should be limited,national rifle association,weapons and ammunition,0.7,high
the right to bear arms should be limited,nra,right to bear arms,1.0,high
the right to bear arms should be limited,number of guns,right to bear arms,0.7,high
the right to bear arms should be limited,operation ceasefire,right to bear arms,0.6,medium
the right to bear arms should be limited,ownership,carrying of arms,0.8,high
the right to bear arms should be limited,ownership,fully automatic,0.0,low
the right to bear arms should be limited,ownership,right to bear arms,0.6,medium
the right to bear arms should be limited,police,right to bear arms,0.2,low
the right to bear arms should be limited,pro gun,right to bear arms,0.8,high
the right to bear arms should be limited,rates of gun,right to bear arms,0.4,medium
the right to bear arms should be limited,rifle,right to bear arms,1.0,high
the right to bear arms should be limited,shotguns,right to bear arms,0.9,high
the right to bear arms should be limited,type of weapon,right to bear arms,0.5,medium
the right to bear arms should be limited,united states,number of guns,0.2,low
the right to bear arms should be limited,united states,right to bear arms,0.6,medium
the right to bear arms should be limited,united states,shotguns,0.0,low
the right to bear arms should be limited,violent crime,right to bear arms,0.6,medium
the right to bear arms should be limited,weapons and ammunition,right to bear arms,1.0,high
the sale of violent video games to minors should be banned,action games,minors,0.5,medium
the sale of violent video games to minors should be banned,action games,violent video games,0.9,high
the sale of violent video games to minors should be banned,aggression,consoles,0.0,low
the sale of violent video games to minors should be banned,aggression,minors,0.2,low
the sale of violent video games to minors should be banned,aggression,violent video games,1.0,high
the sale of violent video games to minors should be banned,aggressive behavior,columbine high school,1.0,high
the sale of violent video games to minors should be banned,aggressive behavior,minors,0.44999999999999996,medium
the sale of violent video games to minors should be banned,aggressive behavior,online games,0.3,low
the sale of violent video games to minors should be banned,aggressive behavior,rating board esrb,0.2,low
the sale of violent video games to minors should be banned,aggressive behavior,violent video games,0.9,high
the sale of violent video games to minors should be banned,attorney jack thompson,minors,0.3,low
the sale of violent video games to minors should be banned,attorney jack thompson,violent video games,1.0,high
the sale of violent video games to minors should be banned,character,minors,0.0,low
the sale of violent video games to minors should be banned,character,violent video games,0.2,low
the sale of violent video games to minors should be banned,child maltreatment,minors,0.7,high
the sale of violent video games to minors should be banned,child maltreatment,violent video games,0.0,low
the sale of violent video games to minors should be banned,columbine high school,minors,0.8,high
the sale of violent video games to minors should be banned,columbine high school,violent video games,0.7,high
the sale of violent video games to minors should be banned,computer games,character,0.4,medium
the sale of violent video games to minors should be banned,computer games,columbine high school,0.6,medium
the sale of violent video games to minors should be banned,computer games,forms of violence,0.0,low
the sale of violent video games to minors should be banned,computer games,gameplay,1.0,high
the sale of violent video games to minors should be banned,computer games,measures of aggression,0.0,low
the sale of violent video games to minors should be banned,computer games,minors,0.5,medium
the sale of violent video games to minors should be banned,computer games,nintendo,0.8,high
the sale of violent video games to minors should be banned,computer games,online games,1.0,high
the sale of violent video games to minors should be banned,computer games,violent video games,0.8,high
the sale of violent video games to minors should be banned,consoles,minors,0.1,low
the sale of violent video games to minors should be banned,consoles,violent video games,0.8,high
the sale of violent video games to minors should be banned,content rating,minors,0.7,high
the sale of violent video games to minors should be banned,content rating,violent video games,1.0,high
the sale of violent video games to minors should be banned,effects,minors,0.0,low
the sale of violent video games to minors should be banned,effects,violent video games,0.3,low
the sale of violent video games to minors should be banned,entertainment software,attorney jack thompson,0.5,medium
the sale of violent video games to minors should be banned,entertainment software,forms of violence,0.0,low
the sale of violent video games to minors should be banned,entertainment software,minors,0.3,low
the sale of violent video games to minors should be banned,entertainment software,studies,0.0,low
the sale of violent video games to minors should be banned,entertainment software,violent video games,0.7,high
the sale of violent video games to minors should be banned,entertainment software,youth,0.4,medium
the sale of violent video games to minors should be banned,entertainment software rating,minors,0.5,medium
the sale of violent video games to minors should be banned,entertainment software rating,rating board,1.0,high
the sale of violent video games to minors should be banned,entertainment software rating,rating board esrb,1.0,high
the sale of violent video games to minors should be banned,entertainment software rating,video game sales,0.6,medium
the sale of violent video games to minors should be banned,entertainment software rating,violent video games,0.9,high
the sale of violent video games to minors should be banned,first person shooter,minors,0.2,low
the sale of violent video games to minors should be banned,first person shooter,playing video games,0.8,high
the sale of violent video games to minors should be banned,first person shooter,studies,0.0,low
the sale of violent video games to minors should be banned,first person shooter,violent video games,0.9,high
the sale of violent video games to minors should be banned,first person shooter,youth,0.2,low
the sale of violent video games to minors should be banned,forms of violence,minors,0.1,low
the sale of violent video games to minors should be banned,forms of violence,violent video games,0.8,high
the sale of violent video games to minors should be banned,game,character,0.5,medium
the sale of violent video games to minors should be banned,game,game content rating,1.0,high
the sale of violent video games to minors should be banned,game,minors,0.4,medium
the sale of violent video games to minors should be banned,game,violent content,0.4,medium
the sale of violent video games to minors should be banned,game,violent video games,0.9,high
the sale of violent video games to minors should be banned,game content rating,minors,0.3,low
the sale of violent video games to minors should be banned,game content rating,violent video games,1.0,high
the sale of violent video games to minors should be banned,gameplay,minors,0.3,low
the sale of violent video games to minors should be banned,gameplay,violent video games,0.8,high
the sale of violent video games to minors should be banned,games,forms of violence,0.1,low
the sale of violent video games to minors should be banned,games,game content rating,0.8,high
the sale of violent video games to minors should be banned,games,kutner and olson,0.6,medium
the sale of violent video games to minors should be banned,games,measures of aggression,0.0,low
the sale of violent video games to minors should be banned,games,minors,0.5,medium
the sale of violent video games to minors should be banned,games,strategy games,0.9,high
the sale of violent video games to minors should be banned,games,violent acts,0.1,low
the sale of violent video games to minors should be banned,games,violent content,0.5,medium
the sale of violent video games to minors should be banned,games,violent video games,0.8,high
the sale of violent video games to minors should be banned,gaming,effects,0.0,low
the sale of violent video games to minors should be banned,gaming,forms of violence,0.2,low
the sale of violent video games to minors should be banned,gaming,minors,0.5,medium
the sale of violent video games to minors should be banned,gaming,violent video games,1.0,high
the sale of violent video games to minors should be banned,grand theft,minors,0.2,low
the sale of violent video games to minors should be banned,grand theft,rating board esrb,0.2,low
the sale of violent video games to minors should be banned,grand theft,violent video games,0.6,medium
the sale of violent video games to minors should be banned,grand theft auto,child maltreatment,0.0,low
the sale of violent video games to minors should be banned,grand theft auto,kutner and olson,1.0,high
the sale of violent video games to minors should be banned,grand theft auto,minors,0.4,medium
the sale of violent video games to minors should be banned,grand theft auto,online games,0.5,medium
the sale of violent video games to minors should be banned,grand theft auto,playing video games,1.0,high
the sale of violent video games to minors should be banned,grand theft auto,sales,0.1,low
the sale of violent video games to minors should be banned,grand theft auto,sexual violence,0.4,medium
the sale of violent video games to minors should be banned,grand theft auto,video game sales,0.7,high
the sale of violent video games to minors should be banned,grand theft auto,violent video games,1.0,high
the sale of violent video games to minors should be banned,grand theft auto,youth,0.4,medium
the sale of violent video games to minors should be banned,intimate partner violence,effects,0.0,low
the sale of violent video games to minors should be banned,intimate partner violence,kutner and olson,0.0,low
the sale of violent video games to minors should be banned,intimate partner violence,minors,0.05,low
the sale of violent video games to minors should be banned,intimate partner violence,nintendo,0.0,low
the sale of violent video games to minors should be banned,intimate partner violence,violent video games,0.4,medium
the sale of violent video games to minors should be banned,kutner and olson,minors,0.5,medium
the sale of violent video games to minors should be banned,kutner and olson,violent video games,1.0,high
the sale of violent video games to minors should be banned,measures of aggression,minors,0.0,low
the sale of violent video games to minors should be banned,measures of aggression,violent video games,0.4,medium
the sale of violent video games to minors should be banned,media,minors,0.2,low
the sale of violent video games to minors should be banned,media,playing video games,0.6,medium
the sale of violent video games to minors should be banned,media,video game sales,0.6,medium
the sale of violent video games to minors should be banned,media,violent acts,0.1,low
the sale of violent video games to minors should be banned,media,violent video games,0.7,high
the sale of violent video games to minors should be banned,media violence,consoles,0.0,low
the sale of violent video games to minors should be banned,media violence,measures of aggression,0.6,medium
the sale of violent video games to minors should be banned,media violence,minors,0.1,low
the sale of violent video games to minors should be banned,media violence,online,0.1,low
the sale of violent video games to minors should be banned,media violence,sexual violence,0.7,high
the sale of violent video games to minors should be banned,media violence,strategy games,0.4,medium
the sale of violent video games to minors should be banned,media violence,violent acts,0.7,high
the sale of violent video games to minors should be banned,media violence,violent content,1.0,high
the sale of violent video games to minors should be banned,media violence,violent video games,0.9,high
the sale of violent video games to minors should be banned,minors,minors,1.0,high
the sale of violent video games to minors should be banned,minors,violent video games,0.7,high
the sale of violent video games to minors should be banned,nintendo,minors,0.4,medium
the sale of violent video games to minors should be banned,nintendo,violent video games,0.6,medium
the sale of violent video games to minors should be banned,online,minors,0.1,low
the sale of violent video games to minors should be banned,online,violent video games,0.5,medium
the sale of violent video games to minors should be banned,online games,minors,0.4,medium
the sale of violent video games to minors should be banned,online games,violent video games,1.0,high
the sale of violent video games to minors should be banned,player,character,0.7,high
the sale of violent video games to minors should be banned,player,child maltreatment,0.0,low
the sale of violent video games to minors should be banned,player,forms of violence,0.0,low
the sale of violent video games to minors should be banned,player,minors,0.2,low
the sale of violent video games to minors should be banned,player,strategy games,0.9,high
the sale of violent video games to minors should be banned,player,violent video games,0.9,high
the sale of violent video games to minors should be banned,playing video games,minors,0.5,medium
the sale of violent video games to minors should be banned,playing video games,violent video games,0.9,high
the sale of violent video games to minors should be banned,rating,minors,0.1,low
the sale of violent video games to minors should be banned,rating,rating board esrb,1.0,high
the sale of violent video games to minors should be banned,rating,violent behavior,0.0,low
the sale of violent video games to minors should be banned,rating,violent video games,0.4,medium
the sale of violent video games to minors should be banned,rating board,minors,0.2,low
the sale of violent video games to minors should be banned,rating board,violent video games,0.8,high
the sale of violent video games to minors should be banned,rating board esrb,minors,0.3,low
the sale of violent video games to minors should be banned,rating board esrb,violent video games,0.9,high
the sale of violent video games to minors should be banned,sales,minors,0.0,low
the sale of violent video games to minors should be banned,sales,violent video games,0.1,low
the sale of violent video games to minors should be banned,sexual violence,minors,0.3,low
the sale of violent video games to minors should be banned,sexual violence,violent video games,0.4,medium
the sale of violent video games to minors should be banned,software rating board,minors,0.2,low
the sale of violent video games to minors should be banned,software rating board,online,0.0,low
the sale of violent video games to minors should be banned,software rating board,rating board esrb,1.0,high
the sale of violent video games to minors should be banned,software rating board,sales,0.0,low
the sale of violent video games to minors should be banned,software rating board,violent video games,0.9,high
the sale of violent video games to minors should be banned,strategy games,minors,0.2,low
the sale of violent video games to minors should be banned,strategy games,violent video games,0.7,high
the sale of violent video games to minors should be banned,studies,minors,0.0,low
the sale of violent video games to minors should be banned,studies,violent video games,0.1,low
the sale of violent video games to minors should be banned,video,forms of violence,0.0,low
the sale of violent video games to minors should be banned,video,minors,0.1,low
the sale of violent video games to minors should be banned,video,online games,0.2,low
the sale of violent video games to minors should be banned,video,rating board esrb,0.3,low
the sale of violent video games to minors should be banned,video,sexual violence,0.0,low
the sale of violent video games to minors should be banned,video,violent video games,0.7,high
the sale of violent video games to minors should be banned,video game,columbine high school,0.5,medium
the sale of violent video games to minors should be banned,video game,consoles,0.9,high
the sale of violent video games to minors should be banned,video game,content rating,0.9,high
the sale of violent video games to minors should be banned,video game,minors,0.5,medium
the sale of violent video games to minors should be banned,video game,sales,0.5,medium
the sale of violent video games to minors should be banned,video game,video game sales,1.0,high
the sale of violent video games to minors should be banned,video game,violent video games,1.0,high
the sale of violent video games to minors should be banned,video game content,attorney jack thompson,0.7,high
the sale of violent video games to minors should be banned,video game content,gameplay,0.9,high
the sale of violent video games to minors should be banned,video game content,minors,0.2,low
the sale of violent video games to minors should be banned,video game content,online games,0.8,high
the sale of violent video games to minors should be banned,video game content,rating board,0.8,high
the sale of violent video games to minors should be banned,video game content,violent video games,1.0,high
the sale of violent video games to minors should be banned,video game industry,game content rating,0.9,high
the sale of violent video games to minors should be banned,video game industry,minors,0.3,low
the sale of violent video games to minors should be banned,video game industry,rating board,0.7,high
the sale of violent video games to minors should be banned,video game industry,video game play,0.7,high
the sale of violent video games to minors should be banned,video game industry,violent acts,0.1,low
the sale of violent video games to minors should be banned,video game industry,violent behavior,0.3,low
the sale of violent video games to minors should be banned,video game industry,violent video games,0.9,high
the sale of violent video games to minors should be banned,video game play,minors,0.5,medium
the sale of violent video games to minors should be banned,video game play,violent video games,0.9,high
the sale of violent video games to minors should be banned,video game sales,minors,0.8,high
the sale of violent video games to minors should be banned,video game sales,violent video games,0.7,high
the sale of violent video games to minors should be banned,video game violence,gameplay,0.7,high
the sale of violent video games to minors should be banned,video game violence,minors,0.6,medium
the sale of violent video games to minors should be banned,video game violence,rating board esrb,0.9,high
the sale of violent video games to minors should be banned,video game violence,sales,0.1,low
the sale of violent video games to minors should be banned,video game violence,violent video games,1.0,high
the sale of violent video games to minors should be banned,video games,action games,1.0,high
the sale of violent video games to minors should be banned,video games,minors,0.6,medium
the sale of violent video games to minors should be banned,video games,rating board esrb,0.9,high
the sale of violent video games to minors should be banned,video games,studies,0.0,low
the sale of violent video games to minors should be banned,video games,video game play,1.0,high
the sale of violent video games to minors should be banned,video games,violent video games,1.0,high
the sale of violent video games to minors should be banned,violence,character,0.3,low
the sale of violent video games to minors should be banned,violence,consoles,0.1,low
the sale of violent video games to minors should be banned,violence,forms of violence,1.0,high
the sale of violent video games to minors should be banned,violence,minors,0.5,medium
the sale of violent video games to minors should be banned,violence,online,0.2,low
the sale of violent video games to minors should be banned,violence,video game sales,0.1,low
the sale of violent video games to minors should be banned,violence,violent video games,0.9,high
the sale of violent video games to minors should be banned,violent,action games,0.8,high
the sale of violent video games to minors should be banned,violent,minors,0.3,low
the sale of violent video games to minors should be banned,violent,online games,0.4,medium
the sale of violent video games to minors should be banned,violent,rating board,0.2,low
the sale of violent video games to minors should be banned,violent,violent video games,1.0,high
the sale of violent video games to minors should be banned,violent acts,minors,0.1,low
the sale of violent video games to minors should be banned,violent acts,violent video games,0.8,high
the sale of violent video games to minors should be banned,violent behavior,minors,0.1,low
the sale of violent video games to minors should be banned,violent behavior,violent video games,0.6,medium
the sale of violent video games to minors should be banned,violent content,minors,0.1,low
the sale of violent video games to minors should be banned,violent content,violent video games,1.0,high
the sale of violent video games to minors should be banned,violent games,minors,0.5,medium
the sale of violent video games to minors should be banned,violent games,online games,0.8,high
the sale of violent video games to minors should be banned,violent games,playing video games,0.8,high
the sale of violent video games to minors should be banned,violent games,violent acts,0.8,high
the sale of violent video games to minors should be banned,violent games,violent video games,1.0,high
the sale of violent video games to minors should be banned,violent games,youth,0.5,medium
the sale of violent video games to minors should be banned,violent video,measures of aggression,0.4,medium
the sale of violent video games to minors should be banned,violent video,minors,0.2,low
the sale of violent video games to minors should be banned,violent video,rating board,0.5,medium
the sale of violent video games to minors should be banned,violent video,video game play,0.5,medium
the sale of violent video games to minors should be banned,violent video,violent video games,0.8,high
the sale of violent video games to minors should be banned,violent video,youth,0.6,medium
the sale of violent video games to minors should be banned,violent video game,columbine high school,0.7,high
the sale of violent video games to minors should be banned,violent video game,minors,0.6,medium
the sale of violent video games to minors should be banned,violent video game,nintendo,0.5,medium
the sale of violent video games to minors should be banned,violent video game,rating board,0.9,high
the sale of violent video games to minors should be banned,violent video game,sales,0.3,low
the sale of violent video games to minors should be banned,violent video game,violent behavior,0.8,high
the sale of violent video games to minors should be banned,violent video game,violent video games,1.0,high
the sale of violent video games to minors should be banned,violent video games,character,0.3,low
the sale of violent video games to minors should be banned,violent video games,columbine high school,0.7,high
the sale of violent video games to minors should be banned,violent video games,minors,0.6,medium
the sale of violent video games to minors should be banned,violent video games,sales,0.6,medium
the sale of violent video games to minors should be banned,violent video games,violent video games,1.0,high
the sale of violent video games to minors should be banned,youth,minors,1.0,high
the sale of violent video games to minors should be banned,youth,violent video games,0.6,medium
the sale of violent video games to minors should be banned,youth violence,content rating,0.1,low
the sale of violent video games to minors should be banned,youth violence,effects,0.0,low
the sale of violent video games to minors should be banned,youth violence,gameplay,0.2,low
the sale of violent video games to minors should be banned,youth violence,minors,0.9,high
the sale of violent video games to minors should be banned,youth violence,sexual violence,0.7,high
the sale of violent video games to minors should be banned,youth violence,violent video games,0.6,medium
the school leaving age should be raised to 18,age,attainment,0.0,low
the school leaving age should be raised to 18,age,school leaving age,0.8,high
the school leaving age should be raised to 18,age,tertiary,0.0,low
the school leaving age should be raised to 18,apprenticeship,school leaving age,0.3,low
the school leaving age should be raised to 18,attainment,school leaving age,0.3,low
the school leaving age should be raised to 18,children,school leaving age,0.6,medium
the school leaving age should be raised to 18,classroom,school leaving age,0.4,medium
the school leaving age should be raised to 18,compulsory,apprenticeship,0.0,low
the school leaving age should be raised to 18,compulsory,children,0.1,low
the school leaving age should be raised to 18,compulsory,classroom,0.1,low
the school leaving age should be raised to 18,compulsory,school leaving age,0.3,low
the school leaving age should be raised to 18,compulsory education,apprenticeship,0.2,low
the school leaving age should be raised to 18,compulsory education,children,1.0,high
the school leaving age should be raised to 18,compulsory education,school leaving age,1.0,high
the school leaving age should be raised to 18,compulsory education,settings,0.0,low
the school leaving age should be raised to 18,curriculum,apprenticeship,0.3,low
the school leaving age should be raised to 18,curriculum,classroom,0.9,high
the school leaving age should be raised to 18,curriculum,knowledge,0.3,low
the school leaving age should be raised to 18,curriculum,school leaving age,0.2,low
the school leaving age should be raised to 18,curriculum,settings,0.1,low
the school leaving age should be raised to 18,curriculum,tertiary,0.2,low
the school leaving age should be raised to 18,education,apprenticeship,0.7,high
the school leaving age should be raised to 18,education,classroom,0.9,high
the school leaving age should be raised to 18,education,school leaving age,0.9,high
the school leaving age should be raised to 18,educational,children,0.7,high
the school leaving age should be raised to 18,educational,classroom,0.7,high
the school leaving age should be raised to 18,educational,school leaving age,0.5,medium
the school leaving age should be raised to 18,educational psychology,children,0.7,high
the school leaving age should be raised to 18,educational psychology,school leaving age,0.1,low
the school leaving age should be raised to 18,educational psychology,technology,0.0,low
the school leaving age should be raised to 18,formal education,children,0.9,high
the school leaving age should be raised to 18,formal education,school leaving age,0.6,medium
the school leaving age should be raised to 18,formal education,settings,0.0,low
the school leaving age should be raised to 18,formal education,technology,0.0,low
the school leaving age should be raised to 18,good citizens,apprenticeship,0.1,low
the school leaving age should be raised to 18,good citizens,leave,0.0,low
the school leaving age should be raised to 18,good citizens,school leaving age,0.1,low
the school leaving age should be raised to 18,good citizens,tertiary,0.0,low
the school leaving age should be raised to 18,good citizens,universities,0.1,low
the school leaving age should be raised to 18,higher education,school leaving age,0.6,medium
the school leaving age should be raised to 18,higher education,settings,0.0,low
the school leaving age should be raised to 18,knowledge,school leaving age,0.2,low
the school leaving age should be raised to 18,learning,school leaving age,0.7,high
the school leaving age should be raised to 18,leave,school leaving age,0.5,medium
the school leaving age should be raised to 18,post secondary,apprenticeship,0.5,medium
the school leaving age should be raised to 18,post secondary,leave,0.0,low
the school leaving age should be raised to 18,post secondary,school leaving age,0.5,medium
the school leaving age should be raised to 18,post secondary,tertiary,0.8,high
the school leaving age should be raised to 18,primary education,attainment,0.0,low
the school leaving age should be raised to 18,primary education,classroom,0.8,high
the school leaving age should be raised to 18,primary education,school leaving age,0.7,high
the school leaving age should be raised to 18,primary education,universities,0.5,medium
the school leaving age should be raised to 18,school leaving age,school leaving age,1.0,high
the school leaving age should be raised to 18,school leaving age,settings,0.0,low
the school leaving age should be raised to 18,schooling,attainment,0.1,low
the school leaving age should be raised to 18,schooling,school leaving age,0.9,high
the school leaving age should be raised to 18,schooling,tertiary,0.3,low
the school leaving age should be raised to 18,schools,children,1.0,high
the school leaving age should be raised to 18,schools,leave,0.1,low
the school leaving age should be raised to 18,schools,school leaving age,1.0,high
the school leaving age should be raised to 18,secondary,apprenticeship,0.1,low
the school leaving age should be raised to 18,secondary,attainment,0.0,low
the school leaving age should be raised to 18,secondary,school leaving age,0.1,low
the school leaving age should be raised to 18,secondary,settings,0.0,low
the school leaving age should be raised to 18,secondary education,apprenticeship,0.4,medium
the school leaving age should be raised to 18,secondary education,school leaving age,0.6,medium
the school leaving age should be raised to 18,secondary education,technology,0.0,low
the school leaving age should be raised to 18,settings,school leaving age,0.0,low
the school leaving age should be raised to 18,students,apprenticeship,0.6,medium
the school leaving age should be raised to 18,students,school leaving age,0.8,high
the school leaving age should be raised to 18,students,universities,1.0,high
the school leaving age should be raised to 18,technology,school leaving age,0.0,low
the school leaving age should be raised to 18,tertiary,school leaving age,0.0,low
the school leaving age should be raised to 18,tertiary education,leave,0.0,low
the school leaving age should be raised to 18,tertiary education,school leaving age,0.8,high
the school leaving age should be raised to 18,tertiary education,technology,0.0,low
the school leaving age should be raised to 18,tertiary education,universities,0.9,high
the school leaving age should be raised to 18,theory of education,classroom,0.7,high
the school leaving age should be raised to 18,theory of education,knowledge,0.7,high
the school leaving age should be raised to 18,theory of education,leave,0.0,low
the school leaving age should be raised to 18,theory of education,school leaving age,0.5,medium
the school leaving age should be raised to 18,theory of education,tertiary,0.2,low
the school leaving age should be raised to 18,universal primary education,attainment,0.0,low
the school leaving age should be raised to 18,universal primary education,children,1.0,high
the school leaving age should be raised to 18,universal primary education,classroom,0.6,medium
the school leaving age should be raised to 18,universal primary education,leave,0.0,low
the school leaving age should be raised to 18,universal primary education,school leaving age,0.7,high
the school leaving age should be raised to 18,universities,school leaving age,0.5,medium
the school leaving age should be raised to 18,virtual manipulatives,school leaving age,0.0,low
the school leaving age should be raised to 18,virtual manipulatives,settings,0.0,low
the school leaving age should be raised to 18,virtual manipulatives,technology,0.2,low
the school leaving age should be raised to 18,virtual manipulatives,tertiary,0.0,low
the united states is responsible for mexico's drugs war,agent brian terry,bureau of narcotics,0.3,low
the united states is responsible for mexico's drugs war,agent brian terry,colombia,0.0,low
the united states is responsible for mexico's drugs war,agent brian terry,drug trafficking organizations,0.4,medium
the united states is responsible for mexico's drugs war,agent brian terry,drugs war,0.6,medium
the united states is responsible for mexico's drugs war,agent brian terry,federal and local,0.2,low
the united states is responsible for mexico's drugs war,agent brian terry,mexico,0.5,medium
the united states is responsible for mexico's drugs war,agent brian terry,phoenix,0.2,low
the united states is responsible for mexico's drugs war,agent brian terry,police forces,0.6,medium
the united states is responsible for mexico's drugs war,agent brian terry,president felipe calder??n,0.0,low
the united states is responsible for mexico's drugs war,agent brian terry,training and equipment,0.0,low
the united states is responsible for mexico's drugs war,agent brian terry,united states,0.9,high
the united states is responsible for mexico's drugs war,atf agents,attorney general,0.3,low
the united states is responsible for mexico's drugs war,atf agents,drug enforcement administration,0.6,medium
the united states is responsible for mexico's drugs war,atf agents,drug trade,0.8,high
the united states is responsible for mexico's drugs war,atf agents,drug trafficking organizations,0.6,medium
the united states is responsible for mexico's drugs war,atf agents,drugs war,0.8,high
the united states is responsible for mexico's drugs war,atf agents,mexico,0.5,medium
the united states is responsible for mexico's drugs war,atf agents,phoenix,0.2,low
the united states is responsible for mexico's drugs war,atf agents,smuggling,0.7,high
the united states is responsible for mexico's drugs war,atf agents,united states,0.9,high
the united states is responsible for mexico's drugs war,attorney,drugs war,0.0,low
the united states is responsible for mexico's drugs war,attorney,mexico,0.0,low
the united states is responsible for mexico's drugs war,attorney,united states,0.1,low
the united states is responsible for mexico's drugs war,attorney general,drugs war,0.1,low
the united states is responsible for mexico's drugs war,attorney general,mexico,0.0,low
the united states is responsible for mexico's drugs war,attorney general,united states,0.2,low
the united states is responsible for mexico's drugs war,attorney general holder,attorney general,1.0,high
the united states is responsible for mexico's drugs war,attorney general holder,central america,0.0,low
the united states is responsible for mexico's drugs war,attorney general holder,district of arizona,0.2,low
the united states is responsible for mexico's drugs war,attorney general holder,drug enforcement administration,0.2,low
the united states is responsible for mexico's drugs war,attorney general holder,drug trafficking organizations,0.2,low
the united states is responsible for mexico's drugs war,attorney general holder,drugs war,0.5,medium
the united states is responsible for mexico's drugs war,attorney general holder,law enforcement officials,0.7,high
the united states is responsible for mexico's drugs war,attorney general holder,marijuana,0.0,low
the united states is responsible for mexico's drugs war,attorney general holder,mexico,0.1,low
the united states is responsible for mexico's drugs war,attorney general holder,plan colombia,0.1,low
the united states is responsible for mexico's drugs war,attorney general holder,united states,0.6,medium
the united states is responsible for mexico's drugs war,bureau of narcotics,drugs war,0.9,high
the united states is responsible for mexico's drugs war,bureau of narcotics,mexico,0.2,low
the united states is responsible for mexico's drugs war,bureau of narcotics,united states,0.8,high
the united states is responsible for mexico's drugs war,cartel,attorney,0.0,low
the united states is responsible for mexico's drugs war,cartel,department,0.0,low
the united states is responsible for mexico's drugs war,cartel,drugs war,0.9,high
the united states is responsible for mexico's drugs war,cartel,federal and local,0.0,low
the united states is responsible for mexico's drugs war,cartel,mexico,0.6,medium
the united states is responsible for mexico's drugs war,cartel,phoenix,0.1,low
the united states is responsible for mexico's drugs war,cartel,plan colombia,0.7,high
the united states is responsible for mexico's drugs war,cartel,united states,0.0,low
the united states is responsible for mexico's drugs war,cartels,drugs war,0.9,high
the united states is responsible for mexico's drugs war,cartels,federal and local,0.1,low
the united states is responsible for mexico's drugs war,cartels,mexico,0.6,medium
the united states is responsible for mexico's drugs war,cartels,plan colombia,0.7,high
the united states is responsible for mexico's drugs war,cartels,united states,0.0,low
the united states is responsible for mexico's drugs war,cartels,wide receiver,0.5,medium
the united states is responsible for mexico's drugs war,central america,drugs war,0.7,high
the united states is responsible for mexico's drugs war,central america,mexico,1.0,high
the united states is responsible for mexico's drugs war,central america,united states,0.4,medium
the united states is responsible for mexico's drugs war,central american countries,drug enforcement administration,0.2,low
the united states is responsible for mexico's drugs war,central american countries,drug trafficking organizations,0.6,medium
the united states is responsible for mexico's drugs war,central american countries,drugs war,0.6,medium
the united states is responsible for mexico's drugs war,central american countries,gunwalking,0.3,low
the united states is responsible for mexico's drugs war,central american countries,la familia,0.3,low
the united states is responsible for mexico's drugs war,central american countries,marijuana,0.6,medium
the united states is responsible for mexico's drugs war,central american countries,mexico,0.7,high
the united states is responsible for mexico's drugs war,central american countries,michoac??¿1⁄2n,0.3,low
the united states is responsible for mexico's drugs war,central american countries,phoenix,0.0,low
the united states is responsible for mexico's drugs war,central american countries,police forces,0.3,low
the united states is responsible for mexico's drugs war,central american countries,president felipe calder??n,0.5,medium
the united states is responsible for mexico's drugs war,central american countries,united states,0.5,medium
the united states is responsible for mexico's drugs war,central american countries,wide receiver,0.2,low
the united states is responsible for mexico's drugs war,cocaine,bureau of narcotics,1.0,high
the united states is responsible for mexico's drugs war,cocaine,colombian,0.5,medium
the united states is responsible for mexico's drugs war,cocaine,drug trade,1.0,high
the united states is responsible for mexico's drugs war,cocaine,drugs war,1.0,high
the united states is responsible for mexico's drugs war,cocaine,la familia,1.0,high
the united states is responsible for mexico's drugs war,cocaine,mexico,0.2,low
the united states is responsible for mexico's drugs war,cocaine,united states,0.0,low
the united states is responsible for mexico's drugs war,colombia,drugs war,0.7,high
the united states is responsible for mexico's drugs war,colombia,mexico,0.3,low
the united states is responsible for mexico's drugs war,colombia,united states,0.2,low
the united states is responsible for mexico's drugs war,colombian,drugs war,0.7,high
the united states is responsible for mexico's drugs war,colombian,mexico,0.1,low
the united states is responsible for mexico's drugs war,colombian,united states,0.0,low
the united states is responsible for mexico's drugs war,department,drugs war,0.0,low
the united states is responsible for mexico's drugs war,department,mexico,0.0,low
the united states is responsible for mexico's drugs war,department,united states,0.0,low
the united states is responsible for mexico's drugs war,district of arizona,drugs war,0.3,low
the united states is responsible for mexico's drugs war,district of arizona,mexico,0.2,low
the united states is responsible for mexico's drugs war,district of arizona,united states,0.7,high
the united states is responsible for mexico's drugs war,drug,colombia,0.4,medium
the united states is responsible for mexico's drugs war,drug,drugs war,1.0,high
the united states is responsible for mexico's drugs war,drug,gunwalking,0.2,low
the united states is responsible for mexico's drugs war,drug,law enforcement efforts,0.6,medium
the united states is responsible for mexico's drugs war,drug,mexico,0.4,medium
the united states is responsible for mexico's drugs war,drug,training and equipment,0.0,low
the united states is responsible for mexico's drugs war,drug,united states,0.2,low
the united states is responsible for mexico's drugs war,drug cartels,attorney general,0.1,low
the united states is responsible for mexico's drugs war,drug cartels,colombia,0.8,high
the united states is responsible for mexico's drugs war,drug cartels,drug trade,1.0,high
the united states is responsible for mexico's drugs war,drug cartels,drug trafficking organizations,0.9,high
the united states is responsible for mexico's drugs war,drug cartels,drugs war,1.0,high
the united states is responsible for mexico's drugs war,drug cartels,ju??¿1⁄2rez cartel,0.9,high
the united states is responsible for mexico's drugs war,drug cartels,la familia,1.0,high
the united states is responsible for mexico's drugs war,drug cartels,mexico,0.8,high
the united states is responsible for mexico's drugs war,drug cartels,training and equipment,0.1,low
the united states is responsible for mexico's drugs war,drug cartels,united states,0.1,low
the united states is responsible for mexico's drugs war,drug control,drugs war,1.0,high
the united states is responsible for mexico's drugs war,drug control,mexico,0.6,medium
the united states is responsible for mexico's drugs war,drug control,united states,0.5,medium
the united states is responsible for mexico's drugs war,drug enforcement administration,drugs war,1.0,high
the united states is responsible for mexico's drugs war,drug enforcement administration,mexico,0.5,medium
the united states is responsible for mexico's drugs war,drug enforcement administration,united states,0.8,high
the united states is responsible for mexico's drugs war,drug trade,drugs war,1.0,high
the united states is responsible for mexico's drugs war,drug trade,mexico,0.6,medium
the united states is responsible for mexico's drugs war,drug trade,united states,0.3,low
the united states is responsible for mexico's drugs war,drug traffickers,attorney general,0.1,low
the united states is responsible for mexico's drugs war,drug traffickers,colombia,0.6,medium
the united states is responsible for mexico's drugs war,drug traffickers,drug trade,1.0,high
the united states is responsible for mexico's drugs war,drug traffickers,drugs war,1.0,high
the united states is responsible for mexico's drugs war,drug traffickers,early to mid,0.0,low
the united states is responsible for mexico's drugs war,drug traffickers,ju??¿1⁄2rez cartel,1.0,high
the united states is responsible for mexico's drugs war,drug traffickers,mexico,0.9,high
the united states is responsible for mexico's drugs war,drug traffickers,tamaulipas,0.4,medium
the united states is responsible for mexico's drugs war,drug traffickers,united states,0.7,high
the united states is responsible for mexico's drugs war,drug traffickers,wide receiver,0.5,medium
the united states is responsible for mexico's drugs war,drug trafficking,colombian,0.4,medium
the united states is responsible for mexico's drugs war,drug trafficking,drugs war,1.0,high
the united states is responsible for mexico's drugs war,drug trafficking,law enforcement officials,0.5,medium
the united states is responsible for mexico's drugs war,drug trafficking,mexico,0.8,high
the united states is responsible for mexico's drugs war,drug trafficking,united states,0.7,high
the united states is responsible for mexico's drugs war,drug trafficking organizations,drugs war,1.0,high
the united states is responsible for mexico's drugs war,drug trafficking organizations,mexico,0.9,high
the united states is responsible for mexico's drugs war,drug trafficking organizations,united states,0.5,medium
the united states is responsible for mexico's drugs war,drugs,district of arizona,0.1,low
the united states is responsible for mexico's drugs war,drugs,drug trafficking organizations,0.9,high
the united states is responsible for mexico's drugs war,drugs,drugs war,1.0,high
the united states is responsible for mexico's drugs war,drugs,federal police,0.6,medium
the united states is responsible for mexico's drugs war,drugs,law enforcement efforts,0.6,medium
the united states is responsible for mexico's drugs war,drugs,mexico,0.5,medium
the united states is responsible for mexico's drugs war,drugs,police forces,0.4,medium
the united states is responsible for mexico's drugs war,drugs,president felipe calder??n,0.2,low
the united states is responsible for mexico's drugs war,drugs,united states,0.1,low
the united states is responsible for mexico's drugs war,early to mid,drugs war,0.0,low
the united states is responsible for mexico's drugs war,early to mid,mexico,0.0,low
the united states is responsible for mexico's drugs war,early to mid,united states,0.0,low
the united states is responsible for mexico's drugs war,fast and furious,bureau of narcotics,0.2,low
the united states is responsible for mexico's drugs war,fast and furious,drugs war,0.6,medium
the united states is responsible for mexico's drugs war,fast and furious,mexico,0.7,high
the united states is responsible for mexico's drugs war,fast and furious,smuggling,0.8,high
the united states is responsible for mexico's drugs war,fast and furious,tamaulipas,0.1,low
the united states is responsible for mexico's drugs war,fast and furious,united states,0.8,high
the united states is responsible for mexico's drugs war,federal and local,drugs war,0.1,low
the united states is responsible for mexico's drugs war,federal and local,mexico,0.1,low
the united states is responsible for mexico's drugs war,federal and local,united states,0.2,low
the united states is responsible for mexico's drugs war,federal police,drugs war,0.8,high
the united states is responsible for mexico's drugs war,federal police,mexico,0.2,low
the united states is responsible for mexico's drugs war,federal police,united states,0.4,medium
the united states is responsible for mexico's drugs war,firearms,attorney,0.1,low
the united states is responsible for mexico's drugs war,firearms,bureau of narcotics,0.1,low
the united states is responsible for mexico's drugs war,firearms,central america,0.2,low
the united states is responsible for mexico's drugs war,firearms,department,0.0,low
the united states is responsible for mexico's drugs war,firearms,drug trafficking organizations,0.6,medium
the united states is responsible for mexico's drugs war,firearms,drugs war,0.9,high
the united states is responsible for mexico's drugs war,firearms,federal and local,0.0,low
the united states is responsible for mexico's drugs war,firearms,mexico,0.3,low
the united states is responsible for mexico's drugs war,firearms,smuggling,0.8,high
the united states is responsible for mexico's drugs war,firearms,training and equipment,0.4,medium
the united states is responsible for mexico's drugs war,firearms,united states,0.3,low
the united states is responsible for mexico's drugs war,guns,department,0.0,low
the united states is responsible for mexico's drugs war,guns,drugs war,0.9,high
the united states is responsible for mexico's drugs war,guns,federal and local,0.0,low
the united states is responsible for mexico's drugs war,guns,federal police,0.5,medium
the united states is responsible for mexico's drugs war,guns,law enforcement efforts,0.3,low
the united states is responsible for mexico's drugs war,guns,mexico,0.3,low
the united states is responsible for mexico's drugs war,guns,united states,0.3,low
the united states is responsible for mexico's drugs war,guns,wide receiver,0.7,high
the united states is responsible for mexico's drugs war,gunwalking,drugs war,0.7,high
the united states is responsible for mexico's drugs war,gunwalking,mexico,0.8,high
the united states is responsible for mexico's drugs war,gunwalking,united states,0.8,high
the united states is responsible for mexico's drugs war,ju?ï¿1⁄2rez cartel,drugs war,0.7,high
the united states is responsible for mexico's drugs war,ju?ï¿1⁄2rez cartel,mexico,0.8,high
the united states is responsible for mexico's drugs war,ju?ï¿1⁄2rez cartel,united states,0.4,medium
the united states is responsible for mexico's drugs war,la familia,drugs war,0.8,high
the united states is responsible for mexico's drugs war,la familia,mexico,0.8,high
the united states is responsible for mexico's drugs war,la familia,united states,0.2,low
the united states is responsible for mexico's drugs war,law enforcement,colombia,0.1,low
the united states is responsible for mexico's drugs war,law enforcement,colombian,0.0,low
the united states is responsible for mexico's drugs war,law enforcement,drug control,1.0,high
the united states is responsible for mexico's drugs war,law enforcement,drug trafficking organizations,0.8,high
the united states is responsible for mexico's drugs war,law enforcement,drugs war,0.7,high
the united states is responsible for mexico's drugs war,law enforcement,law enforcement officials,1.0,high
the united states is responsible for mexico's drugs war,law enforcement,mexico,0.3,low
the united states is responsible for mexico's drugs war,law enforcement,phoenix,0.1,low
the united states is responsible for mexico's drugs war,law enforcement,plan colombia,0.6,medium
the united states is responsible for mexico's drugs war,law enforcement,smuggling,0.6,medium
the united states is responsible for mexico's drugs war,law enforcement,tamaulipas,0.1,low
the united states is responsible for mexico's drugs war,law enforcement,united states,0.2,low
the united states is responsible for mexico's drugs war,law enforcement efforts,drugs war,0.8,high
the united states is responsible for mexico's drugs war,law enforcement efforts,mexico,0.2,low
the united states is responsible for mexico's drugs war,law enforcement efforts,united states,0.1,low
the united states is responsible for mexico's drugs war,law enforcement officials,drugs war,0.6,medium
the united states is responsible for mexico's drugs war,law enforcement officials,mexico,0.2,low
the united states is responsible for mexico's drugs war,law enforcement officials,united states,0.2,low
the united states is responsible for mexico's drugs war,local law enforcement,attorney general,0.3,low
the united states is responsible for mexico's drugs war,local law enforcement,department,0.4,medium
the united states is responsible for mexico's drugs war,local law enforcement,drugs war,0.3,low
the united states is responsible for mexico's drugs war,local law enforcement,federal police,0.9,high
the united states is responsible for mexico's drugs war,local law enforcement,law enforcement efforts,1.0,high
the united states is responsible for mexico's drugs war,local law enforcement,mexico,0.2,low
the united states is responsible for mexico's drugs war,local law enforcement,michoac??¿1⁄2n,0.1,low
the united states is responsible for mexico's drugs war,local law enforcement,united states,0.1,low
the united states is responsible for mexico's drugs war,local law enforcement,wide receiver,0.1,low
the united states is responsible for mexico's drugs war,los zetas cartel,central america,0.7,high
the united states is responsible for mexico's drugs war,los zetas cartel,district of arizona,0.1,low
the united states is responsible for mexico's drugs war,los zetas cartel,drug control,1.0,high
the united states is responsible for mexico's drugs war,los zetas cartel,drug enforcement administration,0.7,high
the united states is responsible for mexico's drugs war,los zetas cartel,drugs war,0.9,high
the united states is responsible for mexico's drugs war,los zetas cartel,mexico,0.9,high
the united states is responsible for mexico's drugs war,los zetas cartel,phoenix,0.1,low
the united states is responsible for mexico's drugs war,los zetas cartel,plan colombia,0.2,low
the united states is responsible for mexico's drugs war,los zetas cartel,president felipe calder??n,0.2,low
the united states is responsible for mexico's drugs war,los zetas cartel,smuggling,0.8,high
the united states is responsible for mexico's drugs war,los zetas cartel,training and equipment,0.1,low
the united states is responsible for mexico's drugs war,los zetas cartel,united states,0.4,medium
the united states is responsible for mexico's drugs war,m??rida initiative,drugs war,0.7,high
the united states is responsible for mexico's drugs war,m??rida initiative,federal police,0.3,low
the united states is responsible for mexico's drugs war,m??rida initiative,gunwalking,0.3,low
the united states is responsible for mexico's drugs war,m??rida initiative,mexico,0.7,high
the united states is responsible for mexico's drugs war,m??rida initiative,police forces,0.3,low
the united states is responsible for mexico's drugs war,m??rida initiative,smuggling,0.5,medium
the united states is responsible for mexico's drugs war,m??rida initiative,united states,0.7,high
the united states is responsible for mexico's drugs war,marijuana,drugs war,1.0,high
the united states is responsible for mexico's drugs war,marijuana,mexico,0.2,low
the united states is responsible for mexico's drugs war,marijuana,united states,0.1,low
the united states is responsible for mexico's drugs war,mexican,attorney,0.0,low
the united states is responsible for mexico's drugs war,mexican,colombia,0.1,low
the united states is responsible for mexico's drugs war,mexican,department,0.0,low
the united states is responsible for mexico's drugs war,mexican,district of arizona,0.0,low
the united states is responsible for mexico's drugs war,mexican,drugs war,1.0,high
the united states is responsible for mexico's drugs war,mexican,early to mid,0.0,low
the united states is responsible for mexico's drugs war,mexican,mexico,1.0,high
the united states is responsible for mexico's drugs war,mexican,phoenix,0.0,low
the united states is responsible for mexico's drugs war,mexican,united states,0.4,medium
the united states is responsible for mexico's drugs war,mexican cartels,attorney,0.0,low
the united states is responsible for mexico's drugs war,mexican cartels,drug enforcement administration,0.9,high
the united states is responsible for mexico's drugs war,mexican cartels,drugs war,0.9,high
the united states is responsible for mexico's drugs war,mexican cartels,mexico,1.0,high
the united states is responsible for mexico's drugs war,mexican cartels,plan colombia,0.2,low
the united states is responsible for mexico's drugs war,mexican cartels,training and equipment,0.2,low
the united states is responsible for mexico's drugs war,mexican cartels,united states,0.4,medium
the united states is responsible for mexico's drugs war,mexican drug cartels,central america,0.8,high
the united states is responsible for mexico's drugs war,mexican drug cartels,drugs war,1.0,high
the united states is responsible for mexico's drugs war,mexican drug cartels,federal and local,0.1,low
the united states is responsible for mexico's drugs war,mexican drug cartels,la familia,1.0,high
the united states is responsible for mexico's drugs war,mexican drug cartels,law enforcement efforts,0.7,high
the united states is responsible for mexico's drugs war,mexican drug cartels,law enforcement officials,0.5,medium
the united states is responsible for mexico's drugs war,mexican drug cartels,mexico,1.0,high
the united states is responsible for mexico's drugs war,mexican drug cartels,training and equipment,0.2,low
the united states is responsible for mexico's drugs war,mexican drug cartels,united states,0.5,medium
the united states is responsible for mexico's drugs war,mexican government,drugs war,0.8,high
the united states is responsible for mexico's drugs war,mexican government,ju??¿1⁄2rez cartel,0.5,medium
the united states is responsible for mexico's drugs war,mexican government,law enforcement efforts,0.2,low
the united states is responsible for mexico's drugs war,mexican government,mexico,1.0,high
the united states is responsible for mexico's drugs war,mexican government,president felipe calder??n,0.9,high
the united states is responsible for mexico's drugs war,mexican government,smuggling,0.2,low
the united states is responsible for mexico's drugs war,mexican government,united states,0.1,low
the united states is responsible for mexico's drugs war,mexican law enforcement,attorney general,0.1,low
the united states is responsible for mexico's drugs war,mexican law enforcement,drug enforcement administration,0.5,medium
the united states is responsible for mexico's drugs war,mexican law enforcement,drugs war,0.9,high
the united states is responsible for mexico's drugs war,mexican law enforcement,early to mid,0.0,low
the united states is responsible for mexico's drugs war,mexican law enforcement,gunwalking,0.5,medium
the united states is responsible for mexico's drugs war,mexican law enforcement,law enforcement efforts,1.0,high
the united states is responsible for mexico's drugs war,mexican law enforcement,law enforcement officials,0.9,high
the united states is responsible for mexico's drugs war,mexican law enforcement,mexico,1.0,high
the united states is responsible for mexico's drugs war,mexican law enforcement,plan colombia,0.1,low
the united states is responsible for mexico's drugs war,mexican law enforcement,smuggling,0.6,medium
the united states is responsible for mexico's drugs war,mexican law enforcement,training and equipment,0.3,low
the united states is responsible for mexico's drugs war,mexican law enforcement,united states,0.0,low
the united states is responsible for mexico's drugs war,mexican law enforcement,wide receiver,0.5,medium
the united states is responsible for mexico's drugs war,mexico,colombian,0.1,low
the united states is responsible for mexico's drugs war,mexico,drugs war,1.0,high
the united states is responsible for mexico's drugs war,mexico,early to mid,0.0,low
the united states is responsible for mexico's drugs war,mexico,federal and local,0.1,low
the united states is responsible for mexico's drugs war,mexico,federal police,0.0,low
the united states is responsible for mexico's drugs war,mexico,gunwalking,0.7,high
the united states is responsible for mexico's drugs war,mexico,law enforcement officials,0.2,low
the united states is responsible for mexico's drugs war,mexico,mexico,1.0,high
the united states is responsible for mexico's drugs war,mexico,michoac??¿1⁄2n,0.7,high
the united states is responsible for mexico's drugs war,mexico,united states,0.8,high
the united states is responsible for mexico's drugs war,michoac?ï¿1⁄2n,drugs war,0.1,low
the united states is responsible for mexico's drugs war,michoac?ï¿1⁄2n,mexico,0.6,medium
the united states is responsible for mexico's drugs war,michoac?ï¿1⁄2n,united states,0.0,low
the united states is responsible for mexico's drugs war,phoenix,drugs war,0.3,low
the united states is responsible for mexico's drugs war,phoenix,mexico,0.2,low
the united states is responsible for mexico's drugs war,phoenix,united states,0.6,medium
the united states is responsible for mexico's drugs war,plan colombia,drugs war,0.9,high
the united states is responsible for mexico's drugs war,plan colombia,mexico,0.1,low
the united states is responsible for mexico's drugs war,plan colombia,united states,0.9,high
the united states is responsible for mexico's drugs war,police forces,drugs war,0.9,high
the united states is responsible for mexico's drugs war,police forces,mexico,0.2,low
the united states is responsible for mexico's drugs war,police forces,united states,0.2,low
the united states is responsible for mexico's drugs war,president felipe calder??n,drugs war,0.6,medium
the united states is responsible for mexico's drugs war,president felipe calder??n,mexico,0.9,high
the united states is responsible for mexico's drugs war,president felipe calder??n,united states,0.0,low
the united states is responsible for mexico's drugs war,project gunrunner,attorney,0.0,low
the united states is responsible for mexico's drugs war,project gunrunner,bureau of narcotics,0.4,medium
the united states is responsible for mexico's drugs war,project gunrunner,drugs war,0.8,high
the united states is responsible for mexico's drugs war,project gunrunner,mexico,0.9,high
the united states is responsible for mexico's drugs war,project gunrunner,phoenix,0.5,medium
the united states is responsible for mexico's drugs war,project gunrunner,president felipe calder??n,0.1,low
the united states is responsible for mexico's drugs war,project gunrunner,smuggling,1.0,high
the united states is responsible for mexico's drugs war,project gunrunner,united states,0.9,high
the united states is responsible for mexico's drugs war,sinaloa cartel,attorney general,0.0,low
the united states is responsible for mexico's drugs war,sinaloa cartel,drug control,1.0,high
the united states is responsible for mexico's drugs war,sinaloa cartel,drugs war,0.9,high
the united states is responsible for mexico's drugs war,sinaloa cartel,gunwalking,0.4,medium
the united states is responsible for mexico's drugs war,sinaloa cartel,marijuana,0.8,high
the united states is responsible for mexico's drugs war,sinaloa cartel,mexico,0.9,high
the united states is responsible for mexico's drugs war,sinaloa cartel,phoenix,0.4,medium
the united states is responsible for mexico's drugs war,sinaloa cartel,training and equipment,0.0,low
the united states is responsible for mexico's drugs war,sinaloa cartel,united states,0.5,medium
the united states is responsible for mexico's drugs war,smuggling,drugs war,0.9,high
the united states is responsible for mexico's drugs war,smuggling,mexico,0.5,medium
the united states is responsible for mexico's drugs war,smuggling,united states,0.4,medium
the united states is responsible for mexico's drugs war,tamaulipas,drugs war,0.4,medium
the united states is responsible for mexico's drugs war,tamaulipas,mexico,0.9,high
the united states is responsible for mexico's drugs war,tamaulipas,united states,0.1,low
the united states is responsible for mexico's drugs war,training and equipment,drugs war,0.1,low
the united states is responsible for mexico's drugs war,training and equipment,mexico,0.0,low
the united states is responsible for mexico's drugs war,training and equipment,united states,0.0,low
the united states is responsible for mexico's drugs war,u.s,colombian,0.1,low
the united states is responsible for mexico's drugs war,u.s,district of arizona,1.0,high
the united states is responsible for mexico's drugs war,u.s,drugs war,0.6,medium
the united states is responsible for mexico's drugs war,u.s,mexico,0.7,high
the united states is responsible for mexico's drugs war,u.s,police forces,0.2,low
the united states is responsible for mexico's drugs war,u.s,united states,0.9,high
the united states is responsible for mexico's drugs war,u.s state department,bureau of narcotics,0.4,medium
the united states is responsible for mexico's drugs war,u.s state department,central america,0.2,low
the united states is responsible for mexico's drugs war,u.s state department,district of arizona,0.4,medium
the united states is responsible for mexico's drugs war,u.s state department,drug trade,0.1,low
the united states is responsible for mexico's drugs war,u.s state department,drug trafficking organizations,0.3,low
the united states is responsible for mexico's drugs war,u.s state department,drugs war,0.4,medium
the united states is responsible for mexico's drugs war,u.s state department,early to mid,0.0,low
the united states is responsible for mexico's drugs war,u.s state department,marijuana,0.1,low
the united states is responsible for mexico's drugs war,u.s state department,mexico,0.0,low
the united states is responsible for mexico's drugs war,u.s state department,michoac??¿1⁄2n,0.0,low
the united states is responsible for mexico's drugs war,u.s state department,police forces,0.4,medium
the united states is responsible for mexico's drugs war,u.s state department,united states,1.0,high
the united states is responsible for mexico's drugs war,u.s state department,wide receiver,0.2,low
the united states is responsible for mexico's drugs war,war on drugs,attorney general,0.1,low
the united states is responsible for mexico's drugs war,war on drugs,central america,0.8,high
the united states is responsible for mexico's drugs war,war on drugs,drug trafficking organizations,0.8,high
the united states is responsible for mexico's drugs war,war on drugs,drugs war,1.0,high
the united states is responsible for mexico's drugs war,war on drugs,federal police,0.8,high
the united states is responsible for mexico's drugs war,war on drugs,law enforcement efforts,1.0,high
the united states is responsible for mexico's drugs war,war on drugs,mexico,1.0,high
the united states is responsible for mexico's drugs war,war on drugs,united states,1.0,high
the united states is responsible for mexico's drugs war,wide receiver,drugs war,0.6,medium
the united states is responsible for mexico's drugs war,wide receiver,mexico,0.5,medium
the united states is responsible for mexico's drugs war,wide receiver,united states,0.8,high
the us is justified in using force to prevent states from acquiring nuclear weapons,atomic energy,nuclear weapons,0.8,high
the us is justified in using force to prevent states from acquiring nuclear weapons,atomic energy,states,0.1,low
the us is justified in using force to prevent states from acquiring nuclear weapons,atomic energy,us,0.2,low
the us is justified in using force to prevent states from acquiring nuclear weapons,bombs,nuclear weapons,1.0,high
the us is justified in using force to prevent states from acquiring nuclear weapons,bombs,states,0.2,low
the us is justified in using force to prevent states from acquiring nuclear weapons,bombs,us,0.1,low
the us is justified in using force to prevent states from acquiring nuclear weapons,cold war,heavy water,0.0,low
the us is justified in using force to prevent states from acquiring nuclear weapons,cold war,nations,0.5,medium
the us is justified in using force to prevent states from acquiring nuclear weapons,cold war,nuclear suppliers group,0.0,low
the us is justified in using force to prevent states from acquiring nuclear weapons,cold war,nuclear weapons,0.6,medium
the us is justified in using force to prevent states from acquiring nuclear weapons,cold war,policy of deterrence,0.8,high
the us is justified in using force to prevent states from acquiring nuclear weapons,cold war,states,0.4,medium
the us is justified in using force to prevent states from acquiring nuclear weapons,cold war,us,1.0,high
the us is justified in using force to prevent states from acquiring nuclear weapons,cold war,world war ii,0.5,medium
the us is justified in using force to prevent states from acquiring nuclear weapons,defending state,nuclear weapons,0.3,low
the us is justified in using force to prevent states from acquiring nuclear weapons,defending state,states,0.8,high
the us is justified in using force to prevent states from acquiring nuclear weapons,defending state,us,0.2,low
the us is justified in using force to prevent states from acquiring nuclear weapons,defending states,nuclear weapons,0.3,low
the us is justified in using force to prevent states from acquiring nuclear weapons,defending states,states,0.9,high
the us is justified in using force to prevent states from acquiring nuclear weapons,defending states,us,0.2,low
the us is justified in using force to prevent states from acquiring nuclear weapons,deterrence,nuclear weapons,0.9,high
the us is justified in using force to prevent states from acquiring nuclear weapons,deterrence,security council,0.3,low
the us is justified in using force to prevent states from acquiring nuclear weapons,deterrence,states,0.2,low
the us is justified in using force to prevent states from acquiring nuclear weapons,deterrence,us,0.2,low
the us is justified in using force to prevent states from acquiring nuclear weapons,deterrence,ussr,0.3,low
the us is justified in using force to prevent states from acquiring nuclear weapons,developing nuclear weapons,nuclear weapons,1.0,high
the us is justified in using force to prevent states from acquiring nuclear weapons,developing nuclear weapons,states,0.6,medium
the us is justified in using force to prevent states from acquiring nuclear weapons,developing nuclear weapons,us,0.6,medium
the us is justified in using force to prevent states from acquiring nuclear weapons,dprk,nuclear weapons,0.8,high
the us is justified in using force to prevent states from acquiring nuclear weapons,dprk,states,0.4,medium
the us is justified in using force to prevent states from acquiring nuclear weapons,dprk,us,0.4,medium
the us is justified in using force to prevent states from acquiring nuclear weapons,enriched uranium,nuclear weapons,1.0,high
the us is justified in using force to prevent states from acquiring nuclear weapons,enriched uranium,states,0.1,low
the us is justified in using force to prevent states from acquiring nuclear weapons,enriched uranium,us,0.2,low
the us is justified in using force to prevent states from acquiring nuclear weapons,george w bush,nuclear weapons,0.1,low
the us is justified in using force to prevent states from acquiring nuclear weapons,george w bush,states,0.0,low
the us is justified in using force to prevent states from acquiring nuclear weapons,george w bush,us,1.0,high
the us is justified in using force to prevent states from acquiring nuclear weapons,heavy water,nuclear weapons,0.9,high
the us is justified in using force to prevent states from acquiring nuclear weapons,heavy water,states,0.0,low
the us is justified in using force to prevent states from acquiring nuclear weapons,heavy water,us,0.1,low
the us is justified in using force to prevent states from acquiring nuclear weapons,highly enriched uranium,north korean,0.2,low
the us is justified in using force to prevent states from acquiring nuclear weapons,highly enriched uranium,nuclear weapons,1.0,high
the us is justified in using force to prevent states from acquiring nuclear weapons,highly enriched uranium,policy of deterrence,0.3,low
the us is justified in using force to prevent states from acquiring nuclear weapons,highly enriched uranium,states,0.1,low
the us is justified in using force to prevent states from acquiring nuclear weapons,highly enriched uranium,us,0.1,low
the us is justified in using force to prevent states from acquiring nuclear weapons,india and pakistan,defending states,0.0,low
the us is justified in using force to prevent states from acquiring nuclear weapons,india and pakistan,heavy water,0.2,low
the us is justified in using force to prevent states from acquiring nuclear weapons,india and pakistan,nuclear test,0.3,low
the us is justified in using force to prevent states from acquiring nuclear weapons,india and pakistan,nuclear weapons,0.7,high
the us is justified in using force to prevent states from acquiring nuclear weapons,india and pakistan,policy of deterrence,0.3,low
the us is justified in using force to prevent states from acquiring nuclear weapons,india and pakistan,president ronald reagan,0.0,low
the us is justified in using force to prevent states from acquiring nuclear weapons,india and pakistan,states,0.8,high
the us is justified in using force to prevent states from acquiring nuclear weapons,india and pakistan,us,0.2,low
the us is justified in using force to prevent states from acquiring nuclear weapons,international,nuclear weapons,0.1,low
the us is justified in using force to prevent states from acquiring nuclear weapons,international,states,0.5,medium
the us is justified in using force to prevent states from acquiring nuclear weapons,international,us,0.2,low
the us is justified in using force to prevent states from acquiring nuclear weapons,joined the npt,nuclear weapons,0.7,high
the us is justified in using force to prevent states from acquiring nuclear weapons,joined the npt,states,0.7,high
the us is justified in using force to prevent states from acquiring nuclear weapons,joined the npt,us,1.0,high
the us is justified in using force to prevent states from acquiring nuclear weapons,missile,nuclear weapons,0.9,high
the us is justified in using force to prevent states from acquiring nuclear weapons,missile,states,0.1,low
the us is justified in using force to prevent states from acquiring nuclear weapons,missile,us,0.1,low
the us is justified in using force to prevent states from acquiring nuclear weapons,mutually assured destruction,defending state,0.4,medium
the us is justified in using force to prevent states from acquiring nuclear weapons,mutually assured destruction,enriched uranium,0.2,low
the us is justified in using force to prevent states from acquiring nuclear weapons,mutually assured destruction,george w bush,0.0,low
the us is justified in using force to prevent states from acquiring nuclear weapons,mutually assured destruction,heavy water,0.0,low
the us is justified in using force to prevent states from acquiring nuclear weapons,mutually assured destruction,joined the npt,0.3,low
the us is justified in using force to prevent states from acquiring nuclear weapons,mutually assured destruction,missile,0.3,low
the us is justified in using force to prevent states from acquiring nuclear weapons,mutually assured destruction,nuclear suppliers group,0.2,low
the us is justified in using force to prevent states from acquiring nuclear weapons,mutually assured destruction,nuclear test,0.1,low
the us is justified in using force to prevent states from acquiring nuclear weapons,mutually assured destruction,nuclear weapons,1.0,high
the us is justified in using force to prevent states from acquiring nuclear weapons,mutually assured destruction,states,0.2,low
the us is justified in using force to prevent states from acquiring nuclear weapons,mutually assured destruction,us,0.4,medium
the us is justified in using force to prevent states from acquiring nuclear weapons,nations,nuclear weapons,0.2,low
the us is justified in using force to prevent states from acquiring nuclear weapons,nations,states,0.9,high
the us is justified in using force to prevent states from acquiring nuclear weapons,nations,us,0.7,high
the us is justified in using force to prevent states from acquiring nuclear weapons,north korea,bombs,0.3,low
the us is justified in using force to prevent states from acquiring nuclear weapons,north korea,international,0.0,low
the us is justified in using force to prevent states from acquiring nuclear weapons,north korea,nations,0.8,high
the us is justified in using force to prevent states from acquiring nuclear weapons,north korea,nuclear arms race,0.3,low
the us is justified in using force to prevent states from acquiring nuclear weapons,north korea,nuclear test,0.7,high
the us is justified in using force to prevent states from acquiring nuclear weapons,north korea,nuclear weapons,0.9,high
the us is justified in using force to prevent states from acquiring nuclear weapons,north korea,party talks,0.2,low
the us is justified in using force to prevent states from acquiring nuclear weapons,north korea,reactor,0.1,low
the us is justified in using force to prevent states from acquiring nuclear weapons,north korea,states,0.6,medium
the us is justified in using force to prevent states from acquiring nuclear weapons,north korea,threat,0.3,low
the us is justified in using force to prevent states from acquiring nuclear weapons,north korea,us,0.4,medium
the us is justified in using force to prevent states from acquiring nuclear weapons,north korea,ussr,0.4,medium
the us is justified in using force to prevent states from acquiring nuclear weapons,north korea,world war ii,0.1,low
the us is justified in using force to prevent states from acquiring nuclear weapons,north korean,nuclear weapons,0.8,high
the us is justified in using force to prevent states from acquiring nuclear weapons,north korean,states,0.5,medium
the us is justified in using force to prevent states from acquiring nuclear weapons,north korean,us,0.1,low
the us is justified in using force to prevent states from acquiring nuclear weapons,nuclear,defending states,0.4,medium
the us is justified in using force to prevent states from acquiring nuclear weapons,nuclear,george w bush,0.1,low
the us is justified in using force to prevent states from acquiring nuclear weapons,nuclear,nations,0.2,low
the us is justified in using force to prevent states from acquiring nuclear weapons,nuclear,north korean,0.7,high
the us is justified in using force to prevent states from acquiring nuclear weapons,nuclear,nuclear weapons,1.0,high
the us is justified in using force to prevent states from acquiring nuclear weapons,nuclear,states,0.3,low
the us is justified in using force to prevent states from acquiring nuclear weapons,nuclear,threat,0.6,medium
the us is justified in using force to prevent states from acquiring nuclear weapons,nuclear,us,0.3,low
the us is justified in using force to prevent states from acquiring nuclear weapons,nuclear arms race,nuclear weapons,1.0,high
the us is justified in using force to prevent states from acquiring nuclear weapons,nuclear arms race,states,0.6,medium
the us is justified in using force to prevent states from acquiring nuclear weapons,nuclear arms race,us,0.8,high
the us is justified in using force to prevent states from acquiring nuclear weapons,nuclear disarmament,bombs,0.8,high
the us is justified in using force to prevent states from acquiring nuclear weapons,nuclear disarmament,defending state,0.1,low
the us is justified in using force to prevent states from acquiring nuclear weapons,nuclear disarmament,dprk,0.2,low
the us is justified in using force to prevent states from acquiring nuclear weapons,nuclear disarmament,nuclear arms race,0.8,high
the us is justified in using force to prevent states from acquiring nuclear weapons,nuclear disarmament,nuclear weapons,0.9,high
the us is justified in using force to prevent states from acquiring nuclear weapons,nuclear disarmament,security council,0.4,medium
the us is justified in using force to prevent states from acquiring nuclear weapons,nuclear disarmament,states,0.4,medium
the us is justified in using force to prevent states from acquiring nuclear weapons,nuclear disarmament,us,0.5,medium
the us is justified in using force to prevent states from acquiring nuclear weapons,nuclear disarmament,ussr,0.5,medium
the us is justified in using force to prevent states from acquiring nuclear weapons,nuclear explosive devices,dprk,0.5,medium
the us is justified in using force to prevent states from acquiring nuclear weapons,nuclear explosive devices,heavy water,0.6,medium
the us is justified in using force to prevent states from acquiring nuclear weapons,nuclear explosive devices,nuclear weapons,1.0,high
the us is justified in using force to prevent states from acquiring nuclear weapons,nuclear explosive devices,reactor,0.6,medium
the us is justified in using force to prevent states from acquiring nuclear weapons,nuclear explosive devices,security council,0.2,low
the us is justified in using force to prevent states from acquiring nuclear weapons,nuclear explosive devices,states,0.1,low
the us is justified in using force to prevent states from acquiring nuclear weapons,nuclear explosive devices,us,0.3,low
the us is justified in using force to prevent states from acquiring nuclear weapons,nuclear explosive devices,ussr,0.4,medium
the us is justified in using force to prevent states from acquiring nuclear weapons,nuclear powers,nuclear weapons,1.0,high
the us is justified in using force to prevent states from acquiring nuclear weapons,nuclear powers,states,0.5,medium
the us is justified in using force to prevent states from acquiring nuclear weapons,nuclear powers,us,1.0,high
the us is justified in using force to prevent states from acquiring nuclear weapons,nuclear suppliers group,nuclear weapons,1.0,high
the us is justified in using force to prevent states from acquiring nuclear weapons,nuclear suppliers group,states,0.3,low
the us is justified in using force to prevent states from acquiring nuclear weapons,nuclear suppliers group,us,0.3,low
the us is justified in using force to prevent states from acquiring nuclear weapons,nuclear technology,missile,0.5,medium
the us is justified in using force to prevent states from acquiring nuclear weapons,nuclear technology,nuclear weapons,1.0,high
the us is justified in using force to prevent states from acquiring nuclear weapons,nuclear technology,party talks,0.0,low
the us is justified in using force to prevent states from acquiring nuclear weapons,nuclear technology,states,0.4,medium
the us is justified in using force to prevent states from acquiring nuclear weapons,nuclear technology,us,0.7,high
the us is justified in using force to prevent states from acquiring nuclear weapons,nuclear terrorism,nuclear weapons,1.0,high
the us is justified in using force to prevent states from acquiring nuclear weapons,nuclear terrorism,policy of deterrence,0.0,low
the us is justified in using force to prevent states from acquiring nuclear weapons,nuclear terrorism,president ronald reagan,0.1,low
the us is justified in using force to prevent states from acquiring nuclear weapons,nuclear terrorism,states,0.3,low
the us is justified in using force to prevent states from acquiring nuclear weapons,nuclear terrorism,threat,0.9,high
the us is justified in using force to prevent states from acquiring nuclear weapons,nuclear terrorism,us,0.2,low
the us is justified in using force to prevent states from acquiring nuclear weapons,nuclear terrorism,world war ii,0.2,low
the us is justified in using force to prevent states from acquiring nuclear weapons,nuclear test,nuclear weapons,1.0,high
the us is justified in using force to prevent states from acquiring nuclear weapons,nuclear test,states,0.2,low
the us is justified in using force to prevent states from acquiring nuclear weapons,nuclear test,us,0.3,low
the us is justified in using force to prevent states from acquiring nuclear weapons,nuclear war,bombs,0.9,high
the us is justified in using force to prevent states from acquiring nuclear weapons,nuclear war,defending state,0.5,medium
the us is justified in using force to prevent states from acquiring nuclear weapons,nuclear war,defending states,0.4,medium
the us is justified in using force to prevent states from acquiring nuclear weapons,nuclear war,international,0.6,medium
the us is justified in using force to prevent states from acquiring nuclear weapons,nuclear war,joined the npt,0.4,medium
the us is justified in using force to prevent states from acquiring nuclear weapons,nuclear war,missile,0.4,medium
the us is justified in using force to prevent states from acquiring nuclear weapons,nuclear war,nations,0.7,high
the us is justified in using force to prevent states from acquiring nuclear weapons,nuclear war,nuclear weapons,1.0,high
the us is justified in using force to prevent states from acquiring nuclear weapons,nuclear war,party talks,0.3,low
the us is justified in using force to prevent states from acquiring nuclear weapons,nuclear war,security council,0.3,low
the us is justified in using force to prevent states from acquiring nuclear weapons,nuclear war,signed the npt,0.5,medium
the us is justified in using force to prevent states from acquiring nuclear weapons,nuclear war,states,0.55,medium
the us is justified in using force to prevent states from acquiring nuclear weapons,nuclear war,us,0.4,medium
the us is justified in using force to prevent states from acquiring nuclear weapons,nuclear war,ussr,0.4,medium
the us is justified in using force to prevent states from acquiring nuclear weapons,nuclear war,warheads,0.8,high
the us is justified in using force to prevent states from acquiring nuclear weapons,nuclear weapon,dprk,0.6,medium
the us is justified in using force to prevent states from acquiring nuclear weapons,nuclear weapon,george w bush,0.1,low
the us is justified in using force to prevent states from acquiring nuclear weapons,nuclear weapon,joined the npt,0.6,medium
the us is justified in using force to prevent states from acquiring nuclear weapons,nuclear weapon,missile,0.9,high
the us is justified in using force to prevent states from acquiring nuclear weapons,nuclear weapon,nations,0.2,low
the us is justified in using force to prevent states from acquiring nuclear weapons,nuclear weapon,nuclear weapons,1.0,high
the us is justified in using force to prevent states from acquiring nuclear weapons,nuclear weapon,possess nuclear weapons,1.0,high
the us is justified in using force to prevent states from acquiring nuclear weapons,nuclear weapon,president ronald reagan,0.3,low
the us is justified in using force to prevent states from acquiring nuclear weapons,nuclear weapon,states,0.2,low
the us is justified in using force to prevent states from acquiring nuclear weapons,nuclear weapon,threat,0.8,high
the us is justified in using force to prevent states from acquiring nuclear weapons,nuclear weapon,us,0.5,medium
the us is justified in using force to prevent states from acquiring nuclear weapons,nuclear weapon states,missile,0.1,low
the us is justified in using force to prevent states from acquiring nuclear weapons,nuclear weapon states,nuclear weapons,1.0,high
the us is justified in using force to prevent states from acquiring nuclear weapons,nuclear weapon states,president ronald reagan,0.3,low
the us is justified in using force to prevent states from acquiring nuclear weapons,nuclear weapon states,states,0.9,high
the us is justified in using force to prevent states from acquiring nuclear weapons,nuclear weapon states,threat,0.7,high
the us is justified in using force to prevent states from acquiring nuclear weapons,nuclear weapon states,us,0.9,high
the us is justified in using force to prevent states from acquiring nuclear weapons,nuclear weapons,bombs,0.9,high
the us is justified in using force to prevent states from acquiring nuclear weapons,nuclear weapons,george w bush,0.1,low
the us is justified in using force to prevent states from acquiring nuclear weapons,nuclear weapons,heavy water,0.8,high
the us is justified in using force to prevent states from acquiring nuclear weapons,nuclear weapons,joined the npt,0.6,medium
the us is justified in using force to prevent states from acquiring nuclear weapons,nuclear weapons,nuclear arms race,0.9,high
the us is justified in using force to prevent states from acquiring nuclear weapons,nuclear weapons,nuclear test,0.9,high
the us is justified in using force to prevent states from acquiring nuclear weapons,nuclear weapons,nuclear weapons,1.0,high
the us is justified in using force to prevent states from acquiring nuclear weapons,nuclear weapons,party talks,0.2,low
the us is justified in using force to prevent states from acquiring nuclear weapons,nuclear weapons,president ronald reagan,0.3,low
the us is justified in using force to prevent states from acquiring nuclear weapons,nuclear weapons,states,0.2,low
the us is justified in using force to prevent states from acquiring nuclear weapons,nuclear weapons,threat,0.9,high
the us is justified in using force to prevent states from acquiring nuclear weapons,nuclear weapons,us,0.5,medium
the us is justified in using force to prevent states from acquiring nuclear weapons,nuclear weapons program,defending states,0.3,low
the us is justified in using force to prevent states from acquiring nuclear weapons,nuclear weapons program,developing nuclear weapons,0.9,high
the us is justified in using force to prevent states from acquiring nuclear weapons,nuclear weapons program,joined the npt,0.6,medium
the us is justified in using force to prevent states from acquiring nuclear weapons,nuclear weapons program,missile,0.7,high
the us is justified in using force to prevent states from acquiring nuclear weapons,nuclear weapons program,nuclear weapons,1.0,high
the us is justified in using force to prevent states from acquiring nuclear weapons,nuclear weapons program,reactor,0.9,high
the us is justified in using force to prevent states from acquiring nuclear weapons,nuclear weapons program,signed the npt,0.8,high
the us is justified in using force to prevent states from acquiring nuclear weapons,nuclear weapons program,states,0.4,medium
the us is justified in using force to prevent states from acquiring nuclear weapons,nuclear weapons program,us,0.7,high
the us is justified in using force to prevent states from acquiring nuclear weapons,nuclear weapons program,warheads,0.8,high
the us is justified in using force to prevent states from acquiring nuclear weapons,nuclear weapons programs,international,0.3,low
the us is justified in using force to prevent states from acquiring nuclear weapons,nuclear weapons programs,joined the npt,0.6,medium
the us is justified in using force to prevent states from acquiring nuclear weapons,nuclear weapons programs,nuclear suppliers group,0.9,high
the us is justified in using force to prevent states from acquiring nuclear weapons,nuclear weapons programs,nuclear weapons,1.0,high
the us is justified in using force to prevent states from acquiring nuclear weapons,nuclear weapons programs,party talks,0.1,low
the us is justified in using force to prevent states from acquiring nuclear weapons,nuclear weapons programs,president ronald reagan,0.4,medium
the us is justified in using force to prevent states from acquiring nuclear weapons,nuclear weapons programs,states,0.3,low
the us is justified in using force to prevent states from acquiring nuclear weapons,nuclear weapons programs,us,0.4,medium
the us is justified in using force to prevent states from acquiring nuclear weapons,nuclear weapons states,bombs,0.8,high
the us is justified in using force to prevent states from acquiring nuclear weapons,nuclear weapons states,defending state,0.4,medium
the us is justified in using force to prevent states from acquiring nuclear weapons,nuclear weapons states,enriched uranium,0.6,medium
the us is justified in using force to prevent states from acquiring nuclear weapons,nuclear weapons states,heavy water,0.1,low
the us is justified in using force to prevent states from acquiring nuclear weapons,nuclear weapons states,north korean,0.9,high
the us is justified in using force to prevent states from acquiring nuclear weapons,nuclear weapons states,nuclear weapons,1.0,high
the us is justified in using force to prevent states from acquiring nuclear weapons,nuclear weapons states,policy of deterrence,0.9,high
the us is justified in using force to prevent states from acquiring nuclear weapons,nuclear weapons states,possess nuclear weapons,0.9,high
the us is justified in using force to prevent states from acquiring nuclear weapons,nuclear weapons states,reactor,0.5,medium
the us is justified in using force to prevent states from acquiring nuclear weapons,nuclear weapons states,states,0.9,high
the us is justified in using force to prevent states from acquiring nuclear weapons,nuclear weapons states,us,0.8,high
the us is justified in using force to prevent states from acquiring nuclear weapons,pakistan,bombs,0.2,low
the us is justified in using force to prevent states from acquiring nuclear weapons,pakistan,dprk,0.3,low
the us is justified in using force to prevent states from acquiring nuclear weapons,pakistan,enriched uranium,0.4,medium
the us is justified in using force to prevent states from acquiring nuclear weapons,pakistan,nuclear suppliers group,0.1,low
the us is justified in using force to prevent states from acquiring nuclear weapons,pakistan,nuclear weapons,0.5,medium
the us is justified in using force to prevent states from acquiring nuclear weapons,pakistan,policy of deterrence,0.2,low
the us is justified in using force to prevent states from acquiring nuclear weapons,pakistan,possess nuclear weapons,0.8,high
the us is justified in using force to prevent states from acquiring nuclear weapons,pakistan,states,0.5,medium
the us is justified in using force to prevent states from acquiring nuclear weapons,pakistan,threat,0.1,low
the us is justified in using force to prevent states from acquiring nuclear weapons,pakistan,us,0.2,low
the us is justified in using force to prevent states from acquiring nuclear weapons,party talks,nuclear weapons,0.2,low
the us is justified in using force to prevent states from acquiring nuclear weapons,party talks,states,0.1,low
the us is justified in using force to prevent states from acquiring nuclear weapons,party talks,us,0.4,medium
the us is justified in using force to prevent states from acquiring nuclear weapons,policy of deterrence,nuclear weapons,0.9,high
the us is justified in using force to prevent states from acquiring nuclear weapons,policy of deterrence,states,0.3,low
the us is justified in using force to prevent states from acquiring nuclear weapons,policy of deterrence,us,0.4,medium
the us is justified in using force to prevent states from acquiring nuclear weapons,possess nuclear weapons,nuclear weapons,1.0,high
the us is justified in using force to prevent states from acquiring nuclear weapons,possess nuclear weapons,states,0.5,medium
the us is justified in using force to prevent states from acquiring nuclear weapons,possess nuclear weapons,us,0.9,high
the us is justified in using force to prevent states from acquiring nuclear weapons,possibility of nuclear,george w bush,0.1,low
the us is justified in using force to prevent states from acquiring nuclear weapons,possibility of nuclear,missile,0.4,medium
the us is justified in using force to prevent states from acquiring nuclear weapons,possibility of nuclear,nations,0.1,low
the us is justified in using force to prevent states from acquiring nuclear weapons,possibility of nuclear,nuclear suppliers group,0.4,medium
the us is justified in using force to prevent states from acquiring nuclear weapons,possibility of nuclear,nuclear weapons,0.7,high
the us is justified in using force to prevent states from acquiring nuclear weapons,possibility of nuclear,president ronald reagan,0.2,low
the us is justified in using force to prevent states from acquiring nuclear weapons,possibility of nuclear,states,0.3,low
the us is justified in using force to prevent states from acquiring nuclear weapons,possibility of nuclear,us,0.3,low
the us is justified in using force to prevent states from acquiring nuclear weapons,president ronald reagan,nuclear weapons,0.3,low
the us is justified in using force to prevent states from acquiring nuclear weapons,president ronald reagan,states,0.1,low
the us is justified in using force to prevent states from acquiring nuclear weapons,president ronald reagan,us,1.0,high
the us is justified in using force to prevent states from acquiring nuclear weapons,proliferation,north korean,0.3,low
the us is justified in using force to prevent states from acquiring nuclear weapons,proliferation,nuclear test,0.3,low
the us is justified in using force to prevent states from acquiring nuclear weapons,proliferation,nuclear weapons,0.9,high
the us is justified in using force to prevent states from acquiring nuclear weapons,proliferation,states,0.2,low
the us is justified in using force to prevent states from acquiring nuclear weapons,proliferation,us,0.1,low
the us is justified in using force to prevent states from acquiring nuclear weapons,proliferation,ussr,0.2,low
the us is justified in using force to prevent states from acquiring nuclear weapons,reactor,nuclear weapons,1.0,high
the us is justified in using force to prevent states from acquiring nuclear weapons,reactor,states,0.1,low
the us is justified in using force to prevent states from acquiring nuclear weapons,reactor,us,0.1,low
the us is justified in using force to prevent states from acquiring nuclear weapons,security council,nuclear weapons,0.4,medium
the us is justified in using force to prevent states from acquiring nuclear weapons,security council,states,0.4,medium
the us is justified in using force to prevent states from acquiring nuclear weapons,security council,us,0.5,medium
the us is justified in using force to prevent states from acquiring nuclear weapons,signed the npt,nuclear weapons,0.5,medium
the us is justified in using force to prevent states from acquiring nuclear weapons,signed the npt,states,0.5,medium
the us is justified in using force to prevent states from acquiring nuclear weapons,signed the npt,us,1.0,high
the us is justified in using force to prevent states from acquiring nuclear weapons,soviet union,atomic energy,0.2,low
the us is justified in using force to prevent states from acquiring nuclear weapons,soviet union,enriched uranium,0.2,low
the us is justified in using force to prevent states from acquiring nuclear weapons,soviet union,heavy water,0.1,low
the us is justified in using force to prevent states from acquiring nuclear weapons,soviet union,nations,0.7,high
the us is justified in using force to prevent states from acquiring nuclear weapons,soviet union,nuclear weapons,0.7,high
the us is justified in using force to prevent states from acquiring nuclear weapons,soviet union,party talks,0.0,low
the us is justified in using force to prevent states from acquiring nuclear weapons,soviet union,possess nuclear weapons,0.8,high
the us is justified in using force to prevent states from acquiring nuclear weapons,soviet union,president ronald reagan,0.3,low
the us is justified in using force to prevent states from acquiring nuclear weapons,soviet union,states,0.5,medium
the us is justified in using force to prevent states from acquiring nuclear weapons,soviet union,us,0.6,medium
the us is justified in using force to prevent states from acquiring nuclear weapons,soviet union,ussr,1.0,high
the us is justified in using force to prevent states from acquiring nuclear weapons,states,nuclear weapons,0.3,low
the us is justified in using force to prevent states from acquiring nuclear weapons,states,states,1.0,high
the us is justified in using force to prevent states from acquiring nuclear weapons,states,us,0.8,high
the us is justified in using force to prevent states from acquiring nuclear weapons,threat,nuclear weapons,1.0,high
the us is justified in using force to prevent states from acquiring nuclear weapons,threat,states,0.2,low
the us is justified in using force to prevent states from acquiring nuclear weapons,threat,us,0.3,low
the us is justified in using force to prevent states from acquiring nuclear weapons,treaty,developing nuclear weapons,0.1,low
the us is justified in using force to prevent states from acquiring nuclear weapons,treaty,missile,0.0,low
the us is justified in using force to prevent states from acquiring nuclear weapons,treaty,north korean,0.0,low
the us is justified in using force to prevent states from acquiring nuclear weapons,treaty,nuclear powers,0.5,medium
the us is justified in using force to prevent states from acquiring nuclear weapons,treaty,nuclear weapons,0.4,medium
the us is justified in using force to prevent states from acquiring nuclear weapons,treaty,signed the npt,0.9,high
the us is justified in using force to prevent states from acquiring nuclear weapons,treaty,states,0.2,low
the us is justified in using force to prevent states from acquiring nuclear weapons,treaty,threat,0.2,low
the us is justified in using force to prevent states from acquiring nuclear weapons,treaty,us,0.2,low
the us is justified in using force to prevent states from acquiring nuclear weapons,u.s,nations,0.8,high
the us is justified in using force to prevent states from acquiring nuclear weapons,u.s,nuclear powers,0.9,high
the us is justified in using force to prevent states from acquiring nuclear weapons,u.s,nuclear suppliers group,0.5,medium
the us is justified in using force to prevent states from acquiring nuclear weapons,u.s,nuclear weapons,0.3,low
the us is justified in using force to prevent states from acquiring nuclear weapons,u.s,policy of deterrence,0.4,medium
the us is justified in using force to prevent states from acquiring nuclear weapons,u.s,president ronald reagan,1.0,high
the us is justified in using force to prevent states from acquiring nuclear weapons,u.s,states,0.9,high
the us is justified in using force to prevent states from acquiring nuclear weapons,u.s,us,1.0,high
the us is justified in using force to prevent states from acquiring nuclear weapons,united states,atomic energy,0.1,low
the us is justified in using force to prevent states from acquiring nuclear weapons,united states,heavy water,0.2,low
the us is justified in using force to prevent states from acquiring nuclear weapons,united states,missile,0.1,low
the us is justified in using force to prevent states from acquiring nuclear weapons,united states,nations,0.8,high
the us is justified in using force to prevent states from acquiring nuclear weapons,united states,north korean,0.1,low
the us is justified in using force to prevent states from acquiring nuclear weapons,united states,nuclear test,0.3,low
the us is justified in using force to prevent states from acquiring nuclear weapons,united states,nuclear weapons,0.5,medium
the us is justified in using force to prevent states from acquiring nuclear weapons,united states,president ronald reagan,0.9,high
the us is justified in using force to prevent states from acquiring nuclear weapons,united states,states,0.9,high
the us is justified in using force to prevent states from acquiring nuclear weapons,united states,threat,0.1,low
the us is justified in using force to prevent states from acquiring nuclear weapons,united states,us,1.0,high
the us is justified in using force to prevent states from acquiring nuclear weapons,uranium,defending states,0.0,low
the us is justified in using force to prevent states from acquiring nuclear weapons,uranium,dprk,0.2,low
the us is justified in using force to prevent states from acquiring nuclear weapons,uranium,nuclear powers,0.6,medium
the us is justified in using force to prevent states from acquiring nuclear weapons,uranium,nuclear suppliers group,0.4,medium
the us is justified in using force to prevent states from acquiring nuclear weapons,uranium,nuclear weapons,1.0,high
the us is justified in using force to prevent states from acquiring nuclear weapons,uranium,states,0.2,low
the us is justified in using force to prevent states from acquiring nuclear weapons,uranium,us,0.1,low
the us is justified in using force to prevent states from acquiring nuclear weapons,uranium enrichment program,defending state,0.1,low
the us is justified in using force to prevent states from acquiring nuclear weapons,uranium enrichment program,joined the npt,0.3,low
the us is justified in using force to prevent states from acquiring nuclear weapons,uranium enrichment program,nuclear weapons,1.0,high
the us is justified in using force to prevent states from acquiring nuclear weapons,uranium enrichment program,party talks,0.2,low
the us is justified in using force to prevent states from acquiring nuclear weapons,uranium enrichment program,possess nuclear weapons,0.6,medium
the us is justified in using force to prevent states from acquiring nuclear weapons,uranium enrichment program,security council,0.1,low
the us is justified in using force to prevent states from acquiring nuclear weapons,uranium enrichment program,states,0.3,low
the us is justified in using force to prevent states from acquiring nuclear weapons,uranium enrichment program,us,0.4,medium
the us is justified in using force to prevent states from acquiring nuclear weapons,uranium enrichment program,warheads,0.5,medium
the us is justified in using force to prevent states from acquiring nuclear weapons,ussr,nuclear weapons,0.6,medium
the us is justified in using force to prevent states from acquiring nuclear weapons,ussr,states,0.5,medium
the us is justified in using force to prevent states from acquiring nuclear weapons,ussr,us,0.4,medium
the us is justified in using force to prevent states from acquiring nuclear weapons,war,atomic energy,0.3,low
the us is justified in using force to prevent states from acquiring nuclear weapons,war,defending state,0.5,medium
the us is justified in using force to prevent states from acquiring nuclear weapons,war,nuclear arms race,0.7,high
the us is justified in using force to prevent states from acquiring nuclear weapons,war,nuclear powers,0.4,medium
the us is justified in using force to prevent states from acquiring nuclear weapons,war,nuclear weapons,0.9,high
the us is justified in using force to prevent states from acquiring nuclear weapons,war,party talks,0.2,low
the us is justified in using force to prevent states from acquiring nuclear weapons,war,states,0.4,medium
the us is justified in using force to prevent states from acquiring nuclear weapons,war,threat,0.9,high
the us is justified in using force to prevent states from acquiring nuclear weapons,war,us,0.1,low
the us is justified in using force to prevent states from acquiring nuclear weapons,war,ussr,0.3,low
the us is justified in using force to prevent states from acquiring nuclear weapons,warheads,nuclear weapons,1.0,high
the us is justified in using force to prevent states from acquiring nuclear weapons,warheads,states,0.1,low
the us is justified in using force to prevent states from acquiring nuclear weapons,warheads,us,0.1,low
the us is justified in using force to prevent states from acquiring nuclear weapons,weapon,heavy water,0.1,low
the us is justified in using force to prevent states from acquiring nuclear weapons,weapon,missile,1.0,high
the us is justified in using force to prevent states from acquiring nuclear weapons,weapon,nuclear weapons,1.0,high
the us is justified in using force to prevent states from acquiring nuclear weapons,weapon,party talks,0.2,low
the us is justified in using force to prevent states from acquiring nuclear weapons,weapon,states,0.2,low
the us is justified in using force to prevent states from acquiring nuclear weapons,weapon,us,0.2,low
the us is justified in using force to prevent states from acquiring nuclear weapons,weapon,ussr,0.1,low
the us is justified in using force to prevent states from acquiring nuclear weapons,weapons,atomic energy,0.4,medium
the us is justified in using force to prevent states from acquiring nuclear weapons,weapons,enriched uranium,0.4,medium
the us is justified in using force to prevent states from acquiring nuclear weapons,weapons,nations,0.1,low
the us is justified in using force to prevent states from acquiring nuclear weapons,weapons,nuclear test,0.4,medium
the us is justified in using force to prevent states from acquiring nuclear weapons,weapons,nuclear weapons,1.0,high
the us is justified in using force to prevent states from acquiring nuclear weapons,weapons,security council,0.3,low
the us is justified in using force to prevent states from acquiring nuclear weapons,weapons,states,0.2,low
the us is justified in using force to prevent states from acquiring nuclear weapons,weapons,us,0.2,low
the us is justified in using force to prevent states from acquiring nuclear weapons,weapons,ussr,0.1,low
the us is justified in using force to prevent states from acquiring nuclear weapons,weapons,warheads,1.0,high
the us is justified in using force to prevent states from acquiring nuclear weapons,world war ii,nuclear weapons,0.9,high
the us is justified in using force to prevent states from acquiring nuclear weapons,world war ii,states,0.7,high
the us is justified in using force to prevent states from acquiring nuclear weapons,world war ii,us,1.0,high
the use of affirmative action is justified,action,affirmative action,0.6,medium
the use of affirmative action is justified,action,discrimination against women,0.0,low
the use of affirmative action is justified,action,grutter v bollinger,0.0,low
the use of affirmative action is justified,action,hiring,0.1,low
the use of affirmative action is justified,affirmative,affirmative action,0.8,high
the use of affirmative action is justified,affirmative,discourse of race,0.0,low
the use of affirmative action is justified,affirmative,racial prejudice,0.1,low
the use of affirmative action is justified,affirmative action,affirmative action,1.0,high
the use of affirmative action is justified,affirmative action,races,0.9,high
the use of affirmative action is justified,affirmative action policies,affirmative action,1.0,high
the use of affirmative action is justified,affirmative action policies,hiring,1.0,high
the use of affirmative action is justified,affirmative action programs,affirmative action,1.0,high
the use of affirmative action is justified,affirmative action programs,government jobs,0.3,low
the use of affirmative action is justified,affirmative action programs,racial prejudice,1.0,high
the use of affirmative action is justified,affirmative action programs,treatment,0.0,low
the use of affirmative action is justified,african americans,affirmative action,1.0,high
the use of affirmative action is justified,applicants,affirmative action,0.3,low
the use of affirmative action is justified,based on race,affirmative action,1.0,high
the use of affirmative action is justified,based on race,mexican american,0.7,high
the use of affirmative action is justified,based on race,nation of islam,0.3,low
the use of affirmative action is justified,black,affirmative action,0.8,high
the use of affirmative action is justified,black,mexican american,0.5,medium
the use of affirmative action is justified,black economic empowerment,affirmative action,0.9,high
the use of affirmative action is justified,black economic empowerment,government jobs,0.1,low
the use of affirmative action is justified,civil,affirmative action,0.1,low
the use of affirmative action is justified,civil rights,affirmative action,0.6,medium
the use of affirmative action is justified,civil rights,discourse of race,0.5,medium
the use of affirmative action is justified,civil rights,mexican american,0.3,low
the use of affirmative action is justified,civil service,affirmative action,0.1,low
the use of affirmative action is justified,color blindness,affirmative action,0.4,medium
the use of affirmative action is justified,color blindness,nation of islam,0.1,low
the use of affirmative action is justified,color religion sex,affirmative action,0.9,high
the use of affirmative action is justified,color religion sex,rights,0.6,medium
the use of affirmative action is justified,color religion sex,treatment,0.0,low
the use of affirmative action is justified,discourse of race,affirmative action,0.8,high
the use of affirmative action is justified,discrimination,affirmative action,1.0,high
the use of affirmative action is justified,discrimination,level playing field,0.7,high
the use of affirmative action is justified,discrimination,nation of islam,0.2,low
the use of affirmative action is justified,discrimination,racial differences,1.0,high
the use of affirmative action is justified,discrimination against women,affirmative action,1.0,high
the use of affirmative action is justified,discrimination in employment,affirmative action,1.0,high
the use of affirmative action is justified,employment opportunity,affirmative action,1.0,high
the use of affirmative action is justified,employment opportunity commission,affirmative action,1.0,high
the use of affirmative action is justified,equal,affirmative action,0.7,high
the use of affirmative action is justified,equal,discourse of race,0.2,low
the use of affirmative action is justified,equal,grutter v bollinger,0.4,medium
the use of affirmative action is justified,equal employment opportunity,affirmative action,1.0,high
the use of affirmative action is justified,equal employment opportunity,civil service,0.3,low
the use of affirmative action is justified,equal employment opportunity,jim crow,0.9,high
the use of affirmative action is justified,equal employment opportunity,mexican american,0.9,high
the use of affirmative action is justified,equal opportunity,affirmative action,1.0,high
the use of affirmative action is justified,equal opportunity,applicants,0.3,low
the use of affirmative action is justified,equality,affirmative action,1.0,high
the use of affirmative action is justified,equality of opportunity,affirmative action,1.0,high
the use of affirmative action is justified,equality of opportunity,civil service,0.2,low
the use of affirmative action is justified,equality of opportunity,modern symbolic prejudice,0.7,high
the use of affirmative action is justified,equality of opportunity,treatment,0.2,low
the use of affirmative action is justified,equality of outcome,affirmative action,0.8,high
the use of affirmative action is justified,equality of outcome,employment opportunity commission,0.8,high
the use of affirmative action is justified,equality of outcome,level playing field,0.7,high
the use of affirmative action is justified,equality of outcome,native,0.1,low
the use of affirmative action is justified,ethnicity,affirmative action,0.9,high
the use of affirmative action is justified,government jobs,affirmative action,0.3,low
the use of affirmative action is justified,grutter v bollinger,affirmative action,0.8,high
the use of affirmative action is justified,hiring,affirmative action,0.6,medium
the use of affirmative action is justified,jim crow,affirmative action,0.8,high
the use of affirmative action is justified,jim crow laws,affirmative action,0.8,high
the use of affirmative action is justified,level playing field,affirmative action,0.8,high
the use of affirmative action is justified,merit,affirmative action,0.5,medium
the use of affirmative action is justified,meritocratic,affirmative action,0.7,high
the use of affirmative action is justified,mexican american,affirmative action,0.9,high
the use of affirmative action is justified,modern symbolic prejudice,affirmative action,0.8,high
the use of affirmative action is justified,nation of islam,affirmative action,0.1,low
the use of affirmative action is justified,national origin,affirmative action,0.7,high
the use of affirmative action is justified,national origin,government jobs,0.1,low
the use of affirmative action is justified,national origin,racial prejudice,0.7,high
the use of affirmative action is justified,native,affirmative action,0.3,low
the use of affirmative action is justified,native americans,affirmative action,0.9,high
the use of affirmative action is justified,native americans,discrimination in employment,0.7,high
the use of affirmative action is justified,native americans,meritocratic,0.1,low
the use of affirmative action is justified,opportunity,affirmative action,0.7,high
the use of affirmative action is justified,opportunity,grutter v bollinger,0.3,low
the use of affirmative action is justified,opportunity,races,0.0,low
the use of affirmative action is justified,opportunity,treatment,0.0,low
the use of affirmative action is justified,people of color,affirmative action,1.0,high
the use of affirmative action is justified,people of color,racial differences,1.0,high
the use of affirmative action is justified,race,affirmative action,1.0,high
the use of affirmative action is justified,race,government jobs,0.5,medium
the use of affirmative action is justified,race,merit,0.4,medium
the use of affirmative action is justified,race,racial differences,1.0,high
the use of affirmative action is justified,race color religion,affirmative action,0.8,high
the use of affirmative action is justified,race color religion,ethnicity,0.7,high
the use of affirmative action is justified,race color religion,level playing field,0.2,low
the use of affirmative action is justified,race creed color,affirmative action,0.9,high
the use of affirmative action is justified,races,affirmative action,0.8,high
the use of affirmative action is justified,racial,affirmative action,0.7,high
the use of affirmative action is justified,racial,sex discrimination,0.1,low
the use of affirmative action is justified,racial differences,affirmative action,0.9,high
the use of affirmative action is justified,racial discrimination,affirmative action,1.0,high
the use of affirmative action is justified,racial discrimination,discrimination in employment,1.0,high
the use of affirmative action is justified,racial discrimination,hiring,0.7,high
the use of affirmative action is justified,racial groups,affirmative action,0.9,high
the use of affirmative action is justified,racial prejudice,affirmative action,1.0,high
the use of affirmative action is justified,racism,affirmative action,1.0,high
the use of affirmative action is justified,racism,ethnicity,0.9,high
the use of affirmative action is justified,racism,meritocratic,0.4,medium
the use of affirmative action is justified,racism,treatment,0.1,low
the use of affirmative action is justified,reverse discrimination,affirmative action,1.0,high
the use of affirmative action is justified,reverse discrimination,civil,0.0,low
the use of affirmative action is justified,reverse discrimination,modern symbolic prejudice,0.9,high
the use of affirmative action is justified,rights,affirmative action,0.5,medium
the use of affirmative action is justified,sex discrimination,affirmative action,1.0,high
the use of affirmative action is justified,title vii,affirmative action,0.7,high
the use of affirmative action is justified,title vii,applicants,0.3,low
the use of affirmative action is justified,title vii,discourse of race,0.6,medium
the use of affirmative action is justified,title vii,grutter v bollinger,0.8,high
the use of affirmative action is justified,title vii,race creed color,0.8,high
the use of affirmative action is justified,title vii,racial groups,0.9,high
the use of affirmative action is justified,treatment,affirmative action,0.1,low
the use of affirmative action is justified,white americans,affirmative action,0.7,high
the use of performance enhancing drugs in professional sports should be permitted,abuse potential,performance enhancing drugs,0.7,high
the use of performance enhancing drugs in professional sports should be permitted,abuse potential,professional sports,0.3,low
the use of performance enhancing drugs in professional sports should be permitted,anabolic,abuse potential,0.2,low
the use of performance enhancing drugs in professional sports should be permitted,anabolic,performance enhancing drugs,1.0,high
the use of performance enhancing drugs in professional sports should be permitted,anabolic,prescription,0.2,low
the use of performance enhancing drugs in professional sports should be permitted,anabolic,professional sports,0.4,medium
the use of performance enhancing drugs in professional sports should be permitted,anabolic,random testing,0.4,medium
the use of performance enhancing drugs in professional sports should be permitted,anabolic steroid,abuse potential,0.6,medium
the use of performance enhancing drugs in professional sports should be permitted,anabolic steroid,athlete,0.8,high
the use of performance enhancing drugs in professional sports should be permitted,anabolic steroid,east,0.0,low
the use of performance enhancing drugs in professional sports should be permitted,anabolic steroid,hormones,1.0,high
the use of performance enhancing drugs in professional sports should be permitted,anabolic steroid,performance enhancing drugs,1.0,high
the use of performance enhancing drugs in professional sports should be permitted,anabolic steroid,professional sports,0.9,high
the use of performance enhancing drugs in professional sports should be permitted,anabolic steroid users,androgenic steroids,1.0,high
the use of performance enhancing drugs in professional sports should be permitted,anabolic steroid users,hormones,0.9,high
the use of performance enhancing drugs in professional sports should be permitted,anabolic steroid users,performance enhancing drugs,1.0,high
the use of performance enhancing drugs in professional sports should be permitted,anabolic steroid users,professional sports,0.9,high
the use of performance enhancing drugs in professional sports should be permitted,anabolic steroids,athlete,0.9,high
the use of performance enhancing drugs in professional sports should be permitted,anabolic steroids,mitchell report,1.0,high
the use of performance enhancing drugs in professional sports should be permitted,anabolic steroids,performance enhancing drugs,1.0,high
the use of performance enhancing drugs in professional sports should be permitted,anabolic steroids,prescription,0.7,high
the use of performance enhancing drugs in professional sports should be permitted,anabolic steroids,professional sports,0.9,high
the use of performance enhancing drugs in professional sports should be permitted,anabolic steroids,random testing,0.7,high
the use of performance enhancing drugs in professional sports should be permitted,androgen,performance enhancing drugs,0.8,high
the use of performance enhancing drugs in professional sports should be permitted,androgen,professional sports,0.7,high
the use of performance enhancing drugs in professional sports should be permitted,androgenic steroids,performance enhancing drugs,1.0,high
the use of performance enhancing drugs in professional sports should be permitted,androgenic steroids,professional sports,0.9,high
the use of performance enhancing drugs in professional sports should be permitted,androgenic:anabolic ratio,performance enhancing drugs,0.8,high
the use of performance enhancing drugs in professional sports should be permitted,androgenic:anabolic ratio,professional sports,0.4,medium
the use of performance enhancing drugs in professional sports should be permitted,anti doping,androgen,0.7,high
the use of performance enhancing drugs in professional sports should be permitted,anti doping,hormone,0.7,high
the use of performance enhancing drugs in professional sports should be permitted,anti doping,hormones,0.7,high
the use of performance enhancing drugs in professional sports should be permitted,anti doping,left ventricle,0.1,low
the use of performance enhancing drugs in professional sports should be permitted,anti doping,performance enhancing drugs,1.0,high
the use of performance enhancing drugs in professional sports should be permitted,anti doping,professional sports,0.8,high
the use of performance enhancing drugs in professional sports should be permitted,anti doping,systematic doping,1.0,high
the use of performance enhancing drugs in professional sports should be permitted,athlete,performance enhancing drugs,0.9,high
the use of performance enhancing drugs in professional sports should be permitted,athlete,professional sports,1.0,high
the use of performance enhancing drugs in professional sports should be permitted,athletes,androgen,0.6,medium
the use of performance enhancing drugs in professional sports should be permitted,athletes,performance enhancing drugs,1.0,high
the use of performance enhancing drugs in professional sports should be permitted,athletes,professional sports,1.0,high
the use of performance enhancing drugs in professional sports should be permitted,controlled substances,performance enhancing drugs,1.0,high
the use of performance enhancing drugs in professional sports should be permitted,controlled substances,professional sports,0.9,high
the use of performance enhancing drugs in professional sports should be permitted,controlled substances act,league,0.1,low
the use of performance enhancing drugs in professional sports should be permitted,controlled substances act,performance enhancing drugs,0.9,high
the use of performance enhancing drugs in professional sports should be permitted,controlled substances act,professional sports,0.5,medium
the use of performance enhancing drugs in professional sports should be permitted,cycling,performance enhancing drugs,0.6,medium
the use of performance enhancing drugs in professional sports should be permitted,cycling,professional sports,1.0,high
the use of performance enhancing drugs in professional sports should be permitted,dea,cycling,0.2,low
the use of performance enhancing drugs in professional sports should be permitted,dea,dsm iv tr,0.1,low
the use of performance enhancing drugs in professional sports should be permitted,dea,olympic champion,0.3,low
the use of performance enhancing drugs in professional sports should be permitted,dea,performance enhancing drugs,0.8,high
the use of performance enhancing drugs in professional sports should be permitted,dea,prescription,0.3,low
the use of performance enhancing drugs in professional sports should be permitted,dea,professional sports,0.4,medium
the use of performance enhancing drugs in professional sports should be permitted,dea,systematic doping,0.8,high
the use of performance enhancing drugs in professional sports should be permitted,doping,athlete,0.8,high
the use of performance enhancing drugs in professional sports should be permitted,doping,hormone,0.8,high
the use of performance enhancing drugs in professional sports should be permitted,doping,hormones,0.9,high
the use of performance enhancing drugs in professional sports should be permitted,doping,league,0.2,low
the use of performance enhancing drugs in professional sports should be permitted,doping,left ventricle,0.1,low
the use of performance enhancing drugs in professional sports should be permitted,doping,professional sports,0.9,high
the use of performance enhancing drugs in professional sports should be permitted,drug,hormones,0.9,high
the use of performance enhancing drugs in professional sports should be permitted,drug,performance enhancing drugs,1.0,high
the use of performance enhancing drugs in professional sports should be permitted,drug,professional sports,0.8,high
the use of performance enhancing drugs in professional sports should be permitted,drug,schedule iii,0.9,high
the use of performance enhancing drugs in professional sports should be permitted,drug,systematic doping,1.0,high
the use of performance enhancing drugs in professional sports should be permitted,drug abuse,abuse potential,0.8,high
the use of performance enhancing drugs in professional sports should be permitted,drug abuse,androgen,0.6,medium
the use of performance enhancing drugs in professional sports should be permitted,drug abuse,hormones,0.6,medium
the use of performance enhancing drugs in professional sports should be permitted,drug abuse,performance enhancing drugs,1.0,high
the use of performance enhancing drugs in professional sports should be permitted,drug abuse,prescription,0.5,medium
the use of performance enhancing drugs in professional sports should be permitted,drug abuse,professional sports,0.6,medium
the use of performance enhancing drugs in professional sports should be permitted,drugs,androgenic steroids,1.0,high
the use of performance enhancing drugs in professional sports should be permitted,drugs,hormones,1.0,high
the use of performance enhancing drugs in professional sports should be permitted,drugs,mitchell report,1.0,high
the use of performance enhancing drugs in professional sports should be permitted,drugs,performance enhancing drugs,1.0,high
the use of performance enhancing drugs in professional sports should be permitted,drugs,prescription,0.9,high
the use of performance enhancing drugs in professional sports should be permitted,drugs,professional sports,0.9,high
the use of performance enhancing drugs in professional sports should be permitted,drugs,random testing,1.0,high
the use of performance enhancing drugs in professional sports should be permitted,drugs,substance dependence,1.0,high
the use of performance enhancing drugs in professional sports should be permitted,dsm iv tr,performance enhancing drugs,0.1,low
the use of performance enhancing drugs in professional sports should be permitted,dsm iv tr,professional sports,0.2,low
the use of performance enhancing drugs in professional sports should be permitted,east,performance enhancing drugs,0.0,low
the use of performance enhancing drugs in professional sports should be permitted,east,professional sports,0.0,low
the use of performance enhancing drugs in professional sports should be permitted,east german,cycling,0.0,low
the use of performance enhancing drugs in professional sports should be permitted,east german,dsm iv tr,0.0,low
the use of performance enhancing drugs in professional sports should be permitted,east german,olympic champion,0.1,low
the use of performance enhancing drugs in professional sports should be permitted,east german,performance enhancing drugs,0.3,low
the use of performance enhancing drugs in professional sports should be permitted,east german,prescription,0.0,low
the use of performance enhancing drugs in professional sports should be permitted,east german,professional sports,0.0,low
the use of performance enhancing drugs in professional sports should be permitted,east german,random testing,0.0,low
the use of performance enhancing drugs in professional sports should be permitted,east german,systematic doping,0.6,medium
the use of performance enhancing drugs in professional sports should be permitted,east german athlete,androgenic:anabolic ratio,0.1,low
the use of performance enhancing drugs in professional sports should be permitted,east german athlete,dsm iv tr,0.1,low
the use of performance enhancing drugs in professional sports should be permitted,east german athlete,hormones,0.5,medium
the use of performance enhancing drugs in professional sports should be permitted,east german athlete,left ventricle,0.0,low
the use of performance enhancing drugs in professional sports should be permitted,east german athlete,mlb,0.0,low
the use of performance enhancing drugs in professional sports should be permitted,east german athlete,performance enhancing drugs,0.8,high
the use of performance enhancing drugs in professional sports should be permitted,east german athlete,prescription,0.0,low
the use of performance enhancing drugs in professional sports should be permitted,east german athlete,professional sports,0.7,high
the use of performance enhancing drugs in professional sports should be permitted,east german athlete,systematic doping,0.7,high
the use of performance enhancing drugs in professional sports should be permitted,east german athlete,users,0.1,low
the use of performance enhancing drugs in professional sports should be permitted,east germany,abuse potential,0.0,low
the use of performance enhancing drugs in professional sports should be permitted,east germany,androgenic:anabolic ratio,0.0,low
the use of performance enhancing drugs in professional sports should be permitted,east germany,athlete,0.0,low
the use of performance enhancing drugs in professional sports should be permitted,east germany,hormones,0.0,low
the use of performance enhancing drugs in professional sports should be permitted,east germany,mlb,0.0,low
the use of performance enhancing drugs in professional sports should be permitted,east germany,olympic champion,0.1,low
the use of performance enhancing drugs in professional sports should be permitted,east germany,performance enhancing drugs,0.3,low
the use of performance enhancing drugs in professional sports should be permitted,east germany,prescription,0.0,low
the use of performance enhancing drugs in professional sports should be permitted,east germany,professional sports,0.0,low
the use of performance enhancing drugs in professional sports should be permitted,growth hormone,league,0.1,low
the use of performance enhancing drugs in professional sports should be permitted,growth hormone,mlb,0.4,medium
the use of performance enhancing drugs in professional sports should be permitted,growth hormone,olympic champion,0.4,medium
the use of performance enhancing drugs in professional sports should be permitted,growth hormone,performance enhancing drugs,1.0,high
the use of performance enhancing drugs in professional sports should be permitted,growth hormone,professional sports,0.9,high
the use of performance enhancing drugs in professional sports should be permitted,growth hormone,schedule iii,0.4,medium
the use of performance enhancing drugs in professional sports should be permitted,hormone,performance enhancing drugs,1.0,high
the use of performance enhancing drugs in professional sports should be permitted,hormone,professional sports,0.5,medium
the use of performance enhancing drugs in professional sports should be permitted,hormones,performance enhancing drugs,1.0,high
the use of performance enhancing drugs in professional sports should be permitted,hormones,professional sports,0.7,high
the use of performance enhancing drugs in professional sports should be permitted,human growth hormone,dsm iv tr,0.1,low
the use of performance enhancing drugs in professional sports should be permitted,human growth hormone,east,0.0,low
the use of performance enhancing drugs in professional sports should be permitted,human growth hormone,league,0.1,low
the use of performance enhancing drugs in professional sports should be permitted,human growth hormone,olympic champion,0.4,medium
the use of performance enhancing drugs in professional sports should be permitted,human growth hormone,performance enhancing drugs,1.0,high
the use of performance enhancing drugs in professional sports should be permitted,human growth hormone,professional sports,0.7,high
the use of performance enhancing drugs in professional sports should be permitted,international olympic committee,performance enhancing drugs,0.7,high
the use of performance enhancing drugs in professional sports should be permitted,international olympic committee,professional sports,0.9,high
the use of performance enhancing drugs in professional sports should be permitted,international olympic committee,systematic doping,0.5,medium
the use of performance enhancing drugs in professional sports should be permitted,international olympic committee,users,0.0,low
the use of performance enhancing drugs in professional sports should be permitted,league,performance enhancing drugs,0.2,low
the use of performance enhancing drugs in professional sports should be permitted,league,professional sports,0.9,high
the use of performance enhancing drugs in professional sports should be permitted,left ventricle,performance enhancing drugs,0.1,low
the use of performance enhancing drugs in professional sports should be permitted,left ventricle,professional sports,0.0,low
the use of performance enhancing drugs in professional sports should be permitted,major league baseball,mlb,1.0,high
the use of performance enhancing drugs in professional sports should be permitted,major league baseball,performance enhancing drugs,0.6,medium
the use of performance enhancing drugs in professional sports should be permitted,major league baseball,professional sports,1.0,high
the use of performance enhancing drugs in professional sports should be permitted,mitchell report,performance enhancing drugs,1.0,high
the use of performance enhancing drugs in professional sports should be permitted,mitchell report,professional sports,0.9,high
the use of performance enhancing drugs in professional sports should be permitted,mlb,performance enhancing drugs,0.4,medium
the use of performance enhancing drugs in professional sports should be permitted,national football league,androgenic steroids,0.5,medium
the use of performance enhancing drugs in professional sports should be permitted,national football league,cycling,0.2,low
the use of performance enhancing drugs in professional sports should be permitted,national football league,east,0.1,low
the use of performance enhancing drugs in professional sports should be permitted,national football league,performance enhancing drugs,0.5,medium
the use of performance enhancing drugs in professional sports should be permitted,national football league,professional sports,1.0,high
the use of performance enhancing drugs in professional sports should be permitted,national football league,systematic doping,0.4,medium
the use of performance enhancing drugs in professional sports should be permitted,olympic champion,performance enhancing drugs,0.4,medium
the use of performance enhancing drugs in professional sports should be permitted,olympic champion,professional sports,0.9,high
the use of performance enhancing drugs in professional sports should be permitted,performance enhancing drugs,androgenic steroids,1.0,high
the use of performance enhancing drugs in professional sports should be permitted,performance enhancing drugs,dsm iv tr,0.2,low
the use of performance enhancing drugs in professional sports should be permitted,performance enhancing drugs,east,0.0,low
the use of performance enhancing drugs in professional sports should be permitted,performance enhancing drugs,hormone,0.9,high
the use of performance enhancing drugs in professional sports should be permitted,performance enhancing drugs,league,0.1,low
the use of performance enhancing drugs in professional sports should be permitted,performance enhancing drugs,olympic champion,0.4,medium
the use of performance enhancing drugs in professional sports should be permitted,performance enhancing drugs,performance enhancing drugs,1.0,high
the use of performance enhancing drugs in professional sports should be permitted,performance enhancing drugs,professional sports,1.0,high
the use of performance enhancing drugs in professional sports should be permitted,performance enhancing drugs,schedule iii,0.9,high
the use of performance enhancing drugs in professional sports should be permitted,performance enhancing drugs,substance dependence,0.8,high
the use of performance enhancing drugs in professional sports should be permitted,performance enhancing drugs,systematic doping,1.0,high
the use of performance enhancing drugs in professional sports should be permitted,performance enhancing substances,abuse potential,0.9,high
the use of performance enhancing drugs in professional sports should be permitted,performance enhancing substances,athlete,0.9,high
the use of performance enhancing drugs in professional sports should be permitted,performance enhancing substances,hormone,1.0,high
the use of performance enhancing drugs in professional sports should be permitted,performance enhancing substances,performance enhancing drugs,1.0,high
the use of performance enhancing drugs in professional sports should be permitted,performance enhancing substances,professional sports,0.9,high
the use of performance enhancing drugs in professional sports should be permitted,prescription,performance enhancing drugs,0.8,high
the use of performance enhancing drugs in professional sports should be permitted,prescription,professional sports,0.0,low
the use of performance enhancing drugs in professional sports should be permitted,random testing,performance enhancing drugs,0.8,high
the use of performance enhancing drugs in professional sports should be permitted,random testing,professional sports,0.6,medium
the use of performance enhancing drugs in professional sports should be permitted,schedule iii,performance enhancing drugs,0.9,high
the use of performance enhancing drugs in professional sports should be permitted,schedule iii,professional sports,0.1,low
the use of performance enhancing drugs in professional sports should be permitted,steroid,androgen,1.0,high
the use of performance enhancing drugs in professional sports should be permitted,steroid,cycling,0.5,medium
the use of performance enhancing drugs in professional sports should be permitted,steroid,performance enhancing drugs,1.0,high
the use of performance enhancing drugs in professional sports should be permitted,steroid,prescription,0.6,medium
the use of performance enhancing drugs in professional sports should be permitted,steroid,professional sports,0.9,high
the use of performance enhancing drugs in professional sports should be permitted,steroid,random testing,0.7,high
the use of performance enhancing drugs in professional sports should be permitted,steroid users,cycling,0.4,medium
the use of performance enhancing drugs in professional sports should be permitted,steroid users,performance enhancing drugs,1.0,high
the use of performance enhancing drugs in professional sports should be permitted,steroid users,professional sports,1.0,high
the use of performance enhancing drugs in professional sports should be permitted,steroid users,random testing,1.0,high
the use of performance enhancing drugs in professional sports should be permitted,steroids,abuse potential,0.7,high
the use of performance enhancing drugs in professional sports should be permitted,steroids,androgenic steroids,1.0,high
the use of performance enhancing drugs in professional sports should be permitted,steroids,athlete,0.9,high
the use of performance enhancing drugs in professional sports should be permitted,steroids,cycling,0.5,medium
the use of performance enhancing drugs in professional sports should be permitted,steroids,hormones,0.9,high
the use of performance enhancing drugs in professional sports should be permitted,steroids,mitchell report,1.0,high
the use of performance enhancing drugs in professional sports should be permitted,steroids,professional sports,0.9,high
the use of performance enhancing drugs in professional sports should be permitted,steroids,schedule iii,0.8,high
the use of performance enhancing drugs in professional sports should be permitted,substance,mlb,0.2,low
the use of performance enhancing drugs in professional sports should be permitted,substance,performance enhancing drugs,0.9,high
the use of performance enhancing drugs in professional sports should be permitted,substance,professional sports,0.1,low
the use of performance enhancing drugs in professional sports should be permitted,substance,schedule iii,0.7,high
the use of performance enhancing drugs in professional sports should be permitted,substance,substance dependence,0.9,high
the use of performance enhancing drugs in professional sports should be permitted,substance abuse,androgenic:anabolic ratio,0.5,medium
the use of performance enhancing drugs in professional sports should be permitted,substance abuse,mlb,0.4,medium
the use of performance enhancing drugs in professional sports should be permitted,substance abuse,olympic champion,0.4,medium
the use of performance enhancing drugs in professional sports should be permitted,substance abuse,performance enhancing drugs,0.9,high
the use of performance enhancing drugs in professional sports should be permitted,substance abuse,professional sports,0.7,high
the use of performance enhancing drugs in professional sports should be permitted,substance abuse,systematic doping,1.0,high
the use of performance enhancing drugs in professional sports should be permitted,substance dependence,performance enhancing drugs,0.9,high
the use of performance enhancing drugs in professional sports should be permitted,substance dependence,professional sports,0.5,medium
the use of performance enhancing drugs in professional sports should be permitted,substances,left ventricle,0.1,low
the use of performance enhancing drugs in professional sports should be permitted,substances,performance enhancing drugs,1.0,high
the use of performance enhancing drugs in professional sports should be permitted,substances,professional sports,0.5,medium
the use of performance enhancing drugs in professional sports should be permitted,systematic doping,performance enhancing drugs,0.9,high
the use of performance enhancing drugs in professional sports should be permitted,systematic doping,professional sports,0.8,high
the use of performance enhancing drugs in professional sports should be permitted,tour de france,abuse potential,0.3,low
the use of performance enhancing drugs in professional sports should be permitted,tour de france,athlete,1.0,high
the use of performance enhancing drugs in professional sports should be permitted,tour de france,dsm iv tr,0.2,low
the use of performance enhancing drugs in professional sports should be permitted,tour de france,league,0.3,low
the use of performance enhancing drugs in professional sports should be permitted,tour de france,performance enhancing drugs,0.8,high
the use of performance enhancing drugs in professional sports should be permitted,tour de france,professional sports,1.0,high
the use of performance enhancing drugs in professional sports should be permitted,tour de france,random testing,0.3,low
the use of performance enhancing drugs in professional sports should be permitted,tour de france,users,0.1,low
the use of performance enhancing drugs in professional sports should be permitted,users,performance enhancing drugs,0.4,medium
the use of performance enhancing drugs in professional sports should be permitted,users,professional sports,0.2,low
trade is better than aid,africa,aid,0.8,high
trade is better than aid,africa,trade,0.3,low
trade is better than aid,agricultural,aid,0.5,medium
trade is better than aid,agricultural,trade,0.7,high
trade is better than aid,agriculture,aid,0.5,medium
trade is better than aid,agriculture,trade,0.7,high
trade is better than aid,aid,aid,1.0,high
trade is better than aid,aid,protectionist,0.3,low
trade is better than aid,aid,trade,0.6,medium
trade is better than aid,aid agencies,aid,1.0,high
trade is better than aid,aid agencies,trade,0.1,low
trade is better than aid,aid effectiveness,aid,1.0,high
trade is better than aid,aid effectiveness,combination of goods,0.2,low
trade is better than aid,aid effectiveness,free trade increases,0.2,low
trade is better than aid,aid effectiveness,international aid,1.0,high
trade is better than aid,aid effectiveness,trade,0.3,low
trade is better than aid,aid organizations,aid,1.0,high
trade is better than aid,aid organizations,trade,0.1,low
trade is better than aid,assistance,aid,1.0,high
trade is better than aid,assistance,trade,0.1,low
trade is better than aid,civil society organisations,aid,0.7,high
trade is better than aid,civil society organisations,trade,0.1,low
trade is better than aid,combination of goods,aid,0.4,medium
trade is better than aid,combination of goods,trade,0.7,high
trade is better than aid,comparative advantage,aid,0.1,low
trade is better than aid,comparative advantage,trade,0.6,medium
trade is better than aid,countries,agriculture,0.3,low
trade is better than aid,countries,aid,0.5,medium
trade is better than aid,countries,good governance,0.6,medium
trade is better than aid,countries,international aid,0.6,medium
trade is better than aid,countries,poverty trap,0.3,low
trade is better than aid,countries,protectionist,0.2,low
trade is better than aid,countries,tariff,0.4,medium
trade is better than aid,countries,trade,0.5,medium
trade is better than aid,countries,world,0.9,high
trade is better than aid,country,agriculture,0.3,low
trade is better than aid,country,aid,0.4,medium
trade is better than aid,country,country level,0.9,high
trade is better than aid,country,economic development,0.4,medium
trade is better than aid,country,financial times,0.1,low
trade is better than aid,country,money,0.1,low
trade is better than aid,country,poor nations,0.8,high
trade is better than aid,country,protectionist,0.2,low
trade is better than aid,country,trade,0.6,medium
trade is better than aid,country level,aid,0.2,low
trade is better than aid,country level,trade,0.3,low
trade is better than aid,developing,aid,0.6,medium
trade is better than aid,developing,aid organizations,0.6,medium
trade is better than aid,developing,combination of goods,0.2,low
trade is better than aid,developing,country level,0.3,low
trade is better than aid,developing,missionaries,0.1,low
trade is better than aid,developing,poor nations,0.7,high
trade is better than aid,developing,trade,0.5,medium
trade is better than aid,developing,world trade organization,0.3,low
trade is better than aid,developing countries,africa,0.9,high
trade is better than aid,developing countries,agriculture,0.5,medium
trade is better than aid,developing countries,aid,1.0,high
trade is better than aid,developing countries,trade,0.4,medium
trade is better than aid,developing countries,world trade organization,0.2,low
trade is better than aid,development,agriculture,0.3,low
trade is better than aid,development,aid,0.9,high
trade is better than aid,development,aid agencies,0.5,medium
trade is better than aid,development,country level,0.3,low
trade is better than aid,development,free trade increases,0.7,high
trade is better than aid,development,protectionist,0.1,low
trade is better than aid,development,trade,0.6,medium
trade is better than aid,development aid,aid,1.0,high
trade is better than aid,development aid,aid organizations,1.0,high
trade is better than aid,development aid,poor nations,0.9,high
trade is better than aid,development aid,trade,0.2,low
trade is better than aid,development aid,world,0.1,low
trade is better than aid,development assistance committee,africa,0.5,medium
trade is better than aid,development assistance committee,agriculture,0.1,low
trade is better than aid,development assistance committee,aid,0.8,high
trade is better than aid,development assistance committee,aid agencies,0.8,high
trade is better than aid,development assistance committee,assistance,0.9,high
trade is better than aid,development assistance committee,exports,0.0,low
trade is better than aid,development assistance committee,protectionist,0.0,low
trade is better than aid,development assistance committee,trade,0.2,low
trade is better than aid,donor,agricultural,0.1,low
trade is better than aid,donor,aid,1.0,high
trade is better than aid,donor,international aid,0.8,high
trade is better than aid,donor,poverty reduction measures,0.5,medium
trade is better than aid,donor,trade,0.0,low
trade is better than aid,donor,world,0.0,low
trade is better than aid,donor and recipient,aid,1.0,high
trade is better than aid,donor and recipient,exports,0.1,low
trade is better than aid,donor and recipient,international aid,0.8,high
trade is better than aid,donor and recipient,tariff,0.2,low
trade is better than aid,donor and recipient,trade,0.0,low
trade is better than aid,donors,aid,1.0,high
trade is better than aid,donors,poverty reduction measures,0.7,high
trade is better than aid,donors,trade,0.0,low
trade is better than aid,donors,world trade organization,0.1,low
trade is better than aid,easterly,aid,0.2,low
trade is better than aid,easterly,assistance,0.4,medium
trade is better than aid,easterly,free trade increases,0.0,low
trade is better than aid,easterly,missionaries,0.0,low
trade is better than aid,easterly,recipient country,0.1,low
trade is better than aid,easterly,trade,0.2,low
trade is better than aid,easterly,world trade organization,0.0,low
trade is better than aid,economic development,aid,1.0,high
trade is better than aid,economic development,trade,0.9,high
trade is better than aid,effectiveness of aid,aid,1.0,high
trade is better than aid,effectiveness of aid,civil society organisations,0.5,medium
trade is better than aid,effectiveness of aid,combination of goods,0.2,low
trade is better than aid,effectiveness of aid,recipient country,0.5,medium
trade is better than aid,effectiveness of aid,trade,0.3,low
trade is better than aid,exports,aid,0.0,low
trade is better than aid,exports,trade,1.0,high
trade is better than aid,financial times,aid,0.1,low
trade is better than aid,financial times,trade,0.3,low
trade is better than aid,foreign aid,aid,1.0,high
trade is better than aid,foreign aid,country level,0.2,low
trade is better than aid,foreign aid,exports,0.0,low
trade is better than aid,foreign aid,financial times,0.1,low
trade is better than aid,foreign aid,missionaries,0.7,high
trade is better than aid,foreign aid,poverty trap,0.7,high
trade is better than aid,foreign aid,trade,0.2,low
trade is better than aid,free trade,aid,0.3,low
trade is better than aid,free trade,aid organizations,0.2,low
trade is better than aid,free trade,quality of life,0.3,low
trade is better than aid,free trade,trade,1.0,high
trade is better than aid,free trade increases,aid,0.0,low
trade is better than aid,free trade increases,trade,1.0,high
trade is better than aid,good governance,aid,0.4,medium
trade is better than aid,good governance,trade,0.3,low
trade is better than aid,goods and services,aid,0.7,high
trade is better than aid,goods and services,assistance,0.5,medium
trade is better than aid,goods and services,combination of goods,1.0,high
trade is better than aid,goods and services,economic development,0.6,medium
trade is better than aid,goods and services,exports,0.8,high
trade is better than aid,goods and services,free trade increases,0.6,medium
trade is better than aid,goods and services,trade,1.0,high
trade is better than aid,goods and services,world trade organization,0.7,high
trade is better than aid,impact of aid,aid,1.0,high
trade is better than aid,impact of aid,money,0.5,medium
trade is better than aid,impact of aid,poor nations,0.8,high
trade is better than aid,impact of aid,poverty reduction measures,1.0,high
trade is better than aid,impact of aid,trade,0.3,low
trade is better than aid,international aid,aid,1.0,high
trade is better than aid,international aid,trade,0.1,low
trade is better than aid,low income countries,aid,1.0,high
trade is better than aid,low income countries,economic development,0.8,high
trade is better than aid,low income countries,financial times,0.1,low
trade is better than aid,low income countries,money,0.9,high
trade is better than aid,low income countries,poverty reduction measures,0.9,high
trade is better than aid,low income countries,poverty trap,0.9,high
trade is better than aid,low income countries,quality of life,1.0,high
trade is better than aid,low income countries,trade,0.4,medium
trade is better than aid,middle income countries,aid,0.3,low
trade is better than aid,middle income countries,quality of life,0.5,medium
trade is better than aid,middle income countries,trade,0.2,low
trade is better than aid,millennium development goals,africa,0.5,medium
trade is better than aid,millennium development goals,agriculture,0.1,low
trade is better than aid,millennium development goals,aid,0.8,high
trade is better than aid,millennium development goals,international aid,0.7,high
trade is better than aid,millennium development goals,money,0.4,medium
trade is better than aid,millennium development goals,trade,0.3,low
trade is better than aid,missionaries,aid,0.8,high
trade is better than aid,missionaries,trade,0.0,low
trade is better than aid,money,aid,1.0,high
trade is better than aid,money,trade,1.0,high
trade is better than aid,overseas development institute,africa,0.5,medium
trade is better than aid,overseas development institute,aid,0.9,high
trade is better than aid,overseas development institute,assistance,0.8,high
trade is better than aid,overseas development institute,good governance,0.0,low
trade is better than aid,overseas development institute,international aid,0.8,high
trade is better than aid,overseas development institute,trade,0.2,low
trade is better than aid,paris declaration,aid,0.9,high
trade is better than aid,paris declaration,aid agencies,0.7,high
trade is better than aid,paris declaration,civil society organisations,0.4,medium
trade is better than aid,paris declaration,combination of goods,0.0,low
trade is better than aid,paris declaration,trade,0.1,low
trade is better than aid,paris declaration,world,0.1,low
trade is better than aid,poor countries,africa,1.0,high
trade is better than aid,poor countries,aid,1.0,high
trade is better than aid,poor countries,combination of goods,0.0,low
trade is better than aid,poor countries,country level,0.6,medium
trade is better than aid,poor countries,good governance,0.3,low
trade is better than aid,poor countries,quality of life,0.7,high
trade is better than aid,poor countries,trade,0.4,medium
trade is better than aid,poor countries,world,0.7,high
trade is better than aid,poor countries,world trade organization,0.1,low
trade is better than aid,poor nations,aid,1.0,high
trade is better than aid,poor nations,trade,0.4,medium
trade is better than aid,poverty,aid,1.0,high
trade is better than aid,poverty,missionaries,0.3,low
trade is better than aid,poverty,trade,0.2,low
trade is better than aid,poverty reduction,aid,1.0,high
trade is better than aid,poverty reduction,exports,0.3,low
trade is better than aid,poverty reduction,good governance,0.5,medium
trade is better than aid,poverty reduction,money,0.8,high
trade is better than aid,poverty reduction,poverty reduction measures,1.0,high
trade is better than aid,poverty reduction,trade,0.6,medium
trade is better than aid,poverty reduction measures,aid,1.0,high
trade is better than aid,poverty reduction measures,trade,0.5,medium
trade is better than aid,poverty trap,aid,0.6,medium
trade is better than aid,poverty trap,trade,0.2,low
trade is better than aid,protectionist,aid,0.2,low
trade is better than aid,protectionist,trade,0.8,high
trade is better than aid,quality of life,aid,0.7,high
trade is better than aid,quality of life,trade,0.2,low
trade is better than aid,recipient country,aid,0.9,high
trade is better than aid,recipient country,trade,0.2,low
trade is better than aid,standard of living,agriculture,0.0,low
trade is better than aid,standard of living,aid,0.7,high
trade is better than aid,standard of living,economic development,0.7,high
trade is better than aid,standard of living,international aid,0.7,high
trade is better than aid,standard of living,money,0.8,high
trade is better than aid,standard of living,poverty reduction measures,1.0,high
trade is better than aid,standard of living,trade,0.1,low
trade is better than aid,tariff,aid,0.0,low
trade is better than aid,tariff,trade,1.0,high
trade is better than aid,trade,aid,0.7,high
trade is better than aid,trade,country level,0.2,low
trade is better than aid,trade,poverty trap,0.1,low
trade is better than aid,trade,recipient country,0.2,low
trade is better than aid,trade,trade,1.0,high
trade is better than aid,trade,world,0.5,medium
trade is better than aid,world,aid,0.3,low
trade is better than aid,world,trade,0.5,medium
trade is better than aid,world bank,africa,0.2,low
trade is better than aid,world bank,aid,0.6,medium
trade is better than aid,world bank,aid agencies,0.4,medium
trade is better than aid,world bank,aid organizations,0.2,low
trade is better than aid,world bank,country level,0.2,low
trade is better than aid,world bank,missionaries,0.0,low
trade is better than aid,world bank,tariff,0.3,low
trade is better than aid,world bank,trade,0.6,medium
trade is better than aid,world trade organization,aid,0.1,low
trade is better than aid,world trade organization,trade,1.0,high
us should re-engage myanmar,arrested,myanmar,0.2,low
us should re-engage myanmar,arrested,us,0.1,low
us should re-engage myanmar,buddhist monks,democracy,0.0,low
us should re-engage myanmar,buddhist monks,kenji nagai,0.3,low
us should re-engage myanmar,buddhist monks,myanmar,0.9,high
us should re-engage myanmar,buddhist monks,party,0.0,low
us should re-engage myanmar,buddhist monks,suu kyi,0.2,low
us should re-engage myanmar,buddhist monks,thein sein,0.3,low
us should re-engage myanmar,buddhist monks,troops,0.0,low
us should re-engage myanmar,buddhist monks,us,0.0,low
us should re-engage myanmar,burma,china and india,0.7,high
us should re-engage myanmar,burma,kenji nagai,1.0,high
us should re-engage myanmar,burma,myanmar,1.0,high
us should re-engage myanmar,burma,shan states,1.0,high
us should re-engage myanmar,burma,township,0.3,low
us should re-engage myanmar,burma,us,0.8,high
us should re-engage myanmar,burma campaign uk,arrested,0.0,low
us should re-engage myanmar,burma campaign uk,democracy,0.7,high
us should re-engage myanmar,burma campaign uk,lan na,0.0,low
us should re-engage myanmar,burma campaign uk,myanmar,1.0,high
us should re-engage myanmar,burma campaign uk,troops,0.0,low
us should re-engage myanmar,burma campaign uk,us,0.1,low
us should re-engage myanmar,burma's,china and india,0.2,low
us should re-engage myanmar,burma's,elections,0.4,medium
us should re-engage myanmar,burma's,human rights abuses,0.8,high
us should re-engage myanmar,burma's,lan na,0.6,medium
us should re-engage myanmar,burma's,myanmar,0.9,high
us should re-engage myanmar,burma's,national development party,0.6,medium
us should re-engage myanmar,burma's,regime,0.6,medium
us should re-engage myanmar,burma's,us,0.3,low
us should re-engage myanmar,burmese,myanmar,0.9,high
us should re-engage myanmar,burmese,us,0.5,medium
us should re-engage myanmar,burmese government,crackdown,0.1,low
us should re-engage myanmar,burmese government,kachin state,0.7,high
us should re-engage myanmar,burmese government,myanmar,1.0,high
us should re-engage myanmar,burmese government,southeast asia,0.9,high
us should re-engage myanmar,burmese government,us,0.4,medium
us should re-engage myanmar,burmese military junta,elections,0.6,medium
us should re-engage myanmar,burmese military junta,house arrest,0.2,low
us should re-engage myanmar,burmese military junta,myanmar,0.9,high
us should re-engage myanmar,burmese military junta,party,0.1,low
us should re-engage myanmar,burmese military junta,seats,0.0,low
us should re-engage myanmar,burmese military junta,southeast asia,0.8,high
us should re-engage myanmar,burmese military junta,us,0.2,low
us should re-engage myanmar,burmese military regime,crackdown,0.3,low
us should re-engage myanmar,burmese military regime,elections,0.6,medium
us should re-engage myanmar,burmese military regime,myanmar,1.0,high
us should re-engage myanmar,burmese military regime,regime,0.9,high
us should re-engage myanmar,burmese military regime,shwedagon pagoda,0.3,low
us should re-engage myanmar,burmese military regime,thein sein,0.8,high
us should re-engage myanmar,burmese military regime,us,0.2,low
us should re-engage myanmar,china and india,myanmar,0.6,medium
us should re-engage myanmar,china and india,us,0.3,low
us should re-engage myanmar,crackdown,myanmar,0.2,low
us should re-engage myanmar,crackdown,us,0.1,low
us should re-engage myanmar,democracy,myanmar,0.6,medium
us should re-engage myanmar,democracy,us,1.0,high
us should re-engage myanmar,development party,china and india,0.0,low
us should re-engage myanmar,development party,kenji nagai,0.0,low
us should re-engage myanmar,development party,myanmar,0.5,medium
us should re-engage myanmar,development party,southeast asia,0.1,low
us should re-engage myanmar,development party,troops,0.0,low
us should re-engage myanmar,development party,us,0.0,low
us should re-engage myanmar,election,china and india,0.1,low
us should re-engage myanmar,election,myanmar,0.2,low
us should re-engage myanmar,election,township,0.0,low
us should re-engage myanmar,election,us,0.1,low
us should re-engage myanmar,elections,myanmar,0.2,low
us should re-engage myanmar,elections,us,0.2,low
us should re-engage myanmar,free burma coalition,human rights abuses,0.8,high
us should re-engage myanmar,free burma coalition,lan na,0.2,low
us should re-engage myanmar,free burma coalition,myanmar,1.0,high
us should re-engage myanmar,free burma coalition,shwedagon pagoda,0.1,low
us should re-engage myanmar,free burma coalition,township,0.0,low
us should re-engage myanmar,free burma coalition,us,0.3,low
us should re-engage myanmar,house arrest,myanmar,0.2,low
us should re-engage myanmar,house arrest,us,0.0,low
us should re-engage myanmar,human rights,elections,0.3,low
us should re-engage myanmar,human rights,kenji nagai,0.4,medium
us should re-engage myanmar,human rights,myanmar,0.6,medium
us should re-engage myanmar,human rights,shan states,0.1,low
us should re-engage myanmar,human rights,southeast asia,0.2,low
us should re-engage myanmar,human rights,township,0.0,low
us should re-engage myanmar,human rights,troops,0.0,low
us should re-engage myanmar,human rights,us,0.5,medium
us should re-engage myanmar,human rights abuses,myanmar,1.0,high
us should re-engage myanmar,human rights abuses,us,0.2,low
us should re-engage myanmar,human rights organizations,myanmar,0.8,high
us should re-engage myanmar,human rights organizations,us,0.5,medium
us should re-engage myanmar,ibrahim gambari,china and india,0.0,low
us should re-engage myanmar,ibrahim gambari,elections,0.0,low
us should re-engage myanmar,ibrahim gambari,human rights abuses,0.4,medium
us should re-engage myanmar,ibrahim gambari,kachin state,0.1,low
us should re-engage myanmar,ibrahim gambari,myanmar,0.3,low
us should re-engage myanmar,ibrahim gambari,shan states,0.1,low
us should re-engage myanmar,ibrahim gambari,troops,0.0,low
us should re-engage myanmar,ibrahim gambari,us,0.3,low
us should re-engage myanmar,junta,human rights abuses,0.8,high
us should re-engage myanmar,junta,kachin state,0.3,low
us should re-engage myanmar,junta,lan na,0.3,low
us should re-engage myanmar,junta,myanmar,1.0,high
us should re-engage myanmar,junta,us,0.1,low
us should re-engage myanmar,kachin state,myanmar,1.0,high
us should re-engage myanmar,kachin state,us,0.1,low
us should re-engage myanmar,kenji nagai,myanmar,1.0,high
us should re-engage myanmar,kenji nagai,us,0.1,low
us should re-engage myanmar,lan na,myanmar,0.9,high
us should re-engage myanmar,lan na,us,0.1,low
us should re-engage myanmar,military,lan na,0.1,low
us should re-engage myanmar,military,myanmar,0.6,medium
us should re-engage myanmar,military,national development party,0.1,low
us should re-engage myanmar,military,shan states,0.1,low
us should re-engage myanmar,military,us,0.4,medium
us should re-engage myanmar,military government,lan na,0.2,low
us should re-engage myanmar,military government,myanmar,1.0,high
us should re-engage myanmar,military government,national development party,0.4,medium
us should re-engage myanmar,military government,shan state,0.2,low
us should re-engage myanmar,military government,us,0.1,low
us should re-engage myanmar,military junta,democracy,0.6,medium
us should re-engage myanmar,military junta,elections,0.5,medium
us should re-engage myanmar,military junta,myanmar,1.0,high
us should re-engage myanmar,military junta,shwedagon pagoda,0.2,low
us should re-engage myanmar,military junta,us,0.1,low
us should re-engage myanmar,military rulers,arrested,0.1,low
us should re-engage myanmar,military rulers,myanmar,1.0,high
us should re-engage myanmar,military rulers,national development party,0.4,medium
us should re-engage myanmar,military rulers,regime,0.9,high
us should re-engage myanmar,military rulers,seats,0.0,low
us should re-engage myanmar,military rulers,southeast asia,0.2,low
us should re-engage myanmar,military rulers,township,0.1,low
us should re-engage myanmar,military rulers,us,0.1,low
us should re-engage myanmar,monks,arrested,0.2,low
us should re-engage myanmar,monks,elections,0.0,low
us should re-engage myanmar,monks,myanmar,0.9,high
us should re-engage myanmar,monks,seats,0.0,low
us should re-engage myanmar,monks,us,0.1,low
us should re-engage myanmar,monks and civilians,china and india,0.3,low
us should re-engage myanmar,monks and civilians,myanmar,0.7,high
us should re-engage myanmar,monks and civilians,shan states,0.3,low
us should re-engage myanmar,monks and civilians,township,0.1,low
us should re-engage myanmar,monks and civilians,us,0.1,low
us should re-engage myanmar,myanmar,arrested,0.1,low
us should re-engage myanmar,myanmar,kenji nagai,1.0,high
us should re-engage myanmar,myanmar,lan na,0.8,high
us should re-engage myanmar,myanmar,myanmar,1.0,high
us should re-engage myanmar,myanmar,party,0.1,low
us should re-engage myanmar,myanmar,seats,0.0,low
us should re-engage myanmar,myanmar,september,0.1,low
us should re-engage myanmar,myanmar,shan state,1.0,high
us should re-engage myanmar,myanmar,shwedagon pagoda,1.0,high
us should re-engage myanmar,myanmar,troops,0.4,medium
us should re-engage myanmar,myanmar,us,0.8,high
us should re-engage myanmar,national democratic force,myanmar,0.9,high
us should re-engage myanmar,national democratic force,shan states,0.2,low
us should re-engage myanmar,national democratic force,suu kyi,0.7,high
us should re-engage myanmar,national democratic force,us,0.4,medium
us should re-engage myanmar,national development party,myanmar,0.6,medium
us should re-engage myanmar,national development party,us,0.0,low
us should re-engage myanmar,party,myanmar,0.3,low
us should re-engage myanmar,party,us,0.2,low
us should re-engage myanmar,people of burma,arrested,0.2,low
us should re-engage myanmar,people of burma,democracy,0.2,low
us should re-engage myanmar,people of burma,house arrest,0.1,low
us should re-engage myanmar,people of burma,kachin state,0.7,high
us should re-engage myanmar,people of burma,myanmar,1.0,high
us should re-engage myanmar,people of burma,september,0.0,low
us should re-engage myanmar,people of burma,shwedagon pagoda,0.5,medium
us should re-engage myanmar,people of burma,suu kyi,0.8,high
us should re-engage myanmar,people of burma,thein sein,0.7,high
us should re-engage myanmar,people of burma,troops,0.1,low
us should re-engage myanmar,people of burma,us,0.2,low
us should re-engage myanmar,political prisoners,myanmar,0.8,high
us should re-engage myanmar,political prisoners,national development party,0.2,low
us should re-engage myanmar,political prisoners,shan state,0.0,low
us should re-engage myanmar,political prisoners,township,0.0,low
us should re-engage myanmar,political prisoners,us,0.1,low
us should re-engage myanmar,pro democracy,myanmar,0.3,low
us should re-engage myanmar,pro democracy,national development party,0.7,high
us should re-engage myanmar,pro democracy,seats,0.1,low
us should re-engage myanmar,pro democracy,us,1.0,high
us should re-engage myanmar,protests,elections,0.1,low
us should re-engage myanmar,protests,kenji nagai,0.7,high
us should re-engage myanmar,protests,myanmar,0.4,medium
us should re-engage myanmar,protests,national development party,0.2,low
us should re-engage myanmar,protests,us,0.1,low
us should re-engage myanmar,regime,myanmar,0.7,high
us should re-engage myanmar,regime,us,0.4,medium
us should re-engage myanmar,sanctions on burma,house arrest,0.2,low
us should re-engage myanmar,sanctions on burma,myanmar,1.0,high
us should re-engage myanmar,sanctions on burma,regime,0.5,medium
us should re-engage myanmar,sanctions on burma,seats,0.0,low
us should re-engage myanmar,sanctions on burma,southeast asia,0.5,medium
us should re-engage myanmar,sanctions on burma,thein sein,0.3,low
us should re-engage myanmar,sanctions on burma,us,1.0,high
us should re-engage myanmar,seats,myanmar,0.0,low
us should re-engage myanmar,seats,us,0.0,low
us should re-engage myanmar,september,myanmar,0.0,low
us should re-engage myanmar,september,us,0.0,low
us should re-engage myanmar,shan state,myanmar,1.0,high
us should re-engage myanmar,shan state,us,0.1,low
us should re-engage myanmar,shan states,myanmar,1.0,high
us should re-engage myanmar,shan states,us,0.1,low
us should re-engage myanmar,shwedagon pagoda,myanmar,1.0,high
us should re-engage myanmar,shwedagon pagoda,us,0.1,low
us should re-engage myanmar,southeast asia,myanmar,1.0,high
us should re-engage myanmar,southeast asia,us,0.1,low
us should re-engage myanmar,suu kyi,myanmar,1.0,high
us should re-engage myanmar,suu kyi,us,0.1,low
us should re-engage myanmar,thein sein,myanmar,0.9,high
us should re-engage myanmar,thein sein,us,0.1,low
us should re-engage myanmar,township,myanmar,0.3,low
us should re-engage myanmar,township,us,0.1,low
us should re-engage myanmar,troops,myanmar,0.5,medium
us should re-engage myanmar,troops,us,0.3,low
us should re-engage myanmar,union of burma,elections,0.3,low
us should re-engage myanmar,union of burma,human rights abuses,0.7,high
us should re-engage myanmar,union of burma,myanmar,1.0,high
us should re-engage myanmar,union of burma,regime,0.6,medium
us should re-engage myanmar,union of burma,us,0.2,low
us should re-engage myanmar,union of myanmar,myanmar,1.0,high
us should re-engage myanmar,union of myanmar,troops,0.2,low
us should re-engage myanmar,union of myanmar,us,0.2,low
us should re-engage myanmar,yangon,house arrest,0.1,low
us should re-engage myanmar,yangon,myanmar,1.0,high
us should re-engage myanmar,yangon,shwedagon pagoda,0.8,high
us should re-engage myanmar,yangon,suu kyi,0.6,medium
us should re-engage myanmar,yangon,thein sein,0.7,high
us should re-engage myanmar,yangon,us,0.3,low
wind power should be a primary focus of future energy supply,capacity,energy supply,0.7,high
wind power should be a primary focus of future energy supply,capacity,installed capacity,1.0,high
wind power should be a primary focus of future energy supply,capacity,kilowatt hour,1.0,high
wind power should be a primary focus of future energy supply,capacity,walney wind farm,0.3,low
wind power should be a primary focus of future energy supply,capacity,wind power,0.3,low
wind power should be a primary focus of future energy supply,capacity credit,energy supply,0.8,high
wind power should be a primary focus of future energy supply,capacity credit,wind power,0.5,medium
wind power should be a primary focus of future energy supply,capacity factor,energy supply,0.8,high
wind power should be a primary focus of future energy supply,capacity factor,national grid,0.4,medium
wind power should be a primary focus of future energy supply,capacity factor,wind power,0.4,medium
wind power should be a primary focus of future energy supply,cape wind project,energy supply,1.0,high
wind power should be a primary focus of future energy supply,cape wind project,renewable energy technologies,0.9,high
wind power should be a primary focus of future energy supply,cape wind project,walney wind farm,0.8,high
wind power should be a primary focus of future energy supply,cape wind project,wind energy policy,0.9,high
wind power should be a primary focus of future energy supply,cape wind project,wind power,1.0,high
wind power should be a primary focus of future energy supply,carbon dioxide,energy supply,0.3,low
wind power should be a primary focus of future energy supply,carbon dioxide,wind power,0.2,low
wind power should be a primary focus of future energy supply,electrical,energy supply,1.0,high
wind power should be a primary focus of future energy supply,electrical,wind power,0.7,high
wind power should be a primary focus of future energy supply,electricity,capacity credit,0.6,medium
wind power should be a primary focus of future energy supply,electricity,energy supply,1.0,high
wind power should be a primary focus of future energy supply,electricity,renewable energy technologies,1.0,high
wind power should be a primary focus of future energy supply,electricity,wind energy projects,1.0,high
wind power should be a primary focus of future energy supply,electricity,wind power,0.9,high
wind power should be a primary focus of future energy supply,electricity,wind speed,0.6,medium
wind power should be a primary focus of future energy supply,electricity generation,energy supply,0.9,high
wind power should be a primary focus of future energy supply,electricity generation,wind power,0.8,high
wind power should be a primary focus of future energy supply,electricity production,energy supply,0.9,high
wind power should be a primary focus of future energy supply,electricity production,wind power,1.0,high
wind power should be a primary focus of future energy supply,energy,energy supply,1.0,high
wind power should be a primary focus of future energy supply,energy,national renewable energy,0.9,high
wind power should be a primary focus of future energy supply,energy,power stations,1.0,high
wind power should be a primary focus of future energy supply,energy,walney wind farm,0.9,high
wind power should be a primary focus of future energy supply,energy,wind power,1.0,high
wind power should be a primary focus of future energy supply,energy policy act,energy supply,0.8,high
wind power should be a primary focus of future energy supply,energy policy act,intermittency,0.0,low
wind power should be a primary focus of future energy supply,energy policy act,output,0.1,low
wind power should be a primary focus of future energy supply,energy policy act,renewable energy technologies,0.9,high
wind power should be a primary focus of future energy supply,energy policy act,walney wind farm,0.1,low
wind power should be a primary focus of future energy supply,energy policy act,wind power,0.8,high
wind power should be a primary focus of future energy supply,energy sources,energy supply,1.0,high
wind power should be a primary focus of future energy supply,energy sources,intermittency,0.5,medium
wind power should be a primary focus of future energy supply,energy sources,plants,0.4,medium
wind power should be a primary focus of future energy supply,energy sources,wind power,0.9,high
wind power should be a primary focus of future energy supply,fossil,energy supply,0.5,medium
wind power should be a primary focus of future energy supply,fossil,wind power,0.2,low
wind power should be a primary focus of future energy supply,fossil fuels,energy supply,0.9,high
wind power should be a primary focus of future energy supply,fossil fuels,generating,0.2,low
wind power should be a primary focus of future energy supply,fossil fuels,plant,0.4,medium
wind power should be a primary focus of future energy supply,fossil fuels,projects,0.1,low
wind power should be a primary focus of future energy supply,fossil fuels,wind power,0.4,medium
wind power should be a primary focus of future energy supply,generating,energy supply,0.7,high
wind power should be a primary focus of future energy supply,generating,wind power,0.6,medium
wind power should be a primary focus of future energy supply,generation,energy supply,0.3,low
wind power should be a primary focus of future energy supply,generation,largest wind farm,0.3,low
wind power should be a primary focus of future energy supply,generation,national renewable energy,0.4,medium
wind power should be a primary focus of future energy supply,generation,plants,0.3,low
wind power should be a primary focus of future energy supply,generation,renewables,0.3,low
wind power should be a primary focus of future energy supply,generation,wind energy projects,0.4,medium
wind power should be a primary focus of future energy supply,generation,wind power,0.2,low
wind power should be a primary focus of future energy supply,generation,wind speed,0.5,medium
wind power should be a primary focus of future energy supply,greenhouse gas emissions,capacity credit,0.0,low
wind power should be a primary focus of future energy supply,greenhouse gas emissions,electricity generation,0.8,high
wind power should be a primary focus of future energy supply,greenhouse gas emissions,energy supply,0.6,medium
wind power should be a primary focus of future energy supply,greenhouse gas emissions,fossil,0.5,medium
wind power should be a primary focus of future energy supply,greenhouse gas emissions,operations and maintenance,0.0,low
wind power should be a primary focus of future energy supply,greenhouse gas emissions,wind energy association,0.1,low
wind power should be a primary focus of future energy supply,greenhouse gas emissions,wind power,0.5,medium
wind power should be a primary focus of future energy supply,grid,capacity credit,0.4,medium
wind power should be a primary focus of future energy supply,grid,energy supply,0.7,high
wind power should be a primary focus of future energy supply,grid,largest wind farm,0.0,low
wind power should be a primary focus of future energy supply,grid,walney wind farm,0.0,low
wind power should be a primary focus of future energy supply,grid,wind power,0.2,low
wind power should be a primary focus of future energy supply,installed capacity,energy supply,0.6,medium
wind power should be a primary focus of future energy supply,installed capacity,wind power,0.3,low
wind power should be a primary focus of future energy supply,intermittency,energy supply,0.5,medium
wind power should be a primary focus of future energy supply,intermittency,wind power,0.7,high
wind power should be a primary focus of future energy supply,kilowatt hour,energy supply,0.7,high
wind power should be a primary focus of future energy supply,kilowatt hour,wind power,0.5,medium
wind power should be a primary focus of future energy supply,largest wind farm,energy supply,0.8,high
wind power should be a primary focus of future energy supply,largest wind farm,wind power,0.9,high
wind power should be a primary focus of future energy supply,national grid,energy supply,0.8,high
wind power should be a primary focus of future energy supply,national grid,wind power,0.2,low
wind power should be a primary focus of future energy supply,national renewable energy,energy supply,1.0,high
wind power should be a primary focus of future energy supply,national renewable energy,wind power,1.0,high
wind power should be a primary focus of future energy supply,offshore wind farm,energy supply,0.9,high
wind power should be a primary focus of future energy supply,offshore wind farm,largest wind farm,0.7,high
wind power should be a primary focus of future energy supply,offshore wind farm,wind power,1.0,high
wind power should be a primary focus of future energy supply,offshore wind farms,electricity generation,0.9,high
wind power should be a primary focus of future energy supply,offshore wind farms,energy supply,1.0,high
wind power should be a primary focus of future energy supply,offshore wind farms,intermittency,0.5,medium
wind power should be a primary focus of future energy supply,offshore wind farms,kilowatt hour,0.5,medium
wind power should be a primary focus of future energy supply,offshore wind farms,largest wind farm,0.9,high
wind power should be a primary focus of future energy supply,offshore wind farms,output,0.4,medium
wind power should be a primary focus of future energy supply,offshore wind farms,wind power,1.0,high
wind power should be a primary focus of future energy supply,offshore wind farms,wind speed,0.9,high
wind power should be a primary focus of future energy supply,offshore wind power,electricity production,0.9,high
wind power should be a primary focus of future energy supply,offshore wind power,energy supply,1.0,high
wind power should be a primary focus of future energy supply,offshore wind power,generating,0.4,medium
wind power should be a primary focus of future energy supply,offshore wind power,operations and maintenance,0.4,medium
wind power should be a primary focus of future energy supply,offshore wind power,plants,0.3,low
wind power should be a primary focus of future energy supply,offshore wind power,wind power,1.0,high
wind power should be a primary focus of future energy supply,operations and maintenance,energy supply,0.2,low
wind power should be a primary focus of future energy supply,operations and maintenance,wind power,0.1,low
wind power should be a primary focus of future energy supply,output,energy supply,0.8,high
wind power should be a primary focus of future energy supply,output,wind power,0.6,medium
wind power should be a primary focus of future energy supply,plant,energy supply,0.6,medium
wind power should be a primary focus of future energy supply,plant,wind power,0.3,low
wind power should be a primary focus of future energy supply,plants,energy supply,0.5,medium
wind power should be a primary focus of future energy supply,plants,wind power,0.3,low
wind power should be a primary focus of future energy supply,power,electrical,0.9,high
wind power should be a primary focus of future energy supply,power,energy supply,0.8,high
wind power should be a primary focus of future energy supply,power,generating,0.7,high
wind power should be a primary focus of future energy supply,power,intermittency,0.4,medium
wind power should be a primary focus of future energy supply,power,national grid,0.8,high
wind power should be a primary focus of future energy supply,power,renewable electricity,1.0,high
wind power should be a primary focus of future energy supply,power,renewables,0.2,low
wind power should be a primary focus of future energy supply,power,wind energy policy,0.6,medium
wind power should be a primary focus of future energy supply,power,wind power,1.0,high
wind power should be a primary focus of future energy supply,power stations,energy supply,0.9,high
wind power should be a primary focus of future energy supply,power stations,wind power,0.8,high
wind power should be a primary focus of future energy supply,production tax credit,electricity production,0.6,medium
wind power should be a primary focus of future energy supply,production tax credit,energy supply,0.5,medium
wind power should be a primary focus of future energy supply,production tax credit,intermittency,0.0,low
wind power should be a primary focus of future energy supply,production tax credit,largest wind farm,0.0,low
wind power should be a primary focus of future energy supply,production tax credit,projects,0.1,low
wind power should be a primary focus of future energy supply,production tax credit,wind power,0.3,low
wind power should be a primary focus of future energy supply,projects,energy supply,0.3,low
wind power should be a primary focus of future energy supply,projects,wind power,0.3,low
wind power should be a primary focus of future energy supply,renewable,energy supply,0.7,high
wind power should be a primary focus of future energy supply,renewable,water,0.4,medium
wind power should be a primary focus of future energy supply,renewable,wind power,0.8,high
wind power should be a primary focus of future energy supply,renewable electricity,energy supply,1.0,high
wind power should be a primary focus of future energy supply,renewable electricity,wind power,1.0,high
wind power should be a primary focus of future energy supply,renewable energy,capacity credit,0.6,medium
wind power should be a primary focus of future energy supply,renewable energy,energy supply,0.9,high
wind power should be a primary focus of future energy supply,renewable energy,fossil,0.4,medium
wind power should be a primary focus of future energy supply,renewable energy,intermittency,0.6,medium
wind power should be a primary focus of future energy supply,renewable energy,national renewable energy,1.0,high
wind power should be a primary focus of future energy supply,renewable energy,projects,0.8,high
wind power should be a primary focus of future energy supply,renewable energy,renewable electricity,1.0,high
wind power should be a primary focus of future energy supply,renewable energy,renewable energy technologies,1.0,high
wind power should be a primary focus of future energy supply,renewable energy,wind power,0.9,high
wind power should be a primary focus of future energy supply,renewable energy production,energy supply,1.0,high
wind power should be a primary focus of future energy supply,renewable energy production,wind power,1.0,high
wind power should be a primary focus of future energy supply,renewable energy sources,electrical,0.5,medium
wind power should be a primary focus of future energy supply,renewable energy sources,electricity generation,0.9,high
wind power should be a primary focus of future energy supply,renewable energy sources,energy supply,0.9,high
wind power should be a primary focus of future energy supply,renewable energy sources,renewable energy production,1.0,high
wind power should be a primary focus of future energy supply,renewable energy sources,renewable energy technologies,1.0,high
wind power should be a primary focus of future energy supply,renewable energy sources,wind energy projects,0.9,high
wind power should be a primary focus of future energy supply,renewable energy sources,wind power,1.0,high
wind power should be a primary focus of future energy supply,renewable energy technologies,energy supply,1.0,high
wind power should be a primary focus of future energy supply,renewable energy technologies,wind power,1.0,high
wind power should be a primary focus of future energy supply,renewable portfolio standards,energy supply,0.7,high
wind power should be a primary focus of future energy supply,renewable portfolio standards,installed capacity,0.2,low
wind power should be a primary focus of future energy supply,renewable portfolio standards,largest wind farm,0.1,low
wind power should be a primary focus of future energy supply,renewable portfolio standards,national grid,0.3,low
wind power should be a primary focus of future energy supply,renewable portfolio standards,plant,0.1,low
wind power should be a primary focus of future energy supply,renewable portfolio standards,water,0.3,low
wind power should be a primary focus of future energy supply,renewable portfolio standards,wind power,0.7,high
wind power should be a primary focus of future energy supply,renewables,energy supply,0.7,high
wind power should be a primary focus of future energy supply,renewables,wind power,0.7,high
wind power should be a primary focus of future energy supply,turbine,energy supply,0.9,high
wind power should be a primary focus of future energy supply,turbine,renewable energy production,0.5,medium
wind power should be a primary focus of future energy supply,turbine,renewables,0.3,low
wind power should be a primary focus of future energy supply,turbine,wind power,1.0,high
wind power should be a primary focus of future energy supply,turbines,electricity generation,0.9,high
wind power should be a primary focus of future energy supply,turbines,energy supply,0.9,high
wind power should be a primary focus of future energy supply,turbines,operations and maintenance,0.6,medium
wind power should be a primary focus of future energy supply,turbines,plant,0.5,medium
wind power should be a primary focus of future energy supply,turbines,plants,0.4,medium
wind power should be a primary focus of future energy supply,turbines,projects,0.2,low
wind power should be a primary focus of future energy supply,turbines,wind power,1.0,high
wind power should be a primary focus of future energy supply,walney wind farm,energy supply,1.0,high
wind power should be a primary focus of future energy supply,walney wind farm,wind power,1.0,high
wind power should be a primary focus of future energy supply,water,energy supply,0.3,low
wind power should be a primary focus of future energy supply,water,wind power,0.3,low
wind power should be a primary focus of future energy supply,whitelee wind farm,energy supply,1.0,high
wind power should be a primary focus of future energy supply,whitelee wind farm,wind power,1.0,high
wind power should be a primary focus of future energy supply,wind,energy supply,0.8,high
wind power should be a primary focus of future energy supply,wind,renewable electricity,0.8,high
wind power should be a primary focus of future energy supply,wind,wind power,1.0,high
wind power should be a primary focus of future energy supply,wind energy,energy supply,1.0,high
wind power should be a primary focus of future energy supply,wind energy,installed capacity,0.5,medium
wind power should be a primary focus of future energy supply,wind energy,renewable electricity,0.9,high
wind power should be a primary focus of future energy supply,wind energy,renewable energy technologies,1.0,high
wind power should be a primary focus of future energy supply,wind energy,wind energy projects,1.0,high
wind power should be a primary focus of future energy supply,wind energy,wind power,1.0,high
wind power should be a primary focus of future energy supply,wind energy,wind speed,0.9,high
wind power should be a primary focus of future energy supply,wind energy association,energy supply,0.9,high
wind power should be a primary focus of future energy supply,wind energy association,wind power,1.0,high
wind power should be a primary focus of future energy supply,wind energy policy,energy supply,0.7,high
wind power should be a primary focus of future energy supply,wind energy policy,wind power,1.0,high
wind power should be a primary focus of future energy supply,wind energy projects,energy supply,1.0,high
wind power should be a primary focus of future energy supply,wind energy projects,wind power,1.0,high
wind power should be a primary focus of future energy supply,wind farm,capacity credit,0.7,high
wind power should be a primary focus of future energy supply,wind farm,electrical,0.6,medium
wind power should be a primary focus of future energy supply,wind farm,energy supply,1.0,high
wind power should be a primary focus of future energy supply,wind farm,fossil,0.2,low
wind power should be a primary focus of future energy supply,wind farm,wind energy policy,1.0,high
wind power should be a primary focus of future energy supply,wind farm,wind power,1.0,high
wind power should be a primary focus of future energy supply,wind power,capacity credit,0.5,medium
wind power should be a primary focus of future energy supply,wind power,electrical,0.8,high
wind power should be a primary focus of future energy supply,wind power,electricity generation,1.0,high
wind power should be a primary focus of future energy supply,wind power,energy supply,1.0,high
wind power should be a primary focus of future energy supply,wind power,national grid,0.5,medium
wind power should be a primary focus of future energy supply,wind power,wind power,1.0,high
wind power should be a primary focus of future energy supply,wind power capacity,capacity credit,0.9,high
wind power should be a primary focus of future energy supply,wind power capacity,electrical,0.8,high
wind power should be a primary focus of future energy supply,wind power capacity,energy supply,0.9,high
wind power should be a primary focus of future energy supply,wind power capacity,generating,0.4,medium
wind power should be a primary focus of future energy supply,wind power capacity,installed capacity,0.9,high
wind power should be a primary focus of future energy supply,wind power capacity,operations and maintenance,0.1,low
wind power should be a primary focus of future energy supply,wind power capacity,plant,0.2,low
wind power should be a primary focus of future energy supply,wind power capacity,plants,0.2,low
wind power should be a primary focus of future energy supply,wind power capacity,wind energy policy,0.9,high
wind power should be a primary focus of future energy supply,wind power capacity,wind power,1.0,high
wind power should be a primary focus of future energy supply,wind project,energy supply,0.7,high
wind power should be a primary focus of future energy supply,wind project,fossil,0.1,low
wind power should be a primary focus of future energy supply,wind project,largest wind farm,0.8,high
wind power should be a primary focus of future energy supply,wind project,national grid,0.4,medium
wind power should be a primary focus of future energy supply,wind project,plants,0.4,medium
wind power should be a primary focus of future energy supply,wind project,projects,0.9,high
wind power should be a primary focus of future energy supply,wind project,wind power,1.0,high
wind power should be a primary focus of future energy supply,wind speed,energy supply,0.4,medium
wind power should be a primary focus of future energy supply,wind speed,wind power,1.0,high
wind power should be a primary focus of future energy supply,wind turbine,capacity credit,0.3,low
wind power should be a primary focus of future energy supply,wind turbine,energy supply,1.0,high
wind power should be a primary focus of future energy supply,wind turbine,fossil,0.2,low
wind power should be a primary focus of future energy supply,wind turbine,generating,0.6,medium
wind power should be a primary focus of future energy supply,wind turbine,wind energy association,0.9,high
wind power should be a primary focus of future energy supply,wind turbine,wind energy projects,1.0,high
wind power should be a primary focus of future energy supply,wind turbine,wind power,1.0,high
wind power should be a primary focus of future energy supply,wind turbine,wind speed,0.9,high
wind power should be a primary focus of future energy supply,wind turbines,electricity production,0.9,high
wind power should be a primary focus of future energy supply,wind turbines,energy supply,1.0,high
wind power should be a primary focus of future energy supply,wind turbines,national grid,0.3,low
wind power should be a primary focus of future energy supply,wind turbines,renewable electricity,0.9,high
wind power should be a primary focus of future energy supply,wind turbines,wind power,1.0,high
year round schooling should be introduced,attend year round,day,0.0,low
year round schooling should be introduced,attend year round,week in september,0.0,low
year round schooling should be introduced,attend year round,year round schooling,1.0,high
year round schooling should be introduced,august,year round schooling,0.3,low
year round schooling should be introduced,beans and rice,single track,0.0,low
year round schooling should be introduced,beans and rice,year round schooling,0.0,low
year round schooling should be introduced,break,labor day,0.4,medium
year round schooling should be introduced,break,year round schooling,0.9,high
year round schooling should be introduced,break lasts,year round schooling,0.5,medium
year round schooling should be introduced,breaks,year round schooling,0.7,high
year round schooling should be introduced,children,year round schooling,0.8,high
year round schooling should be introduced,christmas and easter,year round schooling,0.4,medium
year round schooling should be introduced,christmas holiday,year round schooling,0.4,medium
year round schooling should be introduced,classical education,day,0.0,low
year round schooling should be introduced,classical education,school activities,0.8,high
year round schooling should be introduced,classical education,year round schooling,0.7,high
year round schooling should be introduced,day,year round schooling,0.0,low
year round schooling should be introduced,early,year round schooling,0.0,low
year round schooling should be introduced,early july,easter holidays,0.0,low
year round schooling should be introduced,early july,half term,0.1,low
year round schooling should be introduced,early july,mid september,0.2,low
year round schooling should be introduced,early july,starts,0.0,low
year round schooling should be introduced,early july,week of march,0.0,low
year round schooling should be introduced,early july,year round schooling,0.3,low
year round schooling should be introduced,early september,break lasts,0.4,medium
year round schooling should be introduced,early september,year round schooling,0.1,low
year round schooling should be introduced,easter holidays,year round schooling,0.3,low
year round schooling should be introduced,education,children,0.8,high
year round schooling should be introduced,education,year round schooling,1.0,high
year round schooling should be introduced,educational,year round schooling,0.8,high
year round schooling should be introduced,end,year round schooling,0.0,low
year round schooling should be introduced,end of june,day,0.0,low
year round schooling should be introduced,end of june,late july,0.3,low
year round schooling should be introduced,end of june,returning to school,0.1,low
year round schooling should be introduced,end of june,starts,0.0,low
year round schooling should be introduced,end of june,year round schooling,0.3,low
year round schooling should be introduced,end of october,year round schooling,0.0,low
year round schooling should be introduced,ends,year round schooling,0.1,low
year round schooling should be introduced,half term,year round schooling,0.3,low
year round schooling should be introduced,high school,year round schooling,0.8,high
year round schooling should be introduced,holidays,break lasts,0.6,medium
year round schooling should be introduced,holidays,mid september,0.1,low
year round schooling should be introduced,holidays,returning to school,0.7,high
year round schooling should be introduced,holidays,year round schooling,0.7,high
year round schooling should be introduced,july and august,year round schooling,0.4,medium
year round schooling should be introduced,june,educational,0.0,low
year round schooling should be introduced,june,end of october,0.1,low
year round schooling should be introduced,june,starts,0.0,low
year round schooling should be introduced,june,year round schooling,0.4,medium
year round schooling should be introduced,labor day,year round schooling,0.0,low
year round schooling should be introduced,late,year round schooling,0.0,low
year round schooling should be introduced,late july,year round schooling,0.3,low
year round schooling should be introduced,march or april,single track,0.0,low
year round schooling should be introduced,march or april,year round schooling,0.1,low
year round schooling should be introduced,mid june,august,0.1,low
year round schooling should be introduced,mid june,easter holidays,0.0,low
year round schooling should be introduced,mid june,week in september,0.0,low
year round schooling should be introduced,mid june,year round schooling,0.2,low
year round schooling should be introduced,mid september,year round schooling,0.0,low
year round schooling should be introduced,returning to school,year round schooling,0.7,high
year round schooling should be introduced,school,school activities,1.0,high
year round schooling should be introduced,school,year round schooling,1.0,high
year round schooling should be introduced,school activities,year round schooling,0.4,medium
year round schooling should be introduced,school holidays,late july,0.4,medium
year round schooling should be introduced,school holidays,year round schooling,0.8,high
year round schooling should be introduced,school programs,easter holidays,0.0,low
year round schooling should be introduced,school programs,ends,0.0,low
year round schooling should be introduced,school programs,year round schooling,0.9,high
year round schooling should be introduced,school year,year round schooling,1.0,high
year round schooling should be introduced,schools,returning to school,0.9,high
year round schooling should be introduced,schools,year round schooling,1.0,high
year round schooling should be introduced,single track,year round schooling,0.2,low
year round schooling should be introduced,starts,year round schooling,0.1,low
year round schooling should be introduced,students,ends,0.0,low
year round schooling should be introduced,students,year round schooling,0.9,high
year round schooling should be introduced,summer,week in september,0.0,low
year round schooling should be introduced,summer,year round schooling,1.0,high
year round schooling should be introduced,summer holidays,break lasts,0.6,medium
year round schooling should be introduced,summer holidays,early,0.0,low
year round schooling should be introduced,summer holidays,starts,0.1,low
year round schooling should be introduced,summer holidays,year round schooling,1.0,high
year round schooling should be introduced,summer holidays start,august,0.3,low
year round schooling should be introduced,summer holidays start,end of october,0.0,low
year round schooling should be introduced,summer holidays start,july and august,0.8,high
year round schooling should be introduced,summer holidays start,year round schooling,0.7,high
year round schooling should be introduced,summer learning loss,august,0.6,medium
year round schooling should be introduced,summer learning loss,christmas holiday,0.1,low
year round schooling should be introduced,summer learning loss,school activities,0.4,medium
year round schooling should be introduced,summer learning loss,year round schooling,1.0,high
year round schooling should be introduced,summer vacation,august,0.9,high
year round schooling should be introduced,summer vacation,half term,0.4,medium
year round schooling should be introduced,summer vacation,returning to school,0.9,high
year round schooling should be introduced,summer vacation,year round schooling,1.0,high
year round schooling should be introduced,summer vacation lasts,half term,0.1,low
year round schooling should be introduced,summer vacation lasts,school activities,0.0,low
year round schooling should be introduced,summer vacation lasts,year round schooling,0.7,high
year round schooling should be introduced,summer vacation starts,early,0.2,low
year round schooling should be introduced,summer vacation starts,end of october,0.0,low
year round schooling should be introduced,summer vacation starts,ends,0.4,medium
year round schooling should be introduced,summer vacation starts,year round schooling,0.7,high
year round schooling should be introduced,week,end,0.0,low
year round schooling should be introduced,week,year round schooling,0.2,low
year round schooling should be introduced,week in september,year round schooling,0.0,low
year round schooling should be introduced,week of june,breaks,0.0,low
year round schooling should be introduced,week of june,half term,0.0,low
year round schooling should be introduced,week of june,year round schooling,0.0,low
year round schooling should be introduced,week of march,year round schooling,0.0,low
year round schooling should be introduced,week of september,day,0.0,low
year round schooling should be introduced,week of september,returning to school,0.3,low
year round schooling should be introduced,week of september,year round schooling,0.0,low
year round schooling should be introduced,weeks,labor day,0.0,low
year round schooling should be introduced,weeks,mid september,0.0,low
year round schooling should be introduced,weeks,returning to school,0.0,low
year round schooling should be introduced,weeks,year round schooling,0.3,low
year round schooling should be introduced,year round,children,0.1,low
year round schooling should be introduced,year round,year round schooling,1.0,high
